unique_id,pred
bd6ec4fa2468267351603051d0e66732,-0.21435546875
49c7dea440dee0f8fe8e61c99e0bdb8c,-0.145751953125
0aef12ab3614c392cc2e6d2583261495,-0.1275634765625
529c9333b1a46a604c7bce7808f32c6d,-0.1348876953125
64a0224a760b2d03ba6f7b6342f4aef7,-0.103515625
053468049cc1b095e3d399fbf9f20dea,-0.1419677734375
a8c64439fe8b41b8e5612b8b061db346,-0.189697265625
96ac110584fb03b460fbc15166fe8933,-0.1536865234375
1903d12b515020b21d49cba17cfbe979,-0.279052734375
9b0f614c0625763c745dbb3337687cbe,-0.2335205078125
40f39287ef210398a0df274d8c25595f,-0.229248046875
91573df27caa6aaf685fb36348a73329,-0.198486328125
87b3ce068297c64516cc5a8718f0ec9a,-0.2080078125
bafda61ff1956f2cdfae59c4787cefeb,-0.19287109375
8a5437fec92f7a458e883fcb80f61680,-0.186767578125
ebe17d43d400c9cb5ecccb733d6c7fca,-0.1461181640625
3648aabffd34035be07ed8ea709c5356,-0.30126953125
9c14aea3ff9958b9971ae816b6b3b5e2,-0.22265625
7eb6a52a9907ca3e2e9b895817afcde8,-0.221435546875
e5ce0a94589639ab1250ec728c17be4f,-0.212890625
16c8a74d783171391e6bd5550cdcaba8,-0.2186279296875
8aa6e03928de840a5f9c93068d1101ec,-0.1964111328125
38c24259d741be324a5a6294fd3068b9,-0.1981201171875
f28b85c1bd5e5736a4fa54510375a85a,-0.1903076171875
d691f6b1fa11300e19fdced8f39a782e,-0.2054443359375
3c7cfa48458baee8aefe80954026f7c8,-0.2337646484375
2945d016b29a072acdf4fd019e9a2d00,-0.25537109375
938bc6bf98b7ca4ec7890bc81e1f1419,-0.26513671875
bafda61ff1956f2cdfae59c4787cefeb,-0.19287109375
1234ce55b00844bf9d9206bd8d114ff9,-0.141845703125
ce63ecd0ea786b165c08fb743445cfed,-0.1812744140625
ebdf17b6dacd1c573c25626b98e77098,-0.24658203125
e5dacaf7deac4b89eb023f7eef57f596,-0.1966552734375
93be3d9b43fbada60f82977ab4d455fb,-0.21875
9770dc760a149bca29478e62b21a2df5,-0.14892578125
e725ff660f55c2773bab88ad2d2a1d2b,-0.1748046875
e56be97fb769867f9d2f0dbbf5e86ea3,-0.271240234375
6d2d70c2ae4bf1ee7c7c7fe2934d39bd,-0.259033203125
dd6b4c87e3730f2538eaee23eebe0951,-0.23095703125
73778cee0c391e91a56db944df3e37a8,-0.241455078125
1cd409b7bcbe8c0d111f7c668fe5d002,-0.39794921875
02633b0ca62c653a0e540fefe6c45158,-0.291748046875
43d32779d9dc9ba7dbc91b5b3474265b,-0.140625
76dc62cce54ee6200750b1e4325838f8,-0.11053466796875
bafda61ff1956f2cdfae59c4787cefeb,-0.19287109375
fa1853fcfcc9df5d2a17318da3d10136,-0.204345703125
9e712809b5c3c60706dc7065d079ac16,-0.217529296875
d3545385112d70f685bc4d572d5a850a,-0.2529296875
6ac89f0e8adc70de17a04ca6cddbda18,-0.4951171875
78fb5400739f7e278745a0a451818ad6,-0.35693359375
dbdb9023c35715f011197d39bda053c1,-0.471435546875
3ceb72fb2eb2a7d2a1b235e1ddc178dd,-0.300048828125
54422648a2fc9a757fccb6a605fd1f39,-0.3837890625
ac084e36a57dff675c75fa8bb1c6ca71,-0.221923828125
647b4d65c1465693a4ea1a9b79a92dcf,-0.36181640625
bad195e08a896f2ec7495680bddce1a0,-0.276611328125
2646523c433ed15e4a4dd6ab77787c5f,-0.359375
7ee6f6848b58b54d1300dbf5aa76d97a,-0.373291015625
5ea4c91a9a655aea05786e78c35eef12,-0.36181640625
5bec5722304163c477ae1617d21b6079,-0.28857421875
f856efd2d3e0ffbf6180cee1af63d519,-0.1488037109375
71bb91a88ed2ed004a6263fc12aeffdf,-0.10595703125
9550a52a150f6d66939493e03c8e1779,-0.13671875
02b759bba4121f9e2b8323a368f78d83,-0.13134765625
fb0fb1ede7e8edd7d2279cd9ab7d0c0a,-0.1368408203125
d6f8bfb395ad2f7f0b9d06c30f2e2f6e,-0.1690673828125
f4a702f0b6159877a519da820ab310dd,-0.1903076171875
5c74d0abab125382b089660f4bacd25d,-0.1539306640625
2004d0a4c3862fc922e16dff8187f2a1,-0.1326904296875
51d34ab4eee6ef4df5c46ea859310d8d,-0.129150390625
2786b32315a65e3030eb55a38c57f812,-0.08935546875
711907daa251f12c08a6ca86bba3435c,-0.154052734375
c4eaa0d2b29bc6b71d769bbe82a0957d,-0.12451171875
65a50be5f05c61b0f4a4623ae568cf24,-0.1336669921875
937a792f526ea4ecc03be787862ddca7,-0.1583251953125
bafda61ff1956f2cdfae59c4787cefeb,-0.19287109375
d50d2d2da3b8f52c80ea6d31d8617d89,-0.1668701171875
af0611c1ad76582352593d9314d149fb,-0.2025146484375
5ec141139e146cc413391b9094ea3988,-0.1629638671875
06bed40fe90dd4c09bd35825ad73a20b,-0.1641845703125
6f64cf9c74096783978d0ce8726815c6,-0.220703125
65e52badfd80cc0fd1ebb8ad9e52809d,-0.12078857421875
a2e45316e88b70a67f53dde1b0715131,-0.1627197265625
8a828ea95dd2a79464e5d4e8b2588948,-0.1588134765625
ccb9c18a187f094dc294e7755f6dfdf7,-0.154541015625
52ff87a3a88ff1a4069744ff0eb45ed0,-0.221435546875
13462511fc69f3c20538af01fa1b4142,-0.3076171875
7eceadaf0be754fbd23903aac9d0cca9,-0.2413330078125
1f8b509e48fab416226dd173cda80260,-0.2457275390625
33c76ac1a541a37b66bda1a74fb32500,-0.196044921875
027b09ec23e1d11f19d3776cbb1dd4e5,-0.1876220703125
1b8ea9235aec6b4ad97d1ddd7c9bdc6d,-0.122314453125
52e2d249f168d9afe8d1408c8b6bbdc9,-0.1513671875
aa2f11495be00a24e10fb80a4ae762fd,-0.146484375
adf03a5c9c61df8f9c0f438be8fe3331,-0.16552734375
c9174ccc2dd7dbca42973c24194e7aef,-0.1552734375
6721b93c4809724bac161049d7a93256,-0.2139892578125
eca09f7f7b47e6a632e0f2a860a6955b,-0.3203125
a86cb54ae244fad5ee5ee7a3b81445fc,-0.1971435546875
bafda61ff1956f2cdfae59c4787cefeb,-0.19287109375
c543a0fa87b30046de29d9fff7b30b45,-0.66845703125
46fdb4f612ff96e642b437c06c210933,-0.431396484375
0218f2508bb7e27a581028bb0f8b5c21,-0.3154296875
80c78185077ca86a2341ff0c5c1e829c,-0.1759033203125
654619535378c8889651f67cab5ce2a5,-0.2056884765625
bafda61ff1956f2cdfae59c4787cefeb,-0.19287109375
6af3b2c2f356281afd726aa46e5df950,-0.32763671875
83384cd72f0e99f627594360fdd03462,-0.295166015625
0c304e33ebec075d68fd7372cadfa40a,-0.71435546875
ab1fe71dd753ec8d2b15ea2545ff0755,-0.7802734375
7688ddeee76912451fc22ff866084ca6,-0.75537109375
aeacd78131bbffbaf431f6a757dda074,-0.7509765625
3466fec9ad4df160dd86f940101aa915,-0.69384765625
0f26cf7d74afeb51838cdf1721f15173,-0.2607421875
ca7c12b1b14c6a96fbbed855fe445618,-0.7177734375
004f4d942b5477392b6e42028af532a2,-0.5537109375
adcbfff92a494a1f216f178f2f6f8574,-0.5224609375
08e7aedbaaf4fadb9cb6afafb4590541,-0.84130859375
6665878b7536f12fbcc8f0dada584029,-0.58203125
bf1500032d356b4ffe7f45851f445926,-0.763671875
80a198c1fa2eb1d9acec535db98e9b0f,-0.299560546875
c6c67e011ece9b2436c0140bf00cafd7,-0.1473388671875
8b809e219675797ef2ac505aab82a03a,-0.1427001953125
824522350217764fec1222b321948690,-0.1640625
930c14e810f5f10bd7ca3ba950298d29,-0.1407470703125
2deb4ecf1b2f5225de6ef1502d0d57a7,-0.2149658203125
7e35c88679c2bd1432d1a054145813e5,-0.27587890625
e7bb1bf78de26d91105a2f9d467ca239,-0.139404296875
edde538e80d89917fa40f2431a175e9c,-0.580078125
a0ea6294181b7700ecbd2f1f48abc2d5,-0.344970703125
053d076ee54922ba0884e7cd3a7a7da0,-0.33056640625
bafda61ff1956f2cdfae59c4787cefeb,-0.19287109375
f9c180fba43da8647729ada97ee9ee67,-0.192138671875
2188aaa24a27d91cd79d986d3928136c,-0.18359375
dfe5f23afcd5a8166ac34413fb831506,-0.2218017578125
635f12e53c2ce5e5383b0173ade53545,-0.21240234375
d16caaff1158057209b47e55dd4e3a9e,-0.2138671875
b3e34ab83b1b9a542ddd73daf545259f,-0.57958984375
8a3e29648c47df629b0e7db89bbafb07,-0.2169189453125
383dfc973a9fd4539b2cec4ae1ad32b7,-0.0869140625
b2015e97d43be54fa402115177d71403,-0.2386474609375
602dc216a1ee1bdfd150935fdf479062,-0.135498046875
e8f057435616d42dc6bbbf65b600ce35,-0.1890869140625
6b30b7f95452a85e4583d81298adfad5,-0.1231689453125
e84222ddccc549e6eaa0931c9a28c1fc,-0.1527099609375
0120ebd8a0e541d251f34101350ef29f,-0.199951171875
e48e63a66871267f3e43e4569548f79d,-0.244873046875
0a843dec33024aa3c3cf3280d7bce834,-0.1719970703125
6d035864ec1724adeabc74376aea5134,-0.1552734375
ffd5daf8370eff8ee2a0b5da7abcf027,-0.107177734375
bafda61ff1956f2cdfae59c4787cefeb,-0.19287109375
ba0f09f845ccc343b11f93741ec24382,-0.156982421875
e5df9703ff168fc31f2de06d0340acf6,-0.10687255859375
b8ea7347ebb90d50b457ee685671b7b6,-0.1390380859375
b4a67e4dc21f2c5430b8a3c58fb0c62b,-0.164306640625
31f4f8d3ea7631369c8cb4d8f147564a,-0.1790771484375
8101d3f354243a297369fc39d2afc4fa,-0.15966796875
20b2f54033c64303a3cb8ef3511e36a2,-0.68115234375
64ff40914da4a7ab768859dd424bfa03,-0.144775390625
5e3dde8d55edab821b62b2e5316f9488,-0.126220703125
82458018d42a34150ae4c536b6ee0d6d,-0.268798828125
65128e5f0ab9f225dfa0d02a7a56fc74,-0.099853515625
db1a8dd50a1dff23b4b90698278edef4,-0.1806640625
dcda6607e40e60a43e82b3b5ddabb712,-0.11199951171875
7fe200bd5261a4bc25da57f34c429f33,-0.1563720703125
825c9b7a8066cda291c16ca2b3fff54b,-0.205810546875
d285240f1bb3df4f7182ae8123bd0d5d,-0.25439453125
ce9cfd6c2821eee14f2a9498cf201e7d,-0.267822265625
bafda61ff1956f2cdfae59c4787cefeb,-0.19287109375
f764745d4ef6bdc1b3fbc5f4c9494662,-0.1689453125
a5cb83e26c5fc36bbaa8cb192b54cada,-0.0814208984375
c691491593eca95f6a81252513b8e703,-0.2486572265625
396e7032e916396003bbbfe3531cf021,-0.1005859375
28960ade9dbafb2a2717adf5cb5a62a8,-0.1434326171875
b37e245537f7a07f71f491a59f3cf1ea,-0.1583251953125
bdf221d8c1b04f277d92500fabbe6473,-0.18994140625
4d45874e719cce356b11455323460d0b,-0.173583984375
a663d5f5fd7a904aa58cb8d135f3ce80,-0.79150390625
fdf856be50a21eeb73513840835e3909,-0.197021484375
7c89bb37a0c0d388d9467f2cd3d7047a,-0.2159423828125
7beee6e213a3a800793fd2ab8e5d268d,-0.9287109375
92ac9515bc0db00210f24ecee3ef3bbe,-0.5107421875
580282fe44f34eeed8cef17d203ecce8,-0.30615234375
bafda61ff1956f2cdfae59c4787cefeb,-0.19287109375
c13d7c6ddb7d7184757321825945a8b8,-0.290771484375
1dd24cf58e32d1a8459099b455f7df8e,-0.345703125
ebe52d48a89c0e41ddc8de9c11ab136a,-0.68701171875
d65fe80200bad4723243b847a15dbcb1,-0.73388671875
5871443c5f8532009e9bf7f83c5391b8,-1.0693359375
c64acd372b6f27e52859b4050bb1a0de,-0.99169921875
ce5650da83bc457c0f558734212d1c29,-1.2099609375
c492b69eef9547c7a05119bdf11eee13,-1.12109375
234f5b1bff75da9c80eca17b332ee37f,-0.98828125
7a21617d96bbd3e150b6fc5a19d65651,-0.1981201171875
427fda0a141cd36936fd96b4df27b390,-0.78857421875
37e7e7ec11b0bbf1543c3842749af4f5,-0.63134765625
237a70de25712ea7d1f73d7ca17d88d1,-0.461181640625
5ebae2618221b64cf6fdcdf6416bdce7,-1.154296875
b957bacb79eb09b8425a785b9662b209,-1.0517578125
1c8591f1e7a9fccb8379279519e814a6,-1.1748046875
33984d1d31f51cdfc2c472a96b7aa78a,-0.380615234375
33838e24d78731bfdab6bdb8f7bd495d,-0.1707763671875
7e4254b4a05af3c7e69abec4490e99f4,-0.15771484375
55fcaff74d0b4ebbf9216ec30f115d9f,-0.1259765625
91e117d552f890ef296c9e470d82c3b9,-0.0975341796875
495e0821d0fcd89f6ef1d769f7d70cb9,-0.2445068359375
5b2dd385a833bec5542e7c195aba75af,-0.298828125
fcbe78e396f239c8dec552751baa8d24,-0.206787109375
c760f44a09fa32b1204120913e13038d,-0.57666015625
8cbc2127cbcb9d6dc6e0286eddb7f315,-0.412109375
adf8f6a923ed970c2b6bfdae6d60aacd,-0.241455078125
bafda61ff1956f2cdfae59c4787cefeb,-0.19287109375
e5eca61854e957ec9ab8da372cfcab36,-0.158203125
117c85d3113d61ca684219d0dffd4f6e,-0.177734375
775099f22762446d4b302845cd8cb4c7,-0.248291015625
0050ed4afe6a649cff1ceeccecd4a1b7,-0.1959228515625
3260cb82b59b4206c68515152ab60547,-0.2017822265625
a102fbba182240fbe2e20a804162b63b,-0.84521484375
8cfa22cea0d2c278fcfb752ebce0ffec,-0.275146484375
9144692e6a6ac6b0c735ca6a1c76a9a7,-0.10369873046875
099477e65e6c567e8e3d518ea6325e64,-0.28125
bafda61ff1956f2cdfae59c4787cefeb,-0.19287109375
663add826f87a37292965a5fc2a37153,-0.177490234375
ba58699a32878b58d79925348a7ffeb6,-0.163330078125
a3ba63c8cdec40a5d06a8710aa7c517e,-0.14453125
a604dda65b580e10c002dd6dff93eec0,-0.1715087890625
4838f38a9f372d115e441b6add47bcc9,-0.2088623046875
724c65af252cb0a4f9b5bc63dce0fef6,-0.13671875
53699c6f92326ce0766dd9e27818df71,-0.312744140625
866c8c7b4995513e01b07e764ceeeab8,-0.1915283203125
d9f0edef24cdbd411a169e5c7345379e,-0.2069091796875
2da488fb2caa02892e9fca596eebea2a,-0.12176513671875
0eecc49776db091d72b4437c2b9b2e4c,-0.1444091796875
a162444c7763baf809bf2f08ec304604,-0.1756591796875
dbede7a7a07dbe3b9fafd3d1d7365b5e,-0.2147216796875
bda309027b548cfee58db40b1eb660ce,-0.1622314453125
c13e33fd38fdf4ea650c73678b0ffd18,-0.175537109375
7d5aa6369b23f48279c8021e0d8544ee,-0.5927734375
c6d2af67a7d93ae00ac3dbf25bba53b8,-0.1654052734375
cdcacdc71961f122b7944ac4567ce03d,-0.08709716796875
6b9a466e4b7fe3799301dbbfc835b161,-0.6328125
48ebd17a8d5cdddd10e2ea3a4c4bee95,-0.347900390625
b064f0c4d689f57bc9f8c496a622bd81,-0.1856689453125
f837fac269ac9051d96bee7294929c0b,-0.0555419921875
fc9c4a091e26dae10601825a08d35996,-0.09991455078125
95c3e0c188f4823e8769588fb2af61fb,-0.10870361328125
a30d51fe89fbcc207a98b5404c416637,-0.27685546875
6fa283815ce346e113ccf5d2b66553c3,-0.0738525390625
b82d4d82afd783e3ef0b74b34104e076,-0.5458984375
e058a33e129cd1ddb8bc595a5d5ca7fc,-0.40478515625
0145872695158f95ce93c267fc306561,-0.2900390625
6c23dd52e22b402a25f9c44fa3e0cc44,-0.466796875
fdcc34fa935ca78e5f9d184cb9204d29,-0.233642578125
bbd671ff0c16a66ab70cc4ebdcc845a4,-0.12274169921875
82a4f7288361cb8fd5a927c7ca1df96c,-0.427734375
2ca2c531054ee399bf1fea056bd8f991,-0.2440185546875
f8b4da7317329c933070d3d59e2bb4ef,-0.2216796875
8dacc8390963413d20b99fa367b5eefc,-1.0849609375
bafda61ff1956f2cdfae59c4787cefeb,-0.19287109375
159c9ea09c0ef42cbc1176e5b904cce5,-0.5615234375
034b7872affaa41ff8e40aed4a8adb2b,-1.0029296875
d81f02922d1fc5e52daf871c3c508f73,-0.7890625
2b4de27c67a74ec68007e7df554b8e98,-0.52001953125
bafda61ff1956f2cdfae59c4787cefeb,-0.19287109375
4bf7dfc22e92c9acde9a0dc9a1e9becc,-0.30078125
a2e6cab9cf6ab3315b15cc155e597e58,-0.34130859375
22d82197f2266d740b4db7f14ebaab0e,-0.7431640625
d52f10760ded966d9375c33064809f1d,-0.80126953125
a2f3a21606acf9bdbe1faa1a59a40d17,-1.2421875
2c482969a7300e33a5959910fa113c27,-1.1015625
9a3ced6b6d2f729d21080a92523386cd,-1.2119140625
cd56f1bb29ec7f1c7243edbc5979aba1,-1.35546875
b7ee233c0920c8b9225ae0c8815b7e0d,-1.0595703125
9e3047459905741a76a01ce1b63bd396,-0.30126953125
ee5f4aff52ae5173e26204dc12ec5436,-1.0751953125
2ffcd3e1a35fe1989456e32ec14f232f,-0.8232421875
1ea9ca0618935b5cad09200fec10bd00,-0.615234375
9c1637c63b409868c261fdde4d160d61,-1.330078125
76a9ac223823f307ee7e27675d8c7a9d,-1.0830078125
5b8b22d8b7a5f3d586c6f4028f6f859e,-1.275390625
c4cc2c18975094dec2443092d87dcad6,-0.35888671875
df0fb8b84f661a231cf79ab4a981b3c8,-0.19140625
a068ed6432d19cebd454e622f99555ce,-0.1468505859375
e26f6ae755836551a3818d0c46db15b6,-0.083984375
80fc5105b6c50d30aedb47fd9b86d09b,-0.1177978515625
cf2e4c3cf9f9736961e87450b014fa8d,-0.20849609375
50ab1c3e445c29a6efa1163da6f84abd,-0.292236328125
f777878564d637b0fcab4b97627f55c9,-0.1982421875
93aabcf2fce70bfae95465ef78c9557d,-0.2164306640625
6f8b6cdbb515454c358c5032137993f8,-0.1981201171875
bafda61ff1956f2cdfae59c4787cefeb,-0.19287109375
ffa5da47319d73f70a2060cca88c5aaa,-0.2244873046875
4e29d11e79f5e90f11f69bdea6778bf8,-0.132080078125
a57198caa2d618a5617dda032c00fac4,-0.11114501953125
82eb6e72ea40f57cc5028ceebeea12f1,-0.2080078125
05338e969dba61bdc405019e4a3f3c0f,-0.1668701171875
b070c5bfce54eabffda04b62d506dbfc,-0.208984375
6b21e6c2d7527bdc94d8f2def2d2272c,-0.99658203125
85b004604b33f293344d53a8c42a3cc5,-0.2152099609375
0a234448ec865a2a1c480cb58ebf74f6,-0.19873046875
d66bbd25e8102c67a7f94cc07f57edce,-0.2476806640625
2c32d46c14e7835d13fb20bd25e3e771,-0.138916015625
297fa5f70d9563f7af921ab435a4d537,-0.252197265625
8df169fbd9f86a043b92a4b9c2090ec6,-0.20361328125
bc222ef2dacdc5354f2193b8617bc421,-0.272705078125
516475d035a185676743e4f96852d170,-0.2425537109375
8690c59042f3459491084dea58a54c62,-0.29931640625
5c2727ea2eaec540d90dbf9b38e28722,-0.2039794921875
35ce61c626c11a247b41a232cb2a9c20,-0.203857421875
f16b561c55d112ddbbf96d4ce0fe1442,-0.09039306640625
bafda61ff1956f2cdfae59c4787cefeb,-0.19287109375
32f097600cf9ff2c16bd8da54b02b7fc,-0.1829833984375
6ac66028e3d227fc0c7ec1bca6610c66,-0.12060546875
b8b5c4da46a9f897ab418d628362e221,-0.20849609375
2030df1dc2b16433a745a0b21a79dd13,-0.139404296875
4e69f34c6c21974e1b335c414046bfdc,-0.131103515625
a7177c38310f28c82540fdd8a7ad2d9e,-0.186279296875
23e6240741799bbb9d5899c8b8d0a56f,-0.87060546875
4b1d67ef7fd6ce9278b51f65a235b034,-0.1585693359375
71064e69af3a2f0cd36bdf19620089d7,-0.1519775390625
cd221bac1f22d21a0e72a63d3cd78343,-0.376953125
ae87ca5c09ed36acdc6acf79e153395f,-0.1640625
7e8581eee3ed21b0a5eefc9f49f6d54d,-0.07550048828125
d9f11c0a1cdfbdd33608dedd422b35da,-0.23095703125
7276fa3c7f2f5cead102ecb0508fb35b,-0.14892578125
d882aaab191d4f1844dbd544b740025a,-0.20458984375
5428400e61aa3bacec12bb944d7245e9,-0.337158203125
683f8220119aa24503ffdecf461508dd,-0.188720703125
7cdb0f383eceda42431c3385b2be67d6,-0.283447265625
6cd5911de14aa8c298a202deeb3a3cd9,-0.16064453125
4c0d3e2699c969ffc6ba9cf038e1d166,-0.2430419921875
bafda61ff1956f2cdfae59c4787cefeb,-0.19287109375
e41db86d45413313bd50266b695769d5,-0.20751953125
a347c01187bbf0f92f03a11728eab754,-0.267578125
5b836c29b3cc97f44ec1088dc8d523b5,-0.1781005859375
5e53b30f47908710532a3ed1348188ae,-0.09814453125
9329df1683928417277b51f9531653b5,-0.205322265625
be170c3a00387e57c20354d1c197c175,-0.91162109375
415758e4642163ccca442f99d3be9ab1,-0.1455078125
f5c3a75cffe8c88d12b170e7c273d885,-0.1796875
3fd683453b3ceddc94b22b3580c04c1e,-0.80859375
98a7b031fe8494d04da38d948ec1aa6e,-0.52392578125
572aedf3ac5b6e2647c0b8271d1a0a83,-0.224609375
1ced632bb43657cf91c61d7436eaf65d,-0.2919921875
bafda61ff1956f2cdfae59c4787cefeb,-0.19287109375
e80b50d6200119df71633ff956f2c4b0,-0.426513671875
92c62d780a0d512f3d341a7f71ef4312,-0.58935546875
46b5d0475feca9a0c2ffb55d61858c54,-0.58544921875
0a97c8600d357b249bd6fb7845d97524,-1.02734375
8236e853bfff74987bcf969cf01f3c61,-0.8935546875
c508a4511682214eb9e188e93d21ef46,-0.78515625
219892b2492fc987a4bc44d04b304e73,-0.97265625
9227e197d8a8fb4a63286a1175bb973b,-0.68798828125
5296e1b2770d416b13490e853e053233,-0.281494140625
cbabed7b9b2699796dd28fcfaeebec2f,-0.68505859375
f2b7a2fc1bb3c0408f00bdbe9a248a81,-0.533203125
42828deb08b0b55997b654f9ff0fbb90,-0.467041015625
6621c53f7710d53fab88d0361516b76a,-1.24609375
7acd6d4f21c5794c22c6395e3e71c911,-0.7998046875
c0d6b4ca935461e63f15c77e0dd45fc7,-0.92236328125
700c6a9b96031a260d4f416c7840521d,-0.69677734375
2a0a7e129f5c877f9fae8f4fdb5e3bbd,-0.490234375
f697ca99e5c23e168f2411d856cc12ad,-0.22265625
30b1829d42858b39e4d55db8f24d5d4f,-0.19140625
bafda61ff1956f2cdfae59c4787cefeb,-0.19287109375
2b47bc45f355c9f5c5b91d5c0fe129f9,-0.30908203125
81b696891e528a3d0bd5615d48d8f640,-0.447998046875
3a6b335cedc1e3ccd9ee4846eb5ba619,-0.316650390625
bb2e06edc453f08180afaf87ba879a16,-0.82666015625
4b7fb0faf5c6d3934244f5e09e4d9621,-0.78564453125
e70e67e6a2b851dc1b347589a2d91622,-0.52392578125
c7fd677243e4a9700cb84e9d7d4ce302,-0.75927734375
c4dfe4b6e9da380dd589d13e0257bd1e,-0.6865234375
1df2fef54ff0c3784bbd22b5031d6d4c,-0.312744140625
d9a732dc29f2bd5934ee567549d1d63e,-0.7509765625
42a4dfc11a3f8cd2cf8e14d7ac0d6efc,-0.53564453125
77213574bf43ad2f9bc21f4e5c12f37b,-0.548828125
3a5fdcbeb45bc3c6dc75030ce3b69683,-0.95263671875
50783c8a6c6eabc30a774a9dfe9918a7,-0.69287109375
42257d41f429e33a0da785e25579a13a,-0.74658203125
7e1f994a26cfc936d1a335b5ede5bd77,-0.412841796875
3f9de0194149a6690c89ecd72e1e6a65,-0.34033203125
be3ab207d5824bdadab603a41961e3c0,-0.354736328125
d04986d601589d3e561d7ea1e8b0a785,-0.40625
1d822535ef59322a1bfb9275e0ddb2ac,-0.374267578125
2d5bf7ceddde1ed8a978b55dc26b136d,-0.419921875
5e9e24adb0dc11201f659a2738f382f3,-0.428466796875
b90402409eb102bf092ffa4d76abf47c,-0.43359375
52cfa90dd09975d6dd7a9594cefdfebf,-0.3857421875
3f6f39d31e83b95e189349aa8850fe97,-0.372314453125
568e8f3b68da382074742418337b8c71,-0.353515625
4bf8fedc4a22292c7e455cc66339b63e,-0.384521484375
ed16d05fa146c1f1771b0b686aba3680,-0.407958984375
62b212eb98eebd3ec6752153ba34c31e,-0.427001953125
2c8a9aa81b487bc74bc86a8daea0aa89,-0.421142578125
a5415a53dbc42fc19c4623b85cb75935,-0.3896484375
3bc058ee5fafd031a80907ca3fd22f40,-0.3583984375
bafda61ff1956f2cdfae59c4787cefeb,-0.19287109375
f90f89abd1d5117e30a4582599213bec,-0.395263671875
0104cdf1cb1f3a7cf93c24f6149f5b75,-0.440673828125
834eb8896fafd083a3259cfce7b7a935,-0.7685546875
342d26172bf1aef081471a50c5b7fbfb,-0.51171875
de6e2e7a5847ceaceff29da39238a877,-0.361572265625
86dd83bd6ab19550319f5d202c424227,-0.355224609375
aaa9950b443a593e5bf9c455f6c92740,-0.263427734375
bafda61ff1956f2cdfae59c4787cefeb,-0.19287109375
edc7b30bdde50e4006e44b6619cf5433,-0.421630859375
e1350eafb6e46b5127bb43ed73d7e0ef,-0.359130859375
6edfd9b151594cf4fa1f1d6519ffc74e,-0.865234375
e571e95017f433ffe5f5cbed15617544,-0.763671875
a57ab014be45b1738c473e474e230529,-0.7890625
814c9a75c751b06e8679b825b2cbed7f,-0.62158203125
c17871ae6ca934cd0450798e59f2078f,-0.6376953125
4af260f9bb51f1bb6e6e29787939701d,-0.44482421875
79d79d9c26adb95f4358847716363ae0,-0.708984375
1e09fdf0430ea08509711c4ed6cdf93a,-0.484619140625
1a862d880b1499fb46c6ccf665bb73e9,-0.568359375
53860358ba3f3d81d35ca147db1d88f8,-0.923828125
af0e06b30bddfdf14d59b4f5335818cd,-0.5439453125
599de723700c075f367a6e4de87c0c84,-0.630859375
49c2716a7cc12db0775ee3a111063f43,-1.091796875
1a877cdb05fb44aeea03cd54131b2f02,-0.78955078125
3722daf8d1c9678246426d8c56877421,-0.6123046875
49150edd8a61d39d2dd30f45f8dd3150,-0.427978515625
90c991e252a6cc105cd2c91f91d4fdcc,-0.455810546875
5c709f25e43287d2b39ddfb9b1d6beeb,-0.445068359375
bafda61ff1956f2cdfae59c4787cefeb,-0.19287109375
e5f2af93e2abd672acf44a297a551d95,-0.53125
df9f6fb7f1c33f020a0218321dd8a635,-1.4091796875
227ed32c5aa63c0ddd408ed9f2f3aaf3,-1.1904296875
267fca1236917fc6c05f184bc7ca5f3f,-1.3427734375
1bc0cf168b72a8264d90fefcdfe2bb9d,-1.439453125
90c8740c9f7bdfa22124cd1c5921d343,-1.0732421875
2a27d9007899bb784a353c14d4a48653,-0.415771484375
bdedaf304fd1154ab94a6050278aa140,-1.1611328125
9947968e7ee62811514ca154d5244fe8,-0.9091796875
f769588ecc431c0b4ca717ea64a0f3a4,-0.83642578125
a96d6f2f6966ba93b58b20baf9a6adc8,-1.4326171875
a08163eda4f516d53a7d5be087166805,-1.083984375
8ee66eee91d5063a60ec51f0ce7340e6,-1.3505859375
376410259a5d34c42a3536fefe267938,-0.2044677734375
7df40dbe2a9225e39c88664a815fd02b,-0.0677490234375
683eb25e55a7ac8a19be334825935ac4,-0.290771484375
731422fc961f431d8bcccee9f0f6dcdd,-0.2044677734375
d3c7aa68b8f3e96010e2273f7eab0aa8,-0.19873046875
f1b188c94834f6b4a803434b83fbbf65,-0.3193359375
8ebf5e71bacb2eee46324648c1202cce,-0.36767578125
d42f532b9d36db9d712765beb6a2aa3d,-0.283935546875
6528776cb876aeb8dad8b775894c28ac,-0.12054443359375
073c28cdbbae778b7d6d48121ff3d12f,-0.166748046875
2777a4172b80389e336a3f7427c9ac1f,-0.0311126708984375
dc1ce908844d4b7f09e74667ec7c1c8d,-0.413330078125
bafda61ff1956f2cdfae59c4787cefeb,-0.19287109375
93536fbca8481f17a52d77f237f0fd7b,-0.12353515625
cec217e6b14a44d4b06f6c1e51cba89c,-0.077880859375
a6ec3924abdd5b234ddb351dbbe95950,-0.196533203125
07c5545e54b62d9a534e6bc803d018b4,-0.246337890625
63436ae5583cef5eb10cbcab2019ebf5,-1.044921875
6939b5ba6d6a4e311c3fd90ef4cf6ad7,-0.281494140625
7a2257a4ca373f63ecda5cb4def4d0ea,-0.358642578125
f5b250908c561926d5db498f5fd0d09d,-0.30224609375
fab446bee79e58534a455e22dd963318,-0.1368408203125
f2d0ab00467ad06264873d3f0fe69f2c,-0.2149658203125
77266997112cd93635502993a5cd32f7,-0.154296875
b022520b3304de4832161414782aad61,-0.1973876953125
4ff54fc81946ac3099e96d8527465fd3,-0.381591796875
5eea8ff7dacc0df1bc0c91f0ff702f87,-0.392822265625
398d47e28d73646f62e7a6716b6aa1a2,-0.37646484375
0e89b6132bf77df972501ecf55ea00c7,-0.398681640625
14efec1274ddbaed1a91595c6ae1809a,-0.25048828125
e26d9bb11d8c6e6370ee0589f1744a04,-0.305419921875
98893f43c64ed1733972e311cd67b240,-0.1180419921875
e7a639c839a96ffdc8a4284625061b6a,-0.159912109375
6c0e16faaf2f5ea06710aa226740674a,-0.1348876953125
bafda61ff1956f2cdfae59c4787cefeb,-0.19287109375
ebc7324eca8e569338d65fee6b4a0757,-0.1427001953125
c44fbeb536b957f1eaf56aa07d906b3b,-0.2275390625
9ec8c8578b287de419fd7f1cb59de62b,-0.63818359375
052a6c156fbacdb6853005c10e91c2a9,-0.274169921875
af43d0782674a60c73f94b9ecf10a6ed,-0.1103515625
b8f81939e99a5c5c2f1c77c6c4366351,-0.71923828125
568ee2aad2c72097ba05bcd34079e406,-0.488525390625
4b2e6485df1b14a0051a95dba27fea8e,-0.319580078125
bafda61ff1956f2cdfae59c4787cefeb,-0.19287109375
eae9f8a92bb62a2f78dd6e49f83882e6,-0.2376708984375
290b9268158d9994936018cd89c5d82c,-0.446044921875
51d9e2b19b79da56c39f0d52aac7f330,-0.61181640625
aed5b228fcf6a62a7f73aaad1e55114b,-0.546875
101ffe0166119a351bf981caa6f0f17a,-0.88525390625
29a2180b84ab0dc0ac023035ab16eeb0,-0.6630859375
50303868b6430227447a85e2a4ff2197,-0.841796875
0475beb40245cc3df6f37d939e760351,-0.61865234375
0ecf9b3fa96dce708168c2c1bbda9357,-0.5830078125
e030616e7f467d733b81a75f73b20394,-0.21435546875
aa6ac82d1e6af9e0012a71fc2b42ba06,-0.587890625
5efb12275699133fa6739152fdc37ce5,-0.541015625
b28ad5913721f294d804f96794b86909,-0.334228515625
c4b495cc13689b22d078a2cccb54d540,-0.91796875
c305a6c87d2971e874d7e9351d57c5ed,-0.58642578125
f487a36ec159233e08e1c7ea72629e0e,-0.64013671875
13daa1d60da064834e97b00bbc3312e2,-0.45751953125
ff250040d973508f1e80b2caf3733b28,-0.12347412109375
c065ac5efc8ed238c254b0a5954695cb,-0.1484375
848f3b1722cc775acf8f24176b0a01c3,-0.308837890625
53e3ec754175357610ab061d030408ea,-0.1802978515625
967efc8478d9eeab6b552452792e9de2,-0.431396484375
96204cf8224a88c41dc506a68cb88962,-0.363037109375
418a156bcd32d51c07a61e538fc0f279,-0.435546875
68b15387d5c7232d9884b67b38caae75,-0.63134765625
dd758a434e1a22e4ad4c7a10441a7f57,-0.4990234375
92afee169e6da41d787c3de90db7ba72,-0.33544921875
bafda61ff1956f2cdfae59c4787cefeb,-0.19287109375
c02fe4583fa56850b73b274fc475ca22,-0.19580078125
f3124916c48f2df2f53a66839173b008,-0.2509765625
e6ea363dbade374f876dfc7a4154abab,-0.2181396484375
1a4406a82fdff5774f757129503734ec,-0.2392578125
f7b2c886feee23f40f343202ba01931e,-0.27587890625
70240b9e330b7203753cac91965d51ee,-0.59619140625
17cd805ae068477707df91e2377cbb42,-0.3701171875
f51cb6b0836febcb08acf2159d9bb72e,-0.10784912109375
e56dca0cc57f31a0eefae87f2a44819f,-0.8125
27882bc8b813d250a2eceff5a2aa7e3a,-0.63427734375
5e68f0ef4356795cdc2bad39f22fbd25,-0.58203125
4b40920f82f2f3bd9f57e3d1ff0b8746,-0.79150390625
63fefa54016a95a1f169849f3ed1d27b,-0.6259765625
c9cbe825551f29794642a6b42795c3f4,-0.73583984375
25215db0adb08722a7d771db8a339557,-0.6630859375
2df94a9c1d9cf4faa650b00480d551df,-0.720703125
bafda61ff1956f2cdfae59c4787cefeb,-0.19287109375
a916e8be991a6940ee9bd0857382634f,-0.58056640625
2984c5aaa57c9b0b9ed0f5e7adaa8172,-0.50048828125
74fa2970aad0b0e111a5c2759ae88171,-0.56640625
bf8cd5449b93ba68a7bcdbb425b367a7,-0.685546875
77533e8fe36a0ff4634b9f2256ca190c,-0.6806640625
e3b74eec2c4ec43501b08b737aed1ec1,-0.6376953125
1c74f1f51d471a458674773d147ebe5d,-0.70849609375
4c5f24b4e84cf985987a00fd63c83c32,-0.59619140625
df756874f81516453db1ad63e4969eaf,-0.73388671875
9d1d369efd0c146dbf24c8513a336c0b,-0.7216796875
77da6842e4c1241115185c490c9a81ac,-0.76806640625
010416d9878b7a18cb8b53aae4b73308,-0.34619140625
056c32a53b549b2a1992818bd9db22ea,-0.2626953125
644c1adbf67d95f1b0b8bdcedc402a0f,-0.2366943359375
811032d68c9610b3c75bac1bf4211103,-0.31591796875
fff1a5dc029cfcd984bcf4109d6c6cdc,-0.26513671875
84ed2089b1b013f8f9d09e76548088c1,-0.278564453125
f043f8baa18ff1301528fd8fe88cf5dc,-0.297607421875
b6738e7e02cd9b2e7cd0057ccb8299c4,-0.253662109375
bafda61ff1956f2cdfae59c4787cefeb,-0.19287109375
5051082308ee574ffceeb7bcabf59cf3,-0.240234375
4a21e7ed9dff8c53d7b17ea028d295f7,-0.17822265625
81f3f44352cf0aae55dd56101b65de2a,-0.321044921875
eda9aef29d417d03167802ee47113600,-0.263671875
c9431da8055dd35c3060788da2811458,-0.31884765625
9c25cc0c18e2aab20f1017dc12c0a5a5,-0.2100830078125
9500cf2e787bfd8f5e79951d0931a939,-0.2008056640625
8de94af50b3ca0d4e5eeae3d97fa3cd9,-0.2484130859375
ab3dea865afe168c096e402b88c59561,-0.26416015625
186f8b7397be2aefca1c0a2df4fe3ab9,-0.2427978515625
a9414f2174f2ea002d36a6ea6b128095,-0.3359375
72e8c13e0939f6a80663516b17ea929f,-0.3349609375
facacf57766c6f8c81b3dc3ad3bef0ef,-0.2320556640625
3ced84f62e8a3d17aca83b7330c8e8f3,-0.204833984375
caed1e32c6d9dd27e424331c677378dd,-0.2724609375
a30586358368747b734c702d2eec9fce,-0.210205078125
5512bdfcef7708d356d5eb8c0732a480,-0.266845703125
114c4d1c93f999b605b15a63b0f909ba,-0.279052734375
3d2cb4aa7d0c8510cafa0f2ba59ac06a,-0.2410888671875
93ec29811c48ec9f1f09f71b026d5a6a,-0.2249755859375
3d1ee38f91f156655ef8520b531a4d0e,-0.281982421875
bafda61ff1956f2cdfae59c4787cefeb,-0.19287109375
14641cb96c01ea14678d23d54ee41287,-0.2152099609375
f7f1f2036881a6945a689930a9db44a8,-0.2171630859375
c7a9b4a8c3770979ece48eb2b83a02e5,-0.25244140625
54d62509c986c0311aee3b4a504ac789,-0.2744140625
5813f3eb9e1d1c0fd2f1e00f9d6abf4a,-0.2149658203125
021cb152f172eab42add8b9f25d873a2,-0.261474609375
c92e2b674c2e421ebdbaafafe17ab9aa,-0.52783203125
9ddb629d85e4b251f55574bf727f4597,-0.257568359375
0e127d9cf4115268642ade83d9ee6a15,-0.2509765625
3df6e2d87ec0a6e8d40772bfccdb4415,-0.4912109375
3ec448c31139b0b718909536f79e7232,-0.311767578125
7c793fa57e49f166316cd0cc619a8656,-0.407958984375
e4d6a2c8e8d84959e085de632fc1391e,-0.297119140625
4cc5484da719b22601dedcf76e59081a,-0.436279296875
bafda61ff1956f2cdfae59c4787cefeb,-0.19287109375
d2392db06dd3e4ad42fb970fc70d1d08,-0.166259765625
5026d3c4b5d92cb18a1ae8c8fd1b769a,-0.1427001953125
047527aa565f204dc3382e9f647b9ab5,-0.297607421875
c4a38a8288f7b31f2033ae2dd76403af,-0.223388671875
6c5b7ed71d26561f95b500d31a28b140,-0.250244140625
dbbbc8a68734d2ad3d5a6b2ce0598c36,-0.447021484375
01bc8881421202abcea7aafe81218ac6,-0.324951171875
1f53913278696a7f7f325f8dccadbace,-0.33447265625
6b88a805084a73a8f75bcd753a1c8f52,-0.305908203125
f215a7c3dfb4bb99521bd373cf95bb03,-0.255615234375
e6ae795000697648f49ab6b51f488167,-0.306396484375
0c18c12289a4e740d0271db9929ef919,-0.8955078125
ed804cf044095ee58cc5326a9195b023,-0.1964111328125
ab9df7e223abcb5e8c6a27fd66ec4e1d,-0.463623046875
bafda61ff1956f2cdfae59c4787cefeb,-0.19287109375
bcccff4b64844f935450233fc264bb96,-0.611328125
ac7f38cfad11cd709b10c5fa36994908,-0.97119140625
40d9bfdbcfbabcc88820bb162de28818,-0.66552734375
779e310147b380046e6059a41bc04463,-0.97119140625
3201f52ac3f5ff10823beb3004c4be43,-0.66796875
d18f04ebf0798ecb9c8cd0636a3af158,-0.7763671875
b6f029731b000326677c244bd71d7744,-0.60791015625
fe8d5759d0baf3edf544be6eeb5f44d2,-0.52490234375
3e7c6b0b6a26689c0d9ffd1aef6c3537,-0.501953125
e58959d9c605b671ac8add1dbc1eb466,-0.6025390625
9850a070eaf8a21d9819386bd80055d8,-0.68701171875
db9cd49eb11b0414704eef7db2a3f9e0,-0.64111328125
b8d3ca972316fd4f2292a65f0a4ab45f,-0.69140625
5d1054efd8f07721f3f35440cc463f97,-0.65869140625
df291fdc16a9f409792ce44c7077f55b,-0.9462890625
babeb9d1951b7f61652ed5aa6b44f824,-0.5927734375
3640b92e1a78144b12d12fc304565e4e,-0.9521484375
a8f8e32ecff5b065c83818c90fabd7e0,-0.6240234375
54f4c5a6ff089850e069f3b9d1d41711,-0.72216796875
bafda61ff1956f2cdfae59c4787cefeb,-0.19287109375
1fe3eb82b718fed41d9df4a94dd9e972,-0.65966796875
b11b9b350c37e19237242e3dfd4e4d86,-1.0341796875
88dbd78b41a4e3d695fbc65ba9a35ce9,-0.927734375
68f7c027cfebad1619fcc7bcd55d34ee,-0.9736328125
622adf7ede99aac4dd389afe074e5e5c,-0.90869140625
e6d3fb4a6b39483bb70c67d8bcb0cc29,-0.84619140625
29cced17039078a4ce74a762cccd81c7,-0.96826171875
cb9700eaff1cd094fdec6d6850136c60,-1.126953125
d194047c0fe18d4078ad71e741ac7d1b,-1.068359375
84b6097c00f350986fbbc46ddb6a98f1,-1.18359375
45cc47268f000906483b50b4e6b68df1,-1.2626953125
04a0eb0a6d6ff0ddda2855cb0eaa1ffe,-1.0419921875
e2e742ddec01391d070122baf48637e1,-0.8359375
e261d992fa917c2e2a054b196e74b2dc,-0.78564453125
c10a819bbc1099668d422448f99abab8,-0.9287109375
ac7b5039f69cf29b2ec6195955b9cf54,-0.7724609375
9ff3fcd778b96ce0530bb7975afc67f1,-1.208984375
9a9396fb994eeefd38b74254dbcbae83,-1.0771484375
06c19d31dbf189145c1dce5f30298f7d,-1.205078125
a947945a13698056ae6fc501e04abab0,-1.009765625
84a268fbfbcde7c50fe646fdfc647f28,-0.84033203125
10ca95da14f5c44671acca1f954bffb7,-0.775390625
087396cf12ae166fde4fcc8b5619aa66,-0.564453125
487c42a9cca2ce5505641f1996707ef4,-0.5390625
bd9cb3fd3c770e7f04a924ff37ce18f7,-0.127197265625
aae156870858f6b5ce9bd3905188349b,-0.40576171875
bafda61ff1956f2cdfae59c4787cefeb,-0.19287109375
752250ba908dc8960b7cbe0843414f89,-1.3271484375
1c4c1ad828a8dcb56ce348ac921a0b52,-1.0654296875
9c4db75338189e5256cfda5549e4ee89,-1.2646484375
72204c2962d28729bfb29635ced6d79e,-1.3818359375
8f622200869cc5c63ad63c5ccf768402,-1.1220703125
c9f7decee670583340a44c4bb9f2d994,-0.6689453125
29fbfc1a82fb6345bc7f744248b56fb1,-1.056640625
0900c976045b65c58935cadd56a6e22c,-0.88037109375
b2d1fedd3493836743028dbda6074507,-0.9658203125
3471adbdf4779e3fbb0b8ea81da92530,-1.0849609375
bf8a0d719fef4371bf1406fe198c08a8,-0.8623046875
935978e56c648934fa5bd7cedb790153,-1.4658203125
a4b69959b6573853df9c2f2f66a6742b,-0.77392578125
7a9996acd27896ef95b253caa324ba9e,-0.509765625
3185b4cb783aa7b65f57a28c7fd04870,-0.38134765625
e1b5ca2069f619b5e68e5467119ad3b3,-0.495361328125
b9cf60740568f5f2770383a572952394,-0.35205078125
cc60e57d54de1ff093890d53c8f8d946,-0.270751953125
1196bb30df0ed158a91cd6496fe4ed43,-0.255859375
bafda61ff1956f2cdfae59c4787cefeb,-0.19287109375
f65fe357bf90b3c37a8c55f0ec24fd5a,-0.86376953125
7a0e39c6cfbfdd6a11d00e496f42a3b3,-0.56298828125
573b781d4866f6a6910147e66ad94caa,-0.73828125
27f59fbc54824e2c426f90abada516ad,-0.62890625
5d34609fc6ba6f7e31c9718420bc346e,-0.7041015625
01be6b07ae482feecf528b8109ce8443,-0.5546875
d5e26f789ef2b4bc4104b6b4172cbef1,-0.5556640625
cdf76d2fc62d33f0765932137c47f350,-0.55810546875
49aad850af3e41c36a238ff27d3b2ef3,-0.64697265625
20e5d83011ff467c3c8277d990cf93af,-0.8212890625
56cf17be1032b4c0d70f306ae5513331,-0.365478515625
ed3a0cfadd4610cdd30c34dd0c18b8fc,-0.71826171875
bafda61ff1956f2cdfae59c4787cefeb,-0.19287109375
438519e9f3bc4a7d4d5e8554eaf9389b,-0.248291015625
d75cb65b695150d4ef876417d143d93b,-0.501953125
320966a544d4cb10a9d33c1b44a23ad4,-0.45849609375
fbf189668579405d5c6215d0905c1d2e,-0.480224609375
984d09a403491091fa294432383f92e2,-0.58544921875
6a446ac789bebe5be1a9de11e5c95ad8,-0.4873046875
d5d7a791a2be71b60eef2515506bad41,-0.6015625
6a63885aa28bcddcfb34a0bd694292ee,-0.54541015625
4a0c8641dac9399f2451a3b3992e6055,-0.493408203125
2c1270f5cf8f33f28968bbe0bbf83d9f,-0.5478515625
6e4aa0e3fbddb23e4899a7bcaa3f06b3,-0.68359375
565074b35e1f3dba5f02a563bf17e69a,-0.6142578125
b5c3d5e17ba6b4eb6f8d475651253be1,-0.436767578125
4bb369b939fa54708b592beaf308e675,-0.28466796875
0b9058cb88326b2a5aaf35655ace4f5b,-0.29052734375
b08a7038e7ce763a15acfbf15f4d3aa0,-0.456298828125
b3c5cacde667467235325abdcd1c2852,-0.66552734375
a5cec3acddba71047035269835a5d048,-0.599609375
cba0f6e53c50276f25f99897278afded,-0.7138671875
dd88562680fd2f2db8cef735b54cff0c,-0.416015625
60c362543a3d303109f8b9f6a1c577e5,-0.243896484375
f5b957bc8784506e568f47026de2d3a5,-0.310546875
ef244a93b3f469e7046f769984387f81,-0.24658203125
4a44a87a6bd461099032d2ae098469e0,-0.323486328125
6049885646556ebed69c42b81731a381,-0.119384765625
a2be8f0319cd6c175b51d48b046b28d7,-0.0980224609375
bafda61ff1956f2cdfae59c4787cefeb,-0.19287109375
3a4bd11550e9928a75e2f4cf64a9b364,-0.36376953125
34e98fc0a291127f10d240f50356a8fd,-0.32666015625
a231abc1a22ad4ce4768e18f8ca85d38,-0.212646484375
b6eeb130baf288eb95f27728ed8b84cf,-0.2958984375
300d31cbe40c430ce3508a500e1119d4,-0.259765625
b4654ec77ee41390a8abc5fbb2c99816,-0.2442626953125
d6222b26c4e0e58cfa9a67eefac48b59,-0.307861328125
5f2edcf99b4436561a82b420d74d3f8b,-0.309326171875
62e8452a5d12fd5ab1be8ee0411312ba,-0.397216796875
e7beed89eaa0c4e7e330e1a3802c71e9,-0.75537109375
007660a526f584a999b455fa8061bff0,-0.161865234375
b522a443f741e15c4e0970710f4b247d,-0.1986083984375
ed8b946dae316efcc7d8649c27ab2d74,-0.583984375
06a85d8b010d8e3509c42b680334973e,-0.292724609375
410f017e1ac70271f79ca78c76f81752,-0.166748046875
2415c6cf9db667fa91c0e3a2e5ef352a,-0.173583984375
86e2dcc89df7a87a3cd9bd97c4c67a51,-0.143310546875
86e7100aaac40fb433f691a2231df910,-0.412109375
f71dc8dde3f8e3191be7863980ef2382,-0.59130859375
9e00e565f05c5da1a0c22712d198cbbd,-0.58935546875
23fd95103b26d38d54c34a02967c9633,-0.86767578125
f1090957ac4abd51d11de20052be10a0,-0.7490234375
51784103d384baebb3d9bdaed4340d55,-0.767578125
3cebf93888b1d8e351375deaa76418c4,-0.56103515625
76acf27b71774cfceae17d2440676459,-0.63037109375
bafda61ff1956f2cdfae59c4787cefeb,-0.19287109375
499bba7ccd77dde2d785bd8ba792aad0,-0.51904296875
084abf19a6192a421043ea008ce22f4a,-0.3857421875
5f3a3b2430affaa9401dbe5068e3c575,-0.382568359375
f7431b5896b513cb4522eaa8bca27702,-0.82470703125
bbd78988b95f9996bfe8bff379e593f2,-0.61767578125
b8e1877232893aa7ce8c674b42909117,-0.64794921875
d309fb5eca42417d11b89d939fcb8aec,-0.416259765625
3b34272bd52cd67f89bdf36235154b9f,-0.515625
1bc90f4fe23cd377825c207f3cbd5377,-0.66015625
7c20c6c2c84b141ff6090db05c1f7993,-0.537109375
e40eaedd35bedb67ee5a00ed533411b1,-0.6640625
76f1ab057eb37f2358fd01f573aff9ab,-0.5986328125
70bdd70afeede4fb1e8ea5af340102d3,-0.54638671875
19e19fb2ca729a5a8b043adbcd316e5b,-0.6328125
bafda61ff1956f2cdfae59c4787cefeb,-0.19287109375
2c56debc7b0ec2c04b91c3ee84f4daf3,-0.301025390625
46adfd2f0fc5fe907af8a3fc31aebb4d,-0.396240234375
3bc8dce28f581cf1aaa8c3b256c8e1bb,-0.65771484375
adeeed9545f7c98caec9a7d60d70f3c3,-0.5341796875
568e7c353f1bde59e3c6bb576a6dbe80,-0.501953125
8a1c26ff87a5b0a1f7e7cc0390547dde,-0.327392578125
e227078bdd452ec5982099728e5f2640,-0.306396484375
84d239bf87623ab772ad2836783aba27,-0.58984375
994f309570ed89c59b22323bee45928f,-0.77197265625
1f0656ed931106ea71002531770a7bcf,-0.52001953125
86eea2b3838c6129417249ece58200fd,-0.607421875
5cac0ef3b2898538c1a392a71f140447,-0.213623046875
911494cdbabd6460903e88fa66df3a96,-0.1256103515625
759e5307c813e467054a827a7b293a43,-0.1773681640625
07aecb880fa6e6bd8aad00d690165bea,-0.192138671875
3475608a22e9cadf7945bda43952b999,-0.147705078125
bafda61ff1956f2cdfae59c4787cefeb,-0.19287109375
0feae27010340784d9905a8417529df5,-0.12127685546875
6926a865f6f7e14ea0fbdd6fee521694,-0.1690673828125
6737a16fb305bda26f9fd64cda84fef8,-0.2054443359375
b8460f45fd4630e007d0739c201e257a,-0.212158203125
960db71c942b3bf8060a5c89674aa493,-0.14404296875
e89869bc336696f2a46dd6a778181902,-0.193603515625
ef7251c31d9438e0a5c0509fe13fb534,-0.2159423828125
4e6e6374d8e60b144237eb951d735ed3,-0.2071533203125
e895e4074ab6d029bf34c6fb697f9570,-0.158203125
9adc4481b1d5dc21036c48907b76777d,-0.2066650390625
3978b68311706a710266603cbf3a5c15,-0.215576171875
45f9b7d525e2dcd53cf0ad9475791acc,-0.1669921875
c25bc8ce219eb6858a5335a92c32e073,-0.177978515625
cdf87b0d7c01227d3b8044df0c0501a6,-0.2127685546875
c0bcf70a1d6f2868d3494defe4bfad8a,-0.2254638671875
0d61655ddaf1ff3a959bd44dc3db5fe8,-0.174072265625
49a929046a53f12e48372ef627b37d5b,-0.334228515625
c4740a83f0c6b96bf6cc423ebc13d450,-0.213623046875
ac2345b959a22199ec59b4f8fc9667e9,-0.40625
77f92534f86e477faca05ecc29d8f67a,-0.134033203125
4216034e4eea5e89e8ce099c41e5629c,-0.2403564453125
e9eada22fbcedcf977146f0189f4f4d9,-0.1370849609375
6ba8aed03a5c5e1e2146260e7eb3268f,-0.0859375
bafda61ff1956f2cdfae59c4787cefeb,-0.19287109375
af9b6b88abf2a443f0672f93f4d0a520,-0.099853515625
ca54d50f9edda2cb5332611738c415ed,-0.1627197265625
962c869a62e82858dc70971de4f8c64d,-0.1319580078125
67369eb60affc4f98b8d828afa37d515,-0.1922607421875
738a7d01ad3811a754980321601413db,-0.1827392578125
1fb71ee7e71da76575fc561d089237cf,-0.2386474609375
df086f59499772a128980347ab17360b,-0.211669921875
ddba0be2bd7fbda7df66a840b5375fae,-0.666015625
5c6af7f20d4753631e393328b908d880,-0.12078857421875
c63ae7f475377440536e8ec58779c1b7,-0.1942138671875
f55512b81888448a7266dd8ec3a802e3,-0.30712890625
42c861422d082b4248c9d8985891c565,-0.30517578125
53db3873766b4fdcaf5b9b3f8317c227,-0.52587890625
bafda61ff1956f2cdfae59c4787cefeb,-0.19287109375
5c583b19590ffdd0ef4409b9317daa74,-0.5517578125
a66bb2d420ca5933790935649f0f1576,-0.217529296875
154d8ecc322732e4a2a42ec35260822e,-0.298583984375
1c59656640767374633dd1eae31b1f49,-0.370849609375
3e97ebc7256678042b61896f91138709,-0.7412109375
735aecede2c27b4477069588bd1f5c64,-0.49169921875
1634cff8d679109046b0110ce8557a9e,-0.5302734375
aa5f15f358d232331cc7e20f16853df6,-0.39990234375
588eba6b1d01cc918710f2645154c275,-0.40087890625
f2071b7a6ae391958f7218ed3815a6d0,-0.2227783203125
35485eba15c5913dedda6ec4300c8510,-0.4765625
c78568bdf2f82a787e37f3a907dc7778,-0.5595703125
60ae53e2597d7698c49e9c46c229b0c0,-0.391845703125
af2135239b0b32948793ccd3de9d0d88,-0.5546875
426244d425b32bfbbf156baee689eedd,-0.39501953125
a9ddfae52210a11a3558174e590f1bb0,-0.4296875
b243446b7224186af3db3b761d2e4e57,-0.265380859375
0b190636bdfe538ac469a4537f75fc92,-0.1546630859375
538f776cf37acc849a9d8d0a38e6f976,-0.11676025390625
d4cbb855525a4aeafb943ba1e5c3a54f,-0.1798095703125
5b559183200deaeea2a3efeebc7e7b7c,-0.1407470703125
60ae1a6c9f48c67ee1705c5903886fcc,-0.19482421875
b6c6af7d9691874e9521e7acfb389e48,-0.31884765625
41f5c820064c9c5a73501e6ec0230f27,-0.2239990234375
671f61f4affe01c2682997221c5a4e28,-0.3046875
bafda61ff1956f2cdfae59c4787cefeb,-0.19287109375
773ae552222afc7c5d21edb9002a5be0,-0.09326171875
913a130202af74be3f3991dd03802e14,-0.068603515625
1b791ae0b63a342a7cfe0c3eb92fd9d3,-0.09710693359375
fd18a218c344a6d0513c2962fa71fc32,-0.1319580078125
4801c8dd8c294b70c6329bb18d9c7730,-0.1907958984375
35fd833998334eb886ab907a75981040,-0.1353759765625
7f5aeb226af748522cdacdd6bc1034e7,-0.1668701171875
b53d5931141a13981e58000b19c839f1,-0.77197265625
8f818d5a10f8b08e95960b491a49bcaa,-0.189697265625
0e935571f5db6e2e28133590e4598b7e,-0.07818603515625
ddceab86f1e895d42e0ea5054e85d780,-0.90966796875
743ae2a620b8dce3d9ddde0e38e47763,-0.525390625
84a0d23b4675b6b971b70e929ba90d0d,-0.178466796875
0d5c6547558322ab6dec6b2ba0a60270,-0.267578125
bafda61ff1956f2cdfae59c4787cefeb,-0.19287109375
3397ec6a25c8cd4ee4d8550331f7f430,-0.7060546875
dc48f615b174e68551f824ea2bcb37ab,-0.74560546875
2131db8ecacdf6486e6afa66265246c9,-0.802734375
01851c575dc59b908dc72de038a7be9c,-0.97265625
735c21f35b247944af1346be7e6efd97,-0.880859375
2f13b683afb7efba4b15a5a5672a22bc,-0.8095703125
6615c7ff9eb448ea151c2e4e599d8ceb,-0.77783203125
4254210089469833cfaab8299d9251bc,-0.7509765625
011982666ec5121d449e00bfaa117779,-0.42138671875
17979959d66cbc7497a4538da5f379ed,-0.796875
e9d9321d0d96fa73f875a5f1c176ac2f,-0.479248046875
5f3076d317300cbfa7fc1779432755d2,-0.59423828125
05efd68fd252939b932327fbc24dbda1,-0.61083984375
13f5b298cb87fe63585d8174665b7bfb,-0.81103515625
bb8fe812a1f4f2be682c34b13411c738,-0.82177734375
5b8c378636b366d7ce03bcec05ca99d6,-0.429931640625
89a21c6c9ed62f891dd0b20a85566a72,-0.2998046875
6396c388a7158631f10583a1b88f5ceb,-0.2025146484375
b4bf89e824ae269b4839fb7823160dce,-0.38330078125
5f011bdeb65f2240b5c7912d6688d3f3,-0.2452392578125
74a2824bdfee244046dac73533782b63,-0.36572265625
8ffbb60e95b3d6a0bc4edb243500b924,-0.3740234375
8128c9647b71d0cf04a84d8166c038d4,-0.41650390625
bafda61ff1956f2cdfae59c4787cefeb,-0.19287109375
b1eb8cfbbfc241c54e9963919640f140,-0.169677734375
857dd6fb7a685000c7fead3e985063d4,-0.196044921875
0c5bebaefb201208011e2a143d5eba07,-0.406494140625
a0e2188c1206ded6b9c3a7e694434baa,-0.333251953125
0daf492012a54b0e7addfab82371bae6,-0.3154296875
ad38a07f7e57668be938659f091ba921,-0.2529296875
6dd0c48c992a558832b3f9b435451f72,-0.257568359375
611eb3a641eae63da16a2b180071e673,-0.335205078125
dd8601e2c0f6d971a2f763e96dfb5389,-0.58544921875
8ef7f8d92a4251ae639cffcc13d1e775,-0.30908203125
2ac8347df8b905e1ef1de52365792f03,-0.54736328125
4fb8720e456859d09ec3f23c1fb56863,-0.1964111328125
daf759bf1a961dd090adee9c369be435,-0.1221923828125
395dc90547ec49bc81ff18b4677e945f,-0.11993408203125
93b3bf33105b2a98d804ecfc8c1f5691,-0.1373291015625
581b3b7778ab5ba4f3f484d985eda675,-0.1207275390625
d9eea65e272f827b9a0d2c727fea163a,-0.218505859375
f7ef7f9c1105ec2f4070377e2de74a93,-0.19921875
32f87beb91550c9c0950566fa53d5eb2,-0.1734619140625
fa1f96ab4ac040078fe855a54d799fed,-0.160888671875
2161024e271c9c691ba6808f6006ec73,-0.1544189453125
d593969c20b43ad7ce45fe8a9bcb2e0f,-0.1207275390625
789d48bda9afc13fd12a95abe7a52bc7,-0.096923828125
705acbfed31734022e3739dab1c321f7,-0.1195068359375
7a0191c0f742be58cacb924f52b15a30,-0.1375732421875
7c8c2527db82483d3aa045fb2a8f5b44,-0.12646484375
0248828d51ed71dbf2c6a5644a63533a,-0.1641845703125
5e2eda38fba17b7bf927e4d385d9e13d,-0.09381103515625
2ee9216fef67ad67c1fd2cfa4b58552d,-0.05401611328125
542c738962f3abaab54ab03e7ad74719,-0.1328125
bafda61ff1956f2cdfae59c4787cefeb,-0.19287109375
428d9b55668e58d566158c29273c3c39,-0.198486328125
540dc23ab01ed3e6b6d5feb16503d39b,-0.154052734375
1589d9e728ae5366fed610d134af1ba0,-0.272216796875
359d5456fa0f7c3986c9f9f0720c57bd,-0.21923828125
b3f49abb23f44f5fc3a9e59de117cedb,-0.268310546875
bb9811bbe9d21df230f7acced3a8eb2e,-0.217041015625
b5484d16819b545f5f002bcec11967eb,-0.309326171875
455b000ad3ccad6668a7ab1b97e11526,-0.224853515625
cfa222d3358941e907caa5f80c8c3364,-0.11273193359375
f70c5b376529c01972855f0390bc2e6c,-0.07586669921875
9c83d570c37f499006c6fbec66fd1e74,-0.1112060546875
bafda61ff1956f2cdfae59c4787cefeb,-0.19287109375
45a7229bbb09390eef8b31ab918ae019,-0.1673583984375
13ece8e3154a4d5a8f6ff0a51810ece1,-0.2305908203125
a5c7ea5fb6265440936a49ac83e9fe2d,-0.12078857421875
7aee289c5ec9447dde2b3a8e840addb6,-0.1566162109375
22150507ea9cc47fe440c2541ae1b83e,-0.271240234375
cc71a2579522be091137c4cb3222b9d0,-0.1690673828125
938485781e6acbcbb09e85ef0b7eb0a9,-0.164794921875
1b8a6fc5df57899cb47b14452b6ed8f5,-0.294921875
29f0bc9f1d343c65df2ddcea852ce418,-0.322509765625
bafda61ff1956f2cdfae59c4787cefeb,-0.19287109375
0649d7f5cd81590e160eb514edc3505d,-0.38037109375
359733b18bfbc6bb672ae2b78454a99d,-0.50537109375
d09a879fc7a8b8aee400144152089299,-0.483154296875
b4bcdc9a01751605e8e166c141a89ee7,-0.467529296875
f56a78c2b8b7f31b7b00d39dffbd3b71,-0.424560546875
793608ddcb24aa6263154103666873a2,-0.416015625
cad77b7a8ebb10793f90deab4efc3d92,-0.34716796875
07b90697d36b8aa64e382c32e34e8d03,-0.4091796875
8350c737ce96181e13c5985584f35e6d,-0.253662109375
1914ce97d725df09af17497ff2089f14,-0.55224609375
98ef9a607bae7ced9fe9ccb548d50242,-0.3779296875
9e135c01e6bff3c90b9157b14b942f40,-0.396240234375
7e21712ee62bd6c417fcf447c356e951,-0.2459716796875
707c992640c25a65676b4a22439665f5,-0.373046875
0773df350a2a34ca48cf7eddb286a914,-0.372802734375
7541d8ebad76c46068f1d2411d321eda,-0.424560546875
408a943e60778e10ca2f7ec5e98a9c19,-0.403076171875
b57990872d2980868e9e1cd4fc9eba39,-0.65625
23cfc06e28ab164c2d36d45f4d46f335,-0.26953125
001a309602f004f6e02e3e6a73d0f286,-0.18701171875
193fa752d34efee9dbb0d5c9249b5594,-0.1771240234375
79db942800a028ae875b7a01c7c847ff,-0.26513671875
0f6f931d127ca35578f505c0df72ea36,-0.17919921875
93f7bbd7ee8a68b0e5f0fa7ade2c70c7,-0.255859375
9c42c56ff1143002ab699e933262f6be,-0.28125
5495bbab5ec97de6fdf21bcdd56ae2b9,-0.2484130859375
c00b1e80e040b065c8eb774a8521ca36,-0.1258544921875
11c885c90c344deae0521f2afe9241f8,-0.1341552734375
241f57a41d0210f58444412ed972bc20,-0.059478759765625
0d770602a044b0ca3a7f0db22eb120df,-0.254638671875
bafda61ff1956f2cdfae59c4787cefeb,-0.19287109375
087ab66f3a0298ccbb4f895d30ab8c7b,-0.1912841796875
87d09761eb9f7e64ebecb60865bac336,-0.1722412109375
0bf827d2ad5bacdc715fb4b66b2b4b01,-0.16943359375
15394dbe816979aed9279942699ae12a,-0.284423828125
34e26edcaccee116ca4fb9fe2c24f114,-0.122314453125
0cbd0a1cca34da8fef0c74ed162e7b65,-0.2154541015625
38cb0dbbcd72486c0b866ec2b8c794d3,-0.3056640625
634b07d085fff49fec326b9461e6f744,-0.34716796875
3493a023c104064b6805cb2f7c84c7ca,-0.2705078125
51e566ecda6486f3e680fb21d25e7cfc,-0.37255859375
630579e064c8138f1636be533c929151,-0.52392578125
4d1d18fd24dd28bb0e5fb25d85e89af9,-0.425048828125
b632bfe5b4c88470606a39b84d9e6748,-0.49462890625
5f5bcce4e2c438222a6716ccb826cf31,-0.53857421875
a6e014d03d341b128536ad6f022b09c2,-0.386474609375
840afb561333e3d2173c8679dee75fc9,-0.60009765625
1a9c31cc355c45fdf70cd1c4628b22d7,-0.328125
b235ce85212ac1141d957731ab50f2c4,-0.6318359375
bafda61ff1956f2cdfae59c4787cefeb,-0.19287109375
fa3d43fbdde674c3503a18666dc65803,-0.4775390625
9e64c8cb6bd385d9b7927a8eb718095b,-0.396728515625
255018dd327b097aec255c1131067e06,-0.16259765625
ce7b0f2ceaf4ca37cb1969ada582280c,-0.28076171875
e1ca3f3dc9625d70a4e51a05803d6a08,-0.53515625
767738c4412a419eab91fe68d1a315ed,-0.73876953125
aa50b38e715874269cfe385dbe739e74,-0.246337890625
d01df65a4231eb874a8f92dc1b8dbc58,-0.402587890625
bafda61ff1956f2cdfae59c4787cefeb,-0.19287109375
0c2cd443cd11098f545918bdc4e53031,-0.405517578125
b86b0bd7dbeab7eb67b1dbe131e1eb0c,-0.6787109375
23746a1aa8573eacb44af3eaff57c650,-0.6513671875
a22cf1f9a2947e274f9964bb2c7169d1,-0.732421875
2bb8163acf65b1473b3a7d66a0611038,-0.61181640625
6bbd141ee83c908525e60d3c6e794c10,-0.59765625
5e31e70043c0489fdf65533104e86bdc,-0.609375
2184c62b6bada0a7d0f9ff355d099f21,-0.5625
65c12ea468171f618690d3317586a8fa,-0.4853515625
596ff87e7a80b51f1a1f02ad7c5cad94,-0.73095703125
80aa0391f7c6766dd306f30cba4ba5cf,-0.88037109375
e4e760215f89d20c6b62a6a872d1a9a0,-0.6220703125
d6dfbbf124564c9f766063defb058768,-0.53076171875
a0def1aa62edd0d33be0f1f443290874,-0.270263671875
1c120f45abe1b53e1125fa8e9c717a54,-0.475341796875
306810aed5fc6e0b59814a306cf5afc0,-0.54443359375
2890ad6772ae549ca7f0f292a005eae9,-0.9375
16536ebc28fbb54cb642814480d41499,-0.55029296875
fd6918e79ba8901352e3ac476bd6b840,-0.71630859375
597f47569604e79d5a3adeb837960fd5,-0.20947265625
86467d28ef63132db00a41cffe390ca3,-0.124755859375
b1e53f7cd2979492e23042b9a4f9ab5a,-0.2252197265625
213a666e5477b876c43f253582ac54f9,-0.368408203125
3f966762ab3fb7f3a83c7519a96a67c3,-0.252197265625
f4fb13feef9aa9001f81e996b02d10b6,-0.48486328125
bd7b15c5c34e4041ad54c1ce84655bf4,-0.55908203125
3f0758a765142f38fe8efe4f543c133a,-0.62548828125
be47205ba6a659bc6bc2b2b6b833e289,-0.63232421875
efe79d79ec10927452570959e58f0313,-0.62841796875
b7dde91dae800db1a4b7efa5e249d60d,-0.64892578125
10d6a14fbd590c6e3977801f35093f6e,-0.94873046875
173bfeec587b695199321e009898b56b,-0.61181640625
1497562bb333019ee2a7a3253387f17f,-0.35107421875
28b2e6373b03880b235d768d15db3908,-0.321533203125
7788798532c0183b8aa525f79a78a878,-0.32470703125
bafda61ff1956f2cdfae59c4787cefeb,-0.19287109375
891dccdfac90d96863b0a2ac221adaf0,-0.5869140625
1ae38abe8d179aca58d371245182b561,-0.65673828125
b8abf23ac2de76064ca4d3a167fdb810,-0.87890625
dd1858fae8524353bcd2ef4bb0257b05,-0.62744140625
bd3f17d8687ffdabb51ae0b682d8dd36,-0.417236328125
f2572b6bb9bc275f8f27846405af4ee4,-0.2113037109375
3ba6fd68f9bbba9a8bfaa906482ed5f1,-0.20556640625
bafda61ff1956f2cdfae59c4787cefeb,-0.19287109375
2d2387fc90bc8f1b632ccc306b216641,-0.399169921875
26f90de03c103c8c89b27b4047d113fa,-0.38818359375
dce7ed70c9ac19688af13dc5e47d7141,-0.50048828125
7768fbb55460b295ad0b330ebb4712d8,-0.5888671875
578cef0719ec0984ca6370f1cb5d896c,-0.57666015625
282a24f2f63c1b3e5c06dcf1e8aaae8e,-0.406982421875
5ec0a145c5b1b2494206404287909cb0,-0.6767578125
c898244f03cb5f768e7a3aea9e68828d,-0.52490234375
91a133ab82002eac398d2101e9409f73,-0.2286376953125
1b94c5d171ec0aa1b63844a7a51f522c,-0.56005859375
5d14282fcde4fe6f4658da067f2e9e20,-0.384765625
7f4987642db0de408ef39f4db9562417,-0.52001953125
a724c85c21a9ee0517195155625b9a5c,-0.69970703125
a6988bf83d8b2a6474ed4cebefcc9786,-0.53515625
481468e5f39e94f9ecfe3094b91f9c1d,-0.6884765625
7610c71f9f2099166026a0c2628b9929,-0.64892578125
973be84d33c2db021dac8ecd63146f77,-0.348876953125
67a0cd9dccede357edbeba9ba88a20ad,-0.2158203125
bafda61ff1956f2cdfae59c4787cefeb,-0.19287109375
f4273bbec3ee8ada8231c51c1f1d863d,-0.1937255859375
8f3ba1c5133a123f3dcc36f34ac7fa03,-0.287841796875
1f6b3cf2d95ed29edf3325a8ba21ffb8,-0.340576171875
9dd17efc3fe69c459dfbb7443f38dad4,-0.366455078125
74ed11de3103b917c32b3ea9f0fc3f19,-0.64794921875
83483e1cd1a882e601bc805545ba3ccc,-0.55908203125
a56807d6f8d9bdcb786c4168f07bf252,-0.51708984375
6edf2464a5d669222a3a34c524b7e859,-0.74267578125
2877ffd8c9c2e4a9d9dc1310ee18cb51,-0.46484375
86a044a716edda0ef7c300395f4c103f,-0.2115478515625
93b38530eba61b6661360cfaf2fdd6f4,-0.466796875
a0fa4f2dd8e0da63252a07b2c97d38df,-0.3515625
9376f64ec11ba49360d89a3435b7277d,-0.333984375
019184653e9000a4b6c84bccc1875376,-0.84814453125
17bebee0e612e3e042d21ed6a183511e,-0.484130859375
c89a6dd842afa75222a4e3f2c83ffb14,-0.7255859375
26d359b37eacf708f68b3d7fa6e8d52e,-0.59423828125
cc67489f9b34df5073f55191afd0e9f9,-0.48046875
030976c7f5fd629ce94f797cf03518e3,-0.470703125
8b88137b67ef16c7fd417624bc823743,-0.396484375
a4dd434dff3420249374de122a76f6b4,-0.54736328125
73a65e3f226e03bf9fd795580dfceb4e,-0.422607421875
cac1e932c8c6e763f0299c98ea3f21bc,-0.449462890625
3f3c42b11ee883b01433a6971d2d3dce,-0.341796875
37d3e73f41e10aafb83bb25f17748993,-0.71337890625
bafda61ff1956f2cdfae59c4787cefeb,-0.19287109375
622cefb602adccc2b3d18830e9e258a6,-0.6298828125
802207482faf99a2de062c1e2b486b8c,-0.935546875
7163b01b2a892561bebac3feff7424fe,-0.279296875
79bc7548691ed10195a73d8c5cb9f4e5,-0.271484375
965d187dc7890a44c43d255b5af425b9,-0.283203125
40d949820d11f3deed26bb02a61883cd,-0.3076171875
f1ff4d39c5d959c387a3a1b29a774995,-0.378173828125
3a992d5c849361d106dc013020b3f514,-0.84423828125
272fc87a3599a5f00be8411fcaa50474,-0.19140625
57af58dd6706d9b1e95445b2ac1a4181,-0.9775390625
122fe5cb9a85acb63c2aa42438d14ef0,-0.288330078125
a2fa634067cb2811ac2c117a633bbffd,-0.0799560546875
340b967a4789ab9925ef3eb6a3259bcc,-0.533203125
4fc65cf7475c453ef78254f5d4331847,-0.58251953125
b12bf24f96e5a8f527f5a104504d2ac1,-0.64599609375
ebfa153617835fd5bac4390749e5a5ca,-0.41064453125
c4a5481286bbca7530e2a29fbcc28542,-0.64599609375
d42c29d384e5347a961adf33d40b3746,-0.775390625
994e20369be41249fea1187e50e03b95,-1.2705078125
2b15c24004a28dbf19bdee972b737d8c,-0.78857421875
27b9b8a333567d2a166a11b278ebf192,-1.05859375
f5ee22aed926cdcd169c3e3e94f8557b,-1.3671875
b8068329b847aaee24806ed876708304,-0.88330078125
c9b95d06aaa08f1cbaef9928aff644d0,-0.364990234375
bafda61ff1956f2cdfae59c4787cefeb,-0.19287109375
269a7dba67715e933e0d88098d018948,-0.312255859375
531459c0da2ea569a07020bff995ae81,-0.216064453125
7cfdbccb4768d53e643ccf4287d579b3,-0.98486328125
4038ac8a2c67eceb0c5536f71dedf34f,-0.9091796875
ecbb9ec04d4c83c38a42e5d6484f608f,-1.220703125
2c35b4ec7322f3d55398691f936e6de3,-0.875
9cd71eb3ee5be9f64a84b07cf5325df6,-0.7265625
dbfc644ece905d3f1d59ef62e30ff38f,-0.66650390625
621d990c3329a1487974378a729ee2f0,-0.55810546875
1387837f350971b19646542c13040143,-0.64306640625
3685c6752bd77ff69b122a83bef04f1c,-0.6337890625
ce66c4a0b3356dfca42f8386cefcfb62,-0.5986328125
609c5015db9f00f8f165fc3001e031b6,-0.64599609375
e537bd31d8290db0a4f7da47f2b197eb,-0.94580078125
40fe32535c721771ad2624b23fd95994,-0.85302734375
33a4696d296216fd7503fa6ce49919aa,-0.904296875
6578b430b51beacc76a242ce90feed61,-0.6298828125
ae6f13775fe33a823024adab4f8b4b40,-0.6982421875
9f9365e1f6a150fa48bf3a652e3cb0a1,-0.52197265625
4b13ff15b789d8554ffc8028d28f2a40,-0.7548828125
b02c5e8ff58c889b2e27bd983e2782eb,-0.673828125
e6113ace95e1f755134fd6c564e411ef,-0.6455078125
dce6e5846df1b404c12608e49e24a44c,-1.0283203125
538deca6ff18bd69de5f56d995310965,-0.7529296875
bafda61ff1956f2cdfae59c4787cefeb,-0.19287109375
4c9d61c10489200aea31566d92f15180,-0.8466796875
84b0d90d92f0cd6f9db5b912685cba9e,-0.453857421875
0379fbe0cdc4898ebad8b22153739ef3,-0.31787109375
5fc993d678e670d20ac2e9cd249fe874,-0.200927734375
bafda61ff1956f2cdfae59c4787cefeb,-0.19287109375
f908665ca413bbd1331ee63c0d2b5491,-0.21240234375
d13a5b895e8914cb51ab1b39a7c99daa,-0.56298828125
ebc39cf548c27552f37b021ca12b4945,-0.63916015625
21ccb5a86daa3e0d623a784e6665103e,-1.162109375
854e80acc5b4e8ca485fefef0a2445b6,-0.72607421875
6f248143806f2539fc2cd29dd802ce26,-0.9384765625
3d943a095c64b9903c79b46bb61f6fd2,-1.0546875
983046669e14f82dfd132d9de079149c,-0.7236328125
2a30de878f57222ae5117bcf8fca0eca,-0.1912841796875
bf0faef1736c61172755f330a710ec98,-0.77880859375
e48661442359f75eb340fd9e8c368dc5,-0.5966796875
29eef247a1e4275ccd7be79ffbf3e3fb,-0.513671875
86b2b5f3917c51f24aab76e9ea85ab3a,-1.2978515625
9c9f15ac2dcd9caccf2c016feeccadf7,-0.68212890625
a2ccbed9bb072076592c932955181185,-0.951171875
66a62f786e27758c9680513b45c9e2d4,-0.998046875
a43e50d8ab469458c5ec9f9e1247c367,-0.480712890625
20e80ff65d483a3debfd82809e7ca880,-0.313232421875
bafda61ff1956f2cdfae59c4787cefeb,-0.19287109375
8c26f8ffb5e0e7bb7d8b918d14db30c6,-0.196533203125
1b7dfe0f35bc929ab61639ce128b59c4,-0.326904296875
9f699db448e918659a5650e101d73103,-0.37744140625
8e88299674f28bcd0840f6e86ac01386,-0.787109375
8fa7dd3e6f6458f0a61dc64466d08f53,-1.3291015625
d8a672673508062583c7d5bcd45c465a,-1.033203125
69ccf75a6cc956214e874cbbd71a7d67,-1.294921875
9fc86d2172ff663a60c6475c2bf04ae4,-1.345703125
b5f27c6510ca1993220df2a65b8d16a5,-0.94384765625
da88e000f9f06b32f2c9625072ad894a,-0.2049560546875
5314afe41ca496aaf68fb012439f95db,-0.70654296875
d5c279f50a4bb6c92dc193c158c8b08f,-0.50048828125
c75d3201d4b2d0d545aa5c1df38cff0a,-0.404052734375
6a8e59184e1f6459ef5fa02780c991b1,-1.294921875
5c758229c5ba3b71fb81e8873862468e,-1.046875
71333d52c8be7be6dbf4a7502e2d0176,-1.3310546875
e8b2964281a4d1aea42359bb35a95862,-0.765625
0a0c217d99c28ab7b7fb281832c0f5f8,-0.60546875
3c96b329ad7f453e153e483b365d0adb,-0.5146484375
02b03431c187c7eec44bdf75aa77f1a7,-0.5546875
a6242773a2b928f156d8fbeb76a556a9,-0.54931640625
b06513c24ac3656521df02968aaf6e45,-0.40478515625
bafda61ff1956f2cdfae59c4787cefeb,-0.19287109375
40dd7547571b5f712d8ef217fefcb1f1,-0.34814453125
1c26d5a980bb1a3ab06f2375323bd857,-1.298828125
f062ffed15513a867635c648bfe80e7d,-0.990234375
7c95cb903d538ed0cbd98c1682c2e8cf,-0.9609375
eab2470fa3df2bf341665adc83339f69,-0.7626953125
2f0ac8784adf57d41bbcb424e4ba8fc2,-0.58447265625
ee1cd59ee8b340c2ae7fc88e0737b137,-0.329345703125
e835916ec2b3c385ef652ae3322d2730,-0.66650390625
15f6a34501564c757beb197d8e578696,-0.5927734375
dae2a89bb429ab3f47a1d6b2e93bc5d4,-0.7099609375
07a2f12b60fad602f941090231e1ca7c,-1.396484375
904e97530e12d3a6f062add58340785a,-0.59912109375
a9d7fe2a80428379807270f949d1c867,-0.548828125
d20843ba500ce9ca24fad9717af1b944,-0.748046875
72d198185df200b2b1a1bd881fa2c4dc,-0.3330078125
b3096fe2158d46d02900dcc54f60abaa,-0.42822265625
849e6f57156571e84144ba54bc4820b5,-0.330810546875
137b4a17c4b2dc99ec27fcd645cfe0c8,-0.626953125
bafda61ff1956f2cdfae59c4787cefeb,-0.19287109375
7172b43e4f3883dea41a7b55110db9dd,-0.3447265625
882139d44ffe98f2779f285914ac9c2b,-0.38720703125
7caf0f29c49e761bce8fbcef62b98625,-1.396484375
345c8d029f8d3d10cd7b55210789b949,-0.96044921875
78a0142793f93b1cda89c2aba39b8dc0,-1.169921875
ad48a1a76e590703f3d9be873f6b8891,-1.349609375
45ed7ea6416d884fdc116d61c00bd1d7,-1.0439453125
4bc8973233472868f47d0cbb9039bda8,-0.340087890625
23546cc10f0e271f81d4f5569baf0df5,-0.52197265625
fdc5c7709a00c554c32c27b94279706c,-0.306884765625
19a4af8babcb545f25fa036be70a55e9,-0.37744140625
f78a790d24f91e2e9ab6da802d3816b6,-1.6806640625
bc0b6081c72af52951ec07f1c89b6204,-0.93798828125
038cdf9ff56e3f81a41df70e05134ba2,-1.4521484375
4fd0772bbe90c7b6f7f2391faed7b736,-1.0927734375
d7d392b8f67bfaa972de401aabbf2931,-0.755859375
e844392fc79f86d0b612b412b88ea9b7,-0.794921875
02005f9fd581737f906c6770fedd1802,-0.4169921875
c357ff706074f1042a493317582a300b,-0.8193359375
bafda61ff1956f2cdfae59c4787cefeb,-0.19287109375
1e637777234ff7ce4876fddcd9a581ad,-0.482177734375
6134c51203d6aa6ee03372229b6c6290,-0.35107421875
2e2d5f1d8dfd4a5efc03e9e2a523d5d5,-1.6611328125
26f7e2355c76f8b189b0474e38c0ff8e,-1.2021484375
4606a5f63a241d80e6dd149ec8eb6627,-1.4443359375
8275be5edf0862bc6629c8c4a2a909d1,-1.484375
e124fc04f7e70c603a42f770cb46b510,-1.267578125
e263a53a1177d0849329ec93b29bfa58,-0.36376953125
fa527b92509c1cae49885502fcf80f3e,-0.93994140625
1255f8385e9ea08c969c5647d251e649,-0.89013671875
7fda8b76c0190fa99709aec8dbe5a2be,-0.69873046875
508d92984da45721bea734c5a43e5a82,-1.5126953125
495e91673e6ca662f08b3e4cc14bc56e,-1.0263671875
8003ce5c1dd591d72f4fd97abf3a5591,-1.638671875
d394c767d580150c7c066aeab04b3f36,-0.60791015625
965285dc1fb7602dbd32dabf331eeac9,-0.217041015625
27f653ecd4433e4fbbcdd91e331e4ee2,-0.50732421875
2035a306b70a41d2a909845f2ed1acb8,-0.748046875
04571fc18de7a7740b1f89436d3ea0a9,-0.6728515625
4e60e00baea85fa3d25f030217590b4a,-0.8056640625
b5259375c4d5863dbbc8a8a2d0716cf6,-0.82373046875
1ca48056c5de810ff12e384a4ac933a4,-0.99267578125
b59d08476c691ee7ce7e627fc6189992,-1.462890625
2f909ae2b09a6129c1e41bef2a353e47,-0.912109375
5c172e199c9df0a334aa410f85590862,-1.4599609375
49212fb8f3918278755896882b50a3c2,-1.3779296875
cfea6971a45de877b70d06ebed66798a,-1.1826171875
e592aceb91ef12b15cd2d3a7e218f4fe,-0.71533203125
bafda61ff1956f2cdfae59c4787cefeb,-0.19287109375
f1f826c042e5291606c91a3d93136988,-0.357666015625
0662aa5f5141d5176fdecc880d3d6865,-0.48779296875
51e59d91c539493554a9a8625f1a5f04,-1.38671875
688987edce20c815017b3fdac1d4d567,-1.1669921875
32c62ba2e32788adfb779004a99575f6,-1.1357421875
87d4bfbfcd85aebd39c7df54a6a4732b,-0.572265625
bafda61ff1956f2cdfae59c4787cefeb,-0.19287109375
b347f34442ace6c62bebcc8784648385,-0.29736328125
5dd39c609eb80ec980927fc256b35052,-0.46826171875
2d74886c40bdb2fbfc90427f7e85d8d5,-0.55322265625
78d9543b5dd0b6fd1f1a1dcc5f025fa2,-0.4228515625
319362bbff51b3a0944e7a69de17cd81,-0.39501953125
38eb1997bbfd2416bea5edaf28ffb3ab,-0.369384765625
035e60430c4728b25ca8c75bab60f7c5,-1.00390625
13c0e4146dc0816d2d819ed7fc030b4c,-0.49560546875
36e1ea06ca6c1504153e24526a46fa64,-0.583984375
f1a60517defec804cb6d5d3f6e93efa5,-0.1754150390625
14261a5613ac15e6f2761f4e233855bb,-0.351318359375
06c9932ec9bbb0ed8e27f787631b4fbc,-0.421142578125
3ef0f146e693c3d998bb9cc233e25764,-0.28369140625
b420ec5cb2c58e14b5f504d96fc9202d,-0.45068359375
92fab8301d42c45906c4bc4dbee73356,-0.53564453125
a46df2fd093c83f1c5f8e0871794ae4c,-1.7109375
6b278302fd1e57544a0255fe166a656b,-0.324462890625
140b14ec3ed972fcda789fb5618ecd70,-0.16650390625
c4cd973ae99f1fb8f1f5ecc02fc0cec3,-0.447509765625
8903d920ecda56cf50e4089ce7e42e83,-0.1373291015625
5efccef2c21880d353b2baa6bca7d38d,-0.2705078125
dcb375e05636db2faa999f8740fc3ca1,-0.268310546875
c78bfe5c40b5b784ad356468c0dfccbb,-0.38720703125
a4fc169d62eb4df03b726b7cb481cee5,-0.685546875
fa223467cbef7d6231f9561345c00b00,-0.78466796875
d648f9a57264cbca1cf36522911dbb2f,-0.8984375
ea55f7dbdb6209ce89819262c13973e9,-1.853515625
3c17eebf58e9d653a60a0cabe5bd2545,-1.1728515625
5573fa88b6245b0799317c1905a8e62a,-1.5478515625
bbe683aa29a2b5102a5b42f9225fe9ea,-1.65234375
febaf84fd6978152109c058302486c91,-1.1435546875
663d760a3f8b981fdeda8acfd663536d,-0.274658203125
8bb57977bdb90844a3b0327e10434f55,-0.413818359375
e3779e3e7e83036099b725ad66267039,-0.42578125
bafda61ff1956f2cdfae59c4787cefeb,-0.19287109375
e6bc8edeaca04e832932c32265f0eaf6,-1.5517578125
4f8d350ff0c7689d1c7950d26a9a1f81,-1.251953125
c0ffb4c6e9c331efab0922871985f24f,-1.46484375
6796d2a2599fecc6305fdf1547709dc9,-0.97119140625
aab41c3e87eb709e71d2b0ac1eebe45c,-0.372314453125
219314a9e4765bbb143117c3bec58d40,-0.69775390625
3d198ad254697f533b93cca91c688d5e,-0.701171875
280683b74706fc25e41dfe125d3bfb41,-0.93603515625
e7ead44c172b9e7c8c97fc184f824984,-0.25341796875
62ab5df0f7b515af007e812f9b5ea327,-0.249267578125
bafda61ff1956f2cdfae59c4787cefeb,-0.19287109375
614e03204c1d69b00c6375dc1e71f7e4,-1.1123046875
7b695fe749e6fa181864196fdd3a5c22,-0.796875
7a8bdce6f3bcb53a81da3dea1e0d0fe8,-1.0390625
955c783b524d5b95c070c397aa5463c5,-1.23828125
65f2fc08ce72c612ae985a2dc9016846,-0.9501953125
2fab58f1edcd96f4b31594e9fd2025bf,-0.6376953125
1d5b4761b8bb8b7452c9cbdf692beb31,-0.625
6d7860371b451ac10a1634704d7c6b8b,-0.89892578125
69452deab83cda69acdd7e5c859c7199,-0.6767578125
e7bc594ce64e529d6f8529dfd33c4ba1,-1.5634765625
460be94507d3933678aad19309b22160,-0.466552734375
c1381a9c4b1d792f16b76ddf2a53a156,-1.1298828125
efce9bb08d1b7d9295783f5d1659994b,-0.466064453125
e0638894fe9336f10304dec4dc3eb504,-0.195556640625
94200578f0048add06fa6f61f8dd1383,-0.316650390625
f688365e0a85cfadcbc5efccc984b468,-0.310791015625
6c78a38855d487c794bd32579439dcad,-0.422119140625
cc584333830c0bc5270d8f13e5fb16da,-0.434326171875
8eda9535f1083053715c1f5274a82dd5,-0.47314453125
3e46aadf70d6888ea59404bbd435189d,-0.40625
b523ef3e128c0a7286499cd708156128,-0.7138671875
bafda61ff1956f2cdfae59c4787cefeb,-0.19287109375
d6f273f0a500c83cf60f39aab5374918,-0.5556640625
d36158cc40f796c0dff0897bd30de16c,-0.11932373046875
3e8d93f5bf434eb813a4fbf4205a6ba2,-0.2493896484375
d9733e07420a16638a716ca587836cbd,-0.326171875
6cd61f3ebc408bcf77547d69102c4120,-0.25732421875
ccae443963fff0e2669016bbdb2ab944,-0.29443359375
c5e992fa942293e2f6f2e88ef1ef1c10,-0.489013671875
15b0598fe37f1e053693f8314198893d,-0.88427734375
f402d7044b96bd6afe7ac8dd6cf6a471,-0.2440185546875
b7c26cf3d17c328f7be7cf85f9c2606f,-0.0721435546875
c2089460c93efb5b18e793dfe0418ad2,-0.72998046875
1257c0af8f268d84f06fbd7c8bda5a9c,-0.30419921875
bafda61ff1956f2cdfae59c4787cefeb,-0.19287109375
20aeda4c3faf57eb54a5ec1a22e519e7,-0.1795654296875
07a5721aa6e19f55bd2e0c78c43e11ba,-0.1505126953125
4b1f6b1aeec3751356c2a18b83f38748,-0.250732421875
8526e72ad7c6b563072443128aae02e3,-0.474609375
e5589a91b9778ed1830b2caa7d8f7a05,-0.309326171875
c5cf638778486c150028f605972dd2d9,-0.85107421875
fdb6e8e442f62bab009c8da7bd4d20da,-0.578125
45bdc13b62f8fb4d572e915e8a84e1cd,-0.49267578125
742ae0c73bec70a4460aba054d34eb62,-0.398193359375
320c777ccc2ddb52a361175a6069206f,-0.460693359375
9ac002a4babf602d5333219db0c4bb9e,-0.2371826171875
392d9dbbd11e5c00974437c84fd4aebc,-0.5087890625
67b8e0a93fae843b6eed2387cf50d3e4,-0.31689453125
ceb7659b39df451dd85af5ff5b471a7b,-0.40380859375
a371bc8b032eefc9158939ab90ad008d,-0.99365234375
2c66542d1a09005c2c45d321fb8a553f,-0.44091796875
a0051b77865190eae0034865e9eb319a,-0.51611328125
f367d319b50efc3933f80ba47ac281c6,-0.79833984375
dd19e123fa22119e9e58c2fb519b4897,-0.5009765625
a146d7cd8dd8db12c55a6d6dbd29f550,-0.3037109375
bafda61ff1956f2cdfae59c4787cefeb,-0.19287109375
11692b1261ea19e1fd01225312a42fcb,-0.2169189453125
b75c54258613474f0b85e858dd43bc4e,-0.1678466796875
353fc7f82f4efa03a3627ed638a034e4,-0.2646484375
4dab2a72e0fdb0d1ee5eaf79aff398b2,-0.30615234375
cfcadab3ab3d07fab631916db33ac414,-0.62158203125
a5cbb47115cede6b29a3084ce01ee113,-0.60400390625
21d54a624b9eeace31198fadd6a321d7,-0.485107421875
f1b10e86697f665a5cc11be649aa889d,-0.71630859375
657836a133cd1749c294f154ee12018c,-0.57763671875
d518a43275c1394a5542ddcb61f8e0c7,-0.257080078125
00d59af2473ef7d985369054e9141270,-0.451904296875
d4814f513903f067bf4bb63b981ab81b,-0.22216796875
5de32e204ed6ef5efa6c9eaddf90eb36,-0.3916015625
88e5cff313f33a5e648edfb53ab15a77,-1.08203125
76187e64af1d1598fe8bf157db2fafba,-0.54052734375
f51e6e91d5c855ada29b52aee71644f3,-0.80029296875
f6aa2c5eca0be35bef6ba0e76effbff5,-0.1365966796875
47d1c9246d6d60f00a747709d30d493a,-0.276123046875
214d85ff97450375dbb511a49adca794,-0.52392578125
68b30404f228009bfc0c58375ef6ff51,-0.373779296875
f73c9b935eade711f4fb7b2f88340502,-0.64794921875
013ee46713740f375ddd7eb697ebc638,-0.3779296875
b3ea62c20b49de449df78f2138cd1a42,-0.578125
9095c2e2a73717c5148353382d1d9506,-0.393798828125
e561b55a73c653e0daa7c4ce955e55d2,-0.33056640625
594dd7ecc8cc30904ddffaff0209bd36,-0.22216796875
4d2e0fbd945b156ae9f09300f040324a,-0.258056640625
bafda61ff1956f2cdfae59c4787cefeb,-0.19287109375
78a433f2a2afd817f74a336736241631,-0.1861572265625
e6fc0ffea60ebb35bc7b99dd279b9d9a,-0.2919921875
c9bc7ce738614c38c93ef1dba7e0cb37,-0.343994140625
c8a3f1176bb2c1b8e16a6c9520e5f04c,-0.5400390625
40b08ba1bf5eb5067d9979107a85c6cc,-0.388916015625
771c86420803c67ec9fc6652fa2d7b78,-0.5380859375
91c8ac7c8330892a08c19423d4b25b53,-0.2425537109375
87fa6b3a4f9c8d4843e458eddeada9cc,-0.2127685546875
571f832805752fd8f9829db57952e18a,-0.6259765625
da3958dcf6b9b78892024ac6f41f87f9,-0.3994140625
9a177b851c972ac3b3405917dfe7b36f,-0.19921875
adfb87c3ff7570e955e25aeb1997b30a,-0.196533203125
c0cfc25cc8d718098cbdd8df5a5e7ba2,-0.1708984375
cd7ad5774f201d1a2849963576c25928,-0.289794921875
77baa79022d12a1aa659c293583c7baa,-0.354736328125
2d0d83a68279bf2e864dbcdb5a222217,-0.3583984375
8cc676ab207a5c0bdce36ed75a1a0b13,-0.140869140625
a4b761f0507b6981ba6963bb5ca401f6,-0.1824951171875
7de1bc4c1b773697f4964a48a39f9111,-0.25927734375
216f9266e49ffc458bef10c64c3f14a5,-0.48876953125
335fb3a40a5fcd95b85b9d14b60e24b0,-0.3583984375
2ce850ea7b4aacfd927d6a2a02b7a75f,-0.19677734375
bafda61ff1956f2cdfae59c4787cefeb,-0.19287109375
c8b5b7da236c0218f6261a080d73d60a,-0.333740234375
71c533c2083842b90d57a29f35bbacaa,-0.294677734375
77a2489b88bbeae1083ba72019ceb767,-0.78955078125
da0f2283d7fe410ee9a95069324f8b91,-0.216796875
2b48e6078f779415986235ad208739da,-0.53466796875
d3e899faa53a5f50cfcb6bf122857809,-0.374755859375
c7dc19261fbb21b14e6344469eef0254,-0.1822509765625
d419265c5a5a73062938fcb44c989a63,-0.2103271484375
fad3508c01e5d98cae8621f25081e115,-0.21630859375
577322bb054fdde83fbc3eee8d0bd573,-0.2646484375
f0a416f65372b6086cee18ef9a3ddc92,-0.284912109375
f1f29a140449aa1335c11299bf91ae8c,-0.25732421875
5db71cd4220a351a255c9b536ec3e221,-0.278564453125
976dbe42da100c4263c2755b093caa8f,-0.1920166015625
9d984549edfc82a8239d970e4cbdf710,-0.265380859375
bafda61ff1956f2cdfae59c4787cefeb,-0.19287109375
37b16dcd00dcdd7a277fcdd4600b1d1c,-0.228759765625
1965dd07a577755d0ac8a5ca3f6f3e0c,-0.148681640625
7f5656fe0cb57c51e560cfbead3f9570,-0.263427734375
4288966eca2f7bbfe33329a5442ae848,-0.234130859375
ece094f9a268507296140c394d4b92c9,-0.2322998046875
68a5e5ec4a0d2a1d8738cc4b7692ef9e,-0.3837890625
145f33e2c2acfdea4008edf4b328891e,-0.154052734375
52d7b0995f0f6bf4c5ba3ebb4d61bb72,-0.2392578125
5f6e1bc8b45d1fd41ba0482868598ba3,-0.322998046875
464533ff29ff26a7e6abeba267fec8a8,-0.369873046875
412e377d499680245c719b4776aa2db4,-0.1441650390625
a3bf7a0484514c21f4adf2fff57484b5,-0.1324462890625
3405943d6bb887b97600eed6b27183ab,-0.125732421875
140eab596551d409e51be70e9cfd8f07,-0.1500244140625
a31d9b74dd0382530619455fdb7ee9e1,-0.2069091796875
943c27510f01616abc7b1d6d5f3682cc,-0.231201171875
c3dc98d10b34c954304d3ce006f3226e,-0.2125244140625
f79adbb8590988b115b73c505d923aff,-0.27978515625
bb789be436e13367884e45254052ce7d,-0.287841796875
1811af6944d0b712be1a55e33b2b68c8,-0.1942138671875
bafda61ff1956f2cdfae59c4787cefeb,-0.19287109375
6d531c6e73499e4a9daffdac04a8484e,-0.151123046875
0dfb54afdf05e2ab3035d26b3b58aec2,-0.173095703125
fe3d60588f58c5e9ec861eea53f003d4,-0.180419921875
89d9761ae407037e9857ca4c35d3177e,-0.1417236328125
d2a112323eb2b5819862b63cd4efa84a,-0.416015625
791ff7507bf92c537290a2a89a7a8009,-0.282470703125
e7e902156dcdaa041e6c9cc33f8686de,-0.22119140625
566de39e59edad72da9b6d4147b731fe,-0.1939697265625
170c63fda4358178ae81d20ffdf01066,-0.69921875
e8b792ced1cf54a2cf97f09318a70f71,-0.350341796875
3d7bb4ddbfeceadee49c021744cf90e4,-0.333984375
a36c15d13511eaef944c1358c5c6009f,-0.3330078125
4bd8a255c5b97487813644150ae93570,-0.262451171875
fe1767e36af072e80f0d09060765f170,-0.2252197265625
7eecd01f2c88e32c4f56bbe2da88dd38,-0.274658203125
5bb7431e2f5c4b0b114430861935cfff,-0.15283203125
a43ae2ba696dc5523fcf3179a092af79,-0.91552734375
e890785c82a5d51d1ab9085a287b0f1a,-0.609375
119825e029dedf25797d86e9558b5f85,-1.162109375
f2004790e4e3f9f883d103d4fa2941de,-1.4287109375
7a54b7c07b73f7ac0cf0ec75c8a8392c,-1.0810546875
379cf82f603f7c845bf7b51b91b92297,-0.19970703125
1753c8229ab0dafaa9a8e77aecc9e18c,-0.47314453125
586c5ecaa98e05c1706cf5b5b8ffebae,-0.5107421875
bafda61ff1956f2cdfae59c4787cefeb,-0.19287109375
faac8cfb4a419cfbab9a1cd949c22e7a,-0.92138671875
961399dbac9d057e422bcc4594ef7f9f,-0.482177734375
7722cecfd73b113af2e226fa37110a0d,-1.06640625
60a8bb8fe79789c6399cf817951e7aa5,-0.673828125
3a7329b4841bc936966338d25c74dddb,-0.380859375
d9c6d25fbb6fed575c6797a74d614705,-0.5361328125
f2c887a47b7814d8d0c8cbc01488e559,-0.1282958984375
467ee9ff23e9fa05a6cf55ccc1ab934e,-0.428466796875
56fff13efcc3bdc82535e939c5e53c8b,-0.474853515625
4fadd3b864770b4a3251314c97b686a4,-0.490966796875
e1e0904b7b5919805cc1ee7727513d7d,-0.402099609375
ae563e2ba4872cdfe7e2bd3c41e95ce2,-1.015625
7294544ee163b5d666f8252478060ac2,-0.55810546875
6f9ba71dc9fd897c338246af063aee09,-0.90185546875
bafda61ff1956f2cdfae59c4787cefeb,-0.19287109375
10d4bfea285640801ba9829cb4046feb,-0.363525390625
d70cbe6b4b405f76994a2c543fdf20d4,-0.33056640625
dcf9143eb184935b60285a6b153a2ca2,-0.564453125
9c886c68f5f649b8e9fb3c19e6efc72b,-0.6494140625
8c754494a9d8f98e68e4d5b09aa28d70,-0.62890625
543ebae97c40835b0c7772982286a73c,-1.0380859375
e930a73d78f466d70a452d1e33eb2350,-0.453125
d17d33e89be97976961fadd34e2d1b85,-0.1749267578125
ba7cd4891be09941b636ac84068d7361,-0.43212890625
526d5f3169e9c79d40d85aec59936a2d,-0.18798828125
0d74326456ee3d661f43aebe3cbe5a60,-0.29248046875
13460781f8760fd7c8ccd42dc4179ce5,-0.2115478515625
fb65b18541d03c49979918742fbfceab,-0.253173828125
53344ea96bb556024a48bb6afbb7bcfa,-0.310546875
f61f4d1c81cfb4341bfbf713246d331f,-0.341796875
800cbfea7dee429c6d6805f979a63534,-0.32421875
9f85ac2e31837aa9b66c98ae2c75327e,-0.28662109375
10dec4b353591f7a8547ab566ad7b9e2,-0.29541015625
bafda61ff1956f2cdfae59c4787cefeb,-0.19287109375
88f792b6007360a9f387ea4a17e8de61,-0.336181640625
aa7d87d20f48da75355a7088f03bf4a0,-0.1480712890625
a93260650f6295cf78f357ff54c89964,-0.2225341796875
f694cfc2bfbdeb4c1c8c30f6388ab988,-0.305908203125
a53f5565609c6d3b2428daae72a81976,-0.313720703125
4c91f9031f2bf0600a7b01579b8a7aa2,-0.327392578125
3861092c16019b81943837d11624e32d,-0.85546875
704207442eccd33dc703da0c2044b747,-0.278564453125
7b35f66576f2a566fa7c5ca033d0654d,-0.36328125
55a56b9d5df7cc2c1ed547ac1638b89d,-0.8876953125
a107748baaf1c49d2712c633dd9ef1f2,-0.360107421875
493ee349050fc905213ff8865ebd2f87,-0.371826171875
3151e625890fd1bfa863f15e8d1a0dbc,-0.2724609375
8e2b6078d48d9afac4eeb5c24026c0e0,-0.268310546875
0f3c424057686e8bde86e6f31f07ee99,-0.35595703125
a6b923ab9ad51a69ad1d71b57d38c43a,-0.283935546875
45531833d67976aa72368d890de89f15,-0.44970703125
0c1dc35916db0eb8ad8c5da96a74f764,-0.828125
bdcc636a7f04edd729c965cf93ed5511,-0.49169921875
e1454578bcfae76cb7a3f2977df8cfe3,-0.69775390625
868a4d6b3203ce9c12f03d7c39381871,-1.1103515625
d869a77ddd83bc0a9e19af8da1b755e9,-0.57666015625
bafda61ff1956f2cdfae59c4787cefeb,-0.19287109375
0089a74b10f3a6eadf94d2977dbad900,-0.473388671875
f80fbd85675cf55b4c25c2be58a1b568,-0.37841796875
6c7363c3dc584e780302711dbb2d3d43,-0.57421875
1ab47f73f67eae8f53f7a4feed35d228,-1.1640625
43fbd3d3917f62e0e96002323ae1ecc9,-0.6337890625
c5216458c3890d6393b9a579078ff1b1,-1.1318359375
cea12d06055c4cc33813881e0760e920,-0.6103515625
bafda61ff1956f2cdfae59c4787cefeb,-0.19287109375
28fd6fc2d4d3083241b29a9487c4b771,-0.57470703125
e05590f140b7812915f5720e45ebf302,-0.97802734375
1afc87f63e92f9b41e5129cedacb6f68,-0.88232421875
a9a83edcd589c55c83ed1674da96bccb,-0.8828125
03bc45b469fa4f839f1daedd244a19af,-0.923828125
0e4e7e41c02fdde58f3a55275ed7523b,-1.076171875
61084a6eed00c0346b6e08d6d99895fb,-1.4775390625
61f11735e89dda265d45005606b843d3,-1.271484375
5fa1b7fbe9f381ec12bfdfaa04cb3486,-1.400390625
b8f02bcc1e212c800c5f5b91323d1798,-1.576171875
f79355aa41a26c3e51ad549a6ef34961,-1.181640625
1e9631048b0b8de097db3e89744d1fe7,-0.744140625
01c0e12b73f4b0974002ceb1ff052919,-0.50341796875
05e38271e709a41942a0a0d2d6b29e04,-0.78173828125
ac9031dfc98089b4e740c0b86f2aac6a,-0.59814453125
ec82e5267a34933b3337074aaeb76ee6,-1.765625
cda0d74736fdfec7ce9a91844d2d4be1,-1.3857421875
1c24f7a2dd2e6b00c792b698b45588f9,-1.4091796875
08e514a5c5bdee9b1affac415ca7b59e,-0.31689453125
657838a16c831e9b0e7a8864aa9ca4d1,-0.1495361328125
6e4277a60c17efd3532a344a2c579e6a,-0.2359619140625
ed0e16faaa8c1fc7d5665345a1381e22,-0.19580078125
d12102ecd9b5d5ea7cba53429c84064c,-0.238525390625
bafda61ff1956f2cdfae59c4787cefeb,-0.19287109375
e4db3153ad61519c843e2be0f76bc384,-0.1763916015625
a897862709001aeb0b6700ae2b467361,-0.154296875
69cb9fac68effef9303ff0e5174a9a85,-0.236572265625
ad5675cdd737e913b0d72fd304c7a72f,-0.222412109375
3ce22e6c995142a1978447f2c4b7c281,-0.1982421875
0c4cf9b88e30af502e3da3b3e11a1aef,-0.19580078125
bd10c6adfde34565702aecd765b02a52,-0.1510009765625
4fa133544d9c07e80ba0bfc42f16ae4f,-0.2037353515625
96ddb83e6ae7bd4921c5b210cced79d5,-0.237548828125
3652a5beb3fed586b207f430a194ef25,-0.196044921875
1feb42ddff6f5abc57d13d2ee30ba15c,-0.240966796875
9ad2b9345274ed6b8ef16188dc13bba2,-1.2626953125
8fac01b0469a1198f5587190c4cb76c9,-0.18017578125
689dfdb867ffc11e75c14c90e3053349,-0.1595458984375
396c7d03069cb4879220bbf9cf07a670,-0.27392578125
e8d60fee99545aa39c1becf386c0bec7,-0.15869140625
9e2f4ecc57fd0ea3bd1fc5a4be9968e7,-0.427490234375
89bb06b804472cea27aaa70fb9d11193,-0.24658203125
967817780fc4cf73a728342917f5749d,-0.38232421875
d7ead9a4cc8c5d217766d8000b5908fe,-0.422607421875
377f5269e147323e4420e050647a0dce,-0.487060546875
e3e85355b06582b4c141f56f8be88e2b,-0.3095703125
faa848f87d81fc8307a92504b19848d2,-0.2744140625
322f771c6d2b85fcc817eddae2c614eb,-0.2763671875
ac1b497ac188244e753b1094a38f7114,-0.19580078125
c304c515a79bd5f6303582e100924334,-0.441650390625
b58e21fd894396c5283ae8eae1dcbaa3,-0.16455078125
7c4cdc7627bb66e8b6a98641f79695a3,-0.264892578125
318451fe50dc2e11eeed2d6ec45b043e,-0.1497802734375
0abc88f584cd87b367b00742a8305cc0,-0.39501953125
c2ab6fa28839ea57e05d807a7bd93e0b,-0.1793212890625
eba222a20d9cd6046d7a2833de7882bf,-0.96435546875
bafda61ff1956f2cdfae59c4787cefeb,-0.19287109375
4992114068cb0978eee7aa2f1a18b30e,-0.51904296875
d59c74ead2b1cb9180ab43af74032479,-0.3154296875
bafda61ff1956f2cdfae59c4787cefeb,-0.19287109375
aa82d8cd0a438da31000cb16009f445f,-0.50048828125
59e0f872f7916e097ed84333f7c2ae2f,-0.7353515625
1a204684d16922fcd3658983e6060935,-0.63134765625
5576309779ba872718f591a1fa93b933,-0.89501953125
a65393c8a91af70254c35efadb812bbc,-0.99169921875
d4c5257bcee006385fade761e6682b1c,-1.0654296875
4368754c1d89f9b0dfae2cda73c02c46,-1.1376953125
d64f9028b1e5bf76a4a444b6d70d0efc,-0.85693359375
1602f9b5374196784eb754fed565e9ee,-1.1044921875
60ac7610439ebf965902635b8311e095,-1.5498046875
94cb79c1670a508cccc294f140fee855,-0.921875
d4de913e8aa4ad97332f4fdf59e23b8f,-0.62548828125
3ba80150897c16ee5cdef1369082c341,-0.26708984375
166dedef5ce1a21196ad1ab841f538de,-0.421875
85c8fe782861b918c3433f21358e71c3,-0.494384765625
ada55ff934b344b1be9f3e43aaf7fbbc,-1.5009765625
8c81d92e4711abd93e9a768b634c15c6,-1.2041015625
ae51006a54631af1ee9cfacec1700ebc,-1.34765625
58dcbc60e1edbe48b5acb8aeca9abc29,-0.93115234375
db00d5ee23132184c32d06f297ba7c38,-0.383056640625
832e4d0dc885e68dbad5afd26b2ff284,-0.439208984375
636562fb64e67a0e18f7bec70d752167,-0.280517578125
d43e9637ae0c3db56b8e6501d9b430a4,-0.470703125
bafda61ff1956f2cdfae59c4787cefeb,-0.19287109375
48fd8100b4883c6219f2d565b7251af6,-0.11981201171875
a8ad0d465704432d16b2f5cbceaed86f,-0.12017822265625
b2b9ed20398c57b9692400775a6faae4,-1.4677734375
e4548a15e4d4eecc70dd66d7f5c03814,-0.8603515625
060292e58283ec89978687a4f7331a4a,-1.0712890625
2c583b10bf2a9af2c7731fc29f364c0e,-0.465087890625
da1323963457dd0d0a0445ce8544ca7f,-0.638671875
8596339d6da8d7d8a43d25b5d0e45a0d,-0.28369140625
38513b4b86167445dea689361743c895,-0.55517578125
ef8c8f4c78384cbe9264784ad1d52479,-0.59765625
7ce4b41cb645f6b535ef60cf777c4cef,-0.55517578125
e535d1796a272c09188697f20e20e234,-1.6298828125
04d357dd31de17be0d26e4b1fba677d4,-0.5166015625
798984104df2a85b94c8ff58952588bc,-0.4462890625
87bb0fe421f9fb36ad255a23333b81ea,-0.3916015625
df6a4eb6a5f3fbd840460617261516ff,-0.19873046875
f6639bf3ec94ae6cb6161e1d9183fe3b,-0.2486572265625
e8a902d675cc1c2055dcbea9976e430c,-0.1893310546875
862d19b7698f59d6a8f6ebe01f481654,-0.24462890625
42fe57fa1ffa154b7ef47b6931b7aa7f,-0.258056640625
de37cc8cac83a6632c6bf3401db36c63,-0.2568359375
6ee0ae4d8ed3cb399f2bdf89994f8c45,-0.166259765625
b81d68c7ab780506a7944d0e9d5a8ae9,-0.244873046875
caad83946b995574050bc936f9aecdd4,-0.143798828125
bafda61ff1956f2cdfae59c4787cefeb,-0.19287109375
4e910601de906850c902f3380691676b,-0.256591796875
8163ab3354addcc579225ab85ee5aae6,-0.1259765625
a9adf2fcac4b260d7f695ddbe6541de1,-0.11737060546875
a31ed29a3bd52a0c940d7d478bf598db,-0.2222900390625
f3268dd3c47dd467de6db020489f4cc7,-0.204833984375
f93acd12dca3a28529268454aa0e637d,-0.2020263671875
2cae9a984f8fd270d0c76baa7d62915a,-1.0849609375
3ebdfe03faa00421e5cf86a3ed93088d,-0.2093505859375
6f3920f90a8a5d149e36a319086fa48e,-0.26611328125
3e59afafa5dd71ef105536ae9aa55d03,-0.91064453125
064d39b6502005b8cdb86970f3295d32,-0.865234375
eff97f98596bc148f1e465f622ded9df,-0.775390625
3ba887c3b0548a63bb532e7226ed6d7a,-1.0859375
cd77bd38263ea31bad6eac4a13f66763,-0.97705078125
bafda61ff1956f2cdfae59c4787cefeb,-0.19287109375
2d30421fcceefa4c9cf8dadbbe6e8c10,-0.364013671875
5224d2d8677773e63ce228c3e2570cfa,-0.3916015625
4ed899d07a4f815bf7791204947148b9,-0.91455078125
994a3695a34ab6e9d51c82aba617d8cf,-1.0283203125
853c0dd5a39e98efde8daaa2f5443fa5,-0.89697265625
bd3239955bc6ac6678dc536c32c2b594,-1.41015625
4fd9fc48b48e70a318f9798881cb3e9a,-1.001953125
abc4e67fb355d2473a180e5db46a087c,-0.88720703125
21b4f1c6f84634b5f5eb5ac9ec6ac213,-0.7861328125
d5340e1152919712fef3fd3e5805ac88,-0.8994140625
54a2e036e61f7a5697bfaa599eff7ccb,-0.814453125
0e9caa8c7fee0dd11d37ba5ee0fe36f8,-1.2568359375
708703cde7f57ea1761119a535028f09,-0.8017578125
9d5fa1740d8f7a876590f89949c84160,-1.322265625
2a6e9e6bacac99145e67ab8f23d572e3,-1.1923828125
90cba9090ebd1cd691bee1076ce5eaf7,-0.88818359375
aa8150e8dde471838fb3fa4c0d881a63,-0.4453125
bafda61ff1956f2cdfae59c4787cefeb,-0.19287109375
12ca2b3bbb7b54893bb5c2d3fe17f023,-0.193115234375
2f50efe8f34288d1edec12a0bfbfdb0b,-0.2464599609375
cf9130418b5db1dc4e7f0b7a331d5d9d,-0.56787109375
20ce41182977eb7877caeb3db2b4d11f,-0.45263671875
43f2f5a5a81628aa8dcf91be45320f75,-1.4521484375
5d441c919f345fe79559e3f6e850498e,-1.095703125
6f3148f793660923ee598120859fa817,-1.2412109375
a9a6d29d12a6765d8655f12946bd97ea,-1.5283203125
31be482eae793c3015398c195f05c81e,-0.73046875
77f78548be1637928d7c4296bf72abbc,-0.25732421875
4a91a3feb51a172b1329c310dcfd06d1,-1.048828125
f22c478cbd5145069bb676a2b30ec446,-0.63818359375
c4088b6a1ae00a2c68015c2600ce4d51,-0.734375
a88c2f4d77bbc76109936d9142a5164c,-1.638671875
5f5e0d8de932f7ff7c1f6107a59cfd20,-0.97314453125
a6ddb52d55f50a3275c94bca7450b259,-1.4658203125
7e5e09e5c3935b0f71a5416dc86b3f6f,-0.765625
ff11c57446726f725ffea29daadf1526,-0.2705078125
fb250daecebbfef17af49dcb8b2dcfef,-0.1397705078125
48e14a845ae6bb9b3ec28f02573f9902,-0.21875
00e14a340a94ef5527acd3704dfbc85e,-0.1552734375
071b64cb40889c419997ee8605e40ee2,-0.301025390625
783e3ca52fcc79ced33d22702460055d,-0.356689453125
67deafa979311a3baadab646f8ee9409,-0.2052001953125
5020f9dbd302196f7d4b8b762c190462,-0.599609375
d85d1637f06fbb8d5cf8fef33ed40e58,-0.320068359375
b485daef99366ed06631a3a64135a9ff,-0.47265625
bafda61ff1956f2cdfae59c4787cefeb,-0.19287109375
9525a93f0611e783970070fb440d388b,-0.2978515625
9baf244ba350f06c473ce7ad5502ab15,-0.213623046875
c0fe6141e029c1b7a7e3e11c25930b5a,-0.263916015625
29688c0d0379135043b8357c8a24e18b,-0.2310791015625
387bf10e72beca540e8174af43b9eb05,-0.326904296875
349d8750ad75abfc3be18200ba431660,-1.46875
3c2d7f25d8fae60a7915b8552bc48551,-0.34326171875
778865e0460ab69140f70364fcdbb71f,-0.208251953125
5dfae902c7eb05cca3af5fcf9d0523a3,-0.389892578125
a7c49c098fb714107914ccbc760b30de,-0.11676025390625
50d3f8ffac7cdacddaf1b0b07a23f740,-0.241455078125
4b31dcc0ee65acba57c994807b283e65,-0.232177734375
97953920935e99959531f4976a616d1e,-0.2279052734375
774a549ad97fb546bbda8b9d59d50ef6,-0.251953125
9a3cc134a6593885ff6625eacf280e15,-0.335205078125
d18a0ee858a2d65c0baab312c01fc296,-0.2529296875
3b435ca911b79f2b30745a2560a7d09d,-0.25927734375
bafda61ff1956f2cdfae59c4787cefeb,-0.19287109375
60a8354f6dc05b711ba90e1624f987a2,-0.1561279296875
ab118329721832d6ecde875713051828,-0.19482421875
5053be30e90d386d7463dc22ccb3ef0b,-0.169189453125
00cb15874a5e044f6b3b939bc0ee5064,-0.194580078125
fd88e3c4d3d143fb6e1c7bc97a3ee183,-0.183837890625
6cfc3233f5843c38909de1aa79700772,-0.1888427734375
d2d24d2a3b92d70c9376f2a9960e682d,-0.2232666015625
270eb3b9e832dce20bd0e51afdd8191c,-0.8349609375
c51e4995bfa9b11d79fb4b14f116541c,-0.22802734375
131ca3312c6741d1c9585bccecae85bc,-0.19970703125
491976ae6e3c772c19e8f0282a836dd0,-0.330078125
ee0144399fccca97533c02eff02b2c44,-0.080810546875
b2904c4505d9b132963f56bc098be5ba,-0.1849365234375
7cfa0f916b2f6ed152b1b9e51ee93df8,-0.371337890625
3ae7ad0cab5a47fb34cf3d9ddcfcaaa2,-0.315673828125
816dff5478f6fad5d11ec7bdaec95349,-0.23876953125
fbf4142e71d2ec38b8d34379bdd87eab,-0.372314453125
c2c7e2853b503254dce54a3242e221e3,-0.169677734375
5f5b7dec226c4e5fb8de3a6a3176a6c8,-0.64501953125
3a185c65c61323371329da2488b84d26,-0.119384765625
88ee98e099f46e8101e808e040ab06f1,-0.46826171875
bafda61ff1956f2cdfae59c4787cefeb,-0.19287109375
84cbbcc8fc30ae151594dd2671e0fd99,-0.2509765625
8b641ce1472f92fa563aa74c12f1cb54,-0.235107421875
ee72ae102971905ad016ef58db340936,-0.1610107421875
7598ef63b778d1daabee66af4d2fbd7b,-0.11798095703125
87bdd2de9f1f9d5f8a407f8bf5452d2c,-0.10418701171875
4f584ff21199a80ac5e847103f423c34,-1.23828125
8f7b57072d71627707efceb67c2fe5d6,-0.053436279296875
842c76702aed8c82e1039efe3c3d3fe4,-0.27978515625
689fba32075877a19c9569a07cef2c95,-0.64404296875
af3e3aef0faf6a007f590505de7001af,-0.36865234375
2310b1059d39c6da8027884a735442da,-0.33544921875
3516d3eed44b52d12ed9e497e50bb584,-0.3310546875
4acc6114214cac1f263b6580dd6b22b9,-0.29150390625
bafda61ff1956f2cdfae59c4787cefeb,-0.19287109375
d641d74ca139349d5ea08ef6ca81db36,-0.5126953125
63116dd2c8469b994c14390a2f850747,-0.43212890625
885658e93021d3c1cdb5a96f9d1d9ebb,-1.3701171875
49655170e08843106b11c9d327513972,-0.86865234375
5c8e2b800ad3f8ec01871bcac348f8eb,-1.10546875
8bcf5be98582c2496cfbdd4b08a26f0b,-1.26171875
48a5286b0d4d28f6732f48a64ad5f2ce,-0.7978515625
dc219b2ec1e801fe9585860fdbead84f,-0.2418212890625
893405bba6a1a3852f21e4b9f3d91136,-0.469970703125
1b4af07f22438374d3bd49c5a18eb1b5,-0.5458984375
3240fa700f31ecfa1b1981132c61c680,-0.19775390625
67d64e8e4de31c67a111ed9da86d5c2a,-1.548828125
8e3299cc804de9a93685e5739664a922,-0.67041015625
ef6cf18e5e201b09a17d62e23ba32b96,-1.248046875
64d98e5c56f8787ddb5febe5dbb140ad,-0.708984375
c384d81c08f30648cd1b37d77ffca8a4,-0.49462890625
260a676093a18d28f72448e5348e0c63,-0.28271484375
ca7694be57b5005b4396a2b7630df8d2,-0.420654296875
540b0df563d36119aaa2b293e14fa636,-0.27099609375
0be260134fec5c4068ec45b7b47c7b6c,-0.268798828125
bafda61ff1956f2cdfae59c4787cefeb,-0.19287109375
869ef0d4ef0ba5ac25244a093580fbd4,-0.2000732421875
fa0e9101254e8c9ca1c81f92b75cdc5c,-0.67822265625
35cfbd32c230c82c1e9ab300717e1db0,-0.578125
1ca92f1413cf079ac9ae0e8983ed9d97,-0.499267578125
eb2ca317f1241d322a3e6f0a5b4f3b1b,-0.6962890625
bca5b8c6f7c0c639a94d40a8df529286,-0.5224609375
a9a530b0dcee9424dfdf3ae94962c16b,-0.44189453125
41611314f44ecef0dc62e1fe7f8c8307,-0.48095703125
b70a1c2f95d29c5ba44766a541f7c3c3,-0.362548828125
cf3701ed89a27f59180649e3ba45bffe,-0.4091796875
ee0e9a2b211c90bb1f8406dcc8a73ef9,-0.90087890625
db4321aac0fd9fd34f3bc5f7bb8ea064,-0.47509765625
e992028837c2d5a0f8a61853446b9433,-0.66162109375
83c87ef2328f6dae7084815ac1987509,-0.63525390625
2e6a070a02d71d557ade623db7133f09,-0.431640625
d64fed35e267d030583fcb5f290ec987,-0.373046875
f3b381084cfd69337b2b5bc1033b7651,-0.572265625
5403135ab509af523d301c9769e307b6,-0.51806640625
764803eda1d0c7520492a2105b94f98f,-0.61962890625
0052ca1850638eaaa2b7beaf99d53e60,-0.6162109375
44c88e23daf3ff3c70522b5a80739705,-0.66015625
bafda61ff1956f2cdfae59c4787cefeb,-0.19287109375
45a1cb1e5f13dac07f9e52f8b4e351c1,-0.40625
021b0f37a3765bca6818be946f590364,-0.53515625
19d0571dd70b3ae62c5cc5de4a3e9653,-0.82275390625
9793023db7953a646352ba29c0d17b43,-0.66064453125
883291f40ef9e27ad81bc5214f2d2fd1,-0.57763671875
1d4eb7df0d8764a5d096524a1e4d5a25,-0.36181640625
9cb94a664ccf0b2f4e1c8a41093f8894,-0.5986328125
b20d3e19d8d34d0b0bcb4165638b0137,-0.417724609375
af48ab88125184317aae4785390a2ab5,-0.896484375
a50b07c2eeeeff0ddcab9948fbe3d0ab,-0.44677734375
413bf04270ef4aaecf3b47c8f98e3068,-0.81494140625
cebad749b0f5dcb65f606c6ccc3c6f33,-0.2481689453125
36c1637db7df0979165b65ff512ce25d,-0.106689453125
c9db1300d47c57ba6f2e65a95052cd20,-0.1707763671875
d4fde085a0efc406b8a890fb90b2f693,-0.20361328125
081ddb46d7d3c4c340e741bdfd38976e,-0.18603515625
4a24a02ecdcc74ec65c0359fb089145e,-0.2191162109375
f329bc92fac569713822d6438b5473a4,-0.1898193359375
479fd3e617b6c0c76d06a6bc9eb85b05,-0.1839599609375
e5c8dc4893b9c72bb90125ecb7d6e251,-0.1845703125
8103e4cedb6111b0dee87722b80ca820,-0.1485595703125
76bca79f0e8a9af016c6f8f6d19d1ee4,-0.061431884765625
bafda61ff1956f2cdfae59c4787cefeb,-0.19287109375
4e35ee9a19f9d19fd2d8c2cb91bb96a0,-0.1341552734375
9a63a88eb2206396764271984052c877,-0.1710205078125
8422d1fc33e521279c64ee0bcff0bebf,-0.1241455078125
69618e359f44d621cd4d27aa3b318723,-0.1871337890625
1c8ee0758237f65984b917c45d5eb38c,-0.23681640625
ef612b8909e770b533da7e07e2018411,-0.111083984375
94590a352f0801a289e5fcebf53b3bd3,-0.1846923828125
d0be6e068fb1d9976e03628179eaf928,-0.1566162109375
4df0d0fc7eb06288d696aa0c0d452f80,-0.341552734375
0d0db561243cabdb82a4e68318d7f503,-0.20458984375
820c56d3c9f20ccb31111f168390de6c,-0.2447509765625
bc1d389eb6f3148e606b6a42b4cc3f78,-0.2998046875
72da6e2358d71f3a57750e28d18e1514,-0.253662109375
3f96739a31af4ad6923120cdaba35c66,-0.309326171875
5b275f25334bbb963dace140e450b48c,-0.359130859375
8815a51d6ec546c863b89323c900e504,-0.2744140625
e7e2918a4cf5698855b93a7f0ed75774,-0.1492919921875
db711d4fa8c18923875ee5c6b80036e8,-0.173583984375
bafda61ff1956f2cdfae59c4787cefeb,-0.19287109375
e5d8945222b4c399323ba5bf44eff61c,-0.150390625
a0d679f9cb4c70b11ed0d4e0fcfff6f9,-0.198486328125
2c05c5ddd101115b3c71206198b817ad,-0.2481689453125
0d15b0a209c294ba21433338c61da523,-0.221923828125
504d89037a5b33a488c65a3dcc8c0598,-0.2039794921875
746d4798128b6e7d4788a0619d96f6a5,-0.286865234375
44dbeaf16911e3cb416d96c6bfe39d62,-0.4921875
7b1017d0d4326a3a66bfd86a477adfa7,-0.227294921875
d20f23fdf4037e78faa222fdbaa1a955,-0.241455078125
b410d0c35fed24ccfe2dfa12db0731cf,-0.400390625
3d4c290e9cf13458d25069a9be55f41b,-0.330322265625
126a36cbf23fbd7709334f63245463e5,-0.359375
6ccf9a1e51088358015c2a4ba343779f,-0.3525390625
13b4597e57a9bbe45d4cf7677981f3cb,-0.360595703125
b1d4b68f1125c2cadaf49d6250eb5510,-0.224609375
ef0823e97ce28113504a062c4fe6e983,-0.267333984375
bafda61ff1956f2cdfae59c4787cefeb,-0.19287109375
61586a577a56d5e90b255e5a33f6985f,-0.310791015625
34df14ee194e0896e18398807d3fcbc9,-0.2164306640625
df7289bb71e8e017e467f748c1a58379,-0.317138671875
a7f8cb82971bce2712d9c92735581cb1,-0.294921875
41dc336bd73edb09b50d0da9329d9232,-0.290283203125
9fb775a9fa43422b40e87ccda1dbf56b,-0.31982421875
69463329e08638346a4c153785ea552a,-0.312255859375
04f414649cbf265bfb585eefa09614ba,-0.253662109375
22ac2658465512faabc7eba56c740291,-0.251220703125
aa1a81b7612926b62f7c4bd9d1aa0757,-0.7080078125
6d7b298ee5abc67825ba86c30ea5827c,-0.1763916015625
d1c9b34e08fd0819b5b0e247f206194f,-0.289794921875
893a89ec6ded9fd423cc7d42a5a0d758,-0.1353759765625
7a44a6e65e41c9ac511b1d7576818464,-0.4052734375
cfec1a09fc99d4cf54b0458ca9bb4d8e,-0.7978515625
eb66a71d3bff9ac45255781f783324ac,-0.471923828125
f25530f62aa8ec4ce8d7d8cbda72d428,-0.83642578125
15dfe0ae907bbd3bbb5abd4599f9cae3,-0.42138671875
2a501743d7d3791c2c903e6862036a96,-0.576171875
b25facd00208ac6cfb6628f48d654b29,-0.377197265625
b2de0125a0f96e7129ccfd70873b996e,-0.2073974609375
2ac7fb09ad6af244b3d3687a2ec226cb,-0.2093505859375
bafda61ff1956f2cdfae59c4787cefeb,-0.19287109375
651483d196f36cb6712ae2b08dd6f010,-0.423095703125
75a8c30cad0f859261274a1e3e44ea83,-0.286865234375
7ef79a693980c9ea8ffd5a04ad06a29c,-0.41259765625
60b0dfffe6d9ffb02027db6f5545357b,-0.353759765625
4f9ab94f4975d08779e6a4849dda4684,-0.529296875
4374b0a6bc6421cede1ab92494819bbf,-0.363037109375
1bca7b8f086d6768a2fa8f65a99fd80d,-0.7021484375
227e32c4fa7655a390b817c354003d57,-0.373779296875
41fdaf8913c98d356713d8f9f4767c50,-0.51513671875
bafda61ff1956f2cdfae59c4787cefeb,-0.19287109375
b4c1a7aa878ee9026ed331fd815b20fd,-0.465576171875
0f30d3df0aec01ba0386bdb8048d4593,-1.0322265625
71f1e0f90ff896a4b9fb9979806a7ce2,-0.99072265625
30fbdf296e769faec2c6c4bc2f7582e5,-1.0556640625
5129cfe5317f05c4cf1575b0e95703be,-0.95361328125
bcbfe4711d8d67bc89f40fb4ea8a9f08,-1.0634765625
cb4e748120bf4741d3c32090e44ed7a6,-0.91552734375
6cbb72412cf9e158b83011f9cf264b82,-1.1298828125
181b6d8ae8b8be9601dd5ab26cd4aeda,-0.99169921875
d70ae888315a3a47cfbc9c204fa086bb,-1.1572265625
b9ef3a8bf188ac82a4b8109fe9c9a07e,-1.1689453125
daf98191bfec501435ccdcc7476a0eb5,-0.98583984375
168d0177d88c8ce638b9eadce20c2ff8,-0.8818359375
f16b2f1e82b17529fc41d1947611c760,-0.62060546875
fe6f1807a313fe94c1743bce705f2748,-0.82763671875
feb887c6d2ecb575da1cc18628df2f76,-0.69580078125
e380cb2a160e60a6620e9088abb7fc2d,-1.3916015625
235a6882e0bf1ed4e891b8170087e18d,-0.98046875
eb5f42cc9307512909dfac3c93df3e2f,-1.2021484375
7aa2590f5f5ed0a6d2e87919534d4169,-0.8564453125
119a5c88a54d35b9a3c6eea449194753,-0.732421875
ff5e0fd251e0b4db16d0381fbbe6bbc9,-0.487060546875
bafda61ff1956f2cdfae59c4787cefeb,-0.19287109375
a61b5ec18c7eb01612186699ccbdbe6a,-0.29541015625
f2c89ee01d7d8137a6a4e174182f072f,-0.159423828125
fdd4ed61e33701e29cb5d7fe7bb5b096,-0.272216796875
20d09d6a28ee46d90a2db8a77a931922,-0.392822265625
9ef851dc46cb6aad2961eced659b8e16,-1.2607421875
07fb4407d1a0d91e6554560bcb9eddbe,-1.0400390625
71cecf8643261baca08cecd1a0983979,-1.1552734375
2005f93527715a8e6c0598a56d0b2a46,-1.234375
eb0900981cd3a400df6d848454d93115,-0.86669921875
56d4b1411d4d9ebfb73c6b0f9f06b9ed,-0.337646484375
715a89af7ff677419d52b5acac0b6980,-0.9091796875
44415ec54396abb55b25a5198aa4b89c,-0.751953125
8872e3f36621a2d6bd0c58887197302e,-0.7255859375
4477a49e443545a1754204a0aca28636,-0.87939453125
f3ff69f3a9c3505d528f4922ebca2599,-0.83544921875
38bb2cd921c469b5bb2c13c40b27d489,-1.205078125
cee43580de4913db1e69abeddcf7fb9c,-0.810546875
16fe31486c9634abf7fca85ae7f36642,-0.473876953125
716d7395c9fbbb9b45a3b1de14eea001,-0.294677734375
032c466d3c3ed5106904752172d5bcd1,-0.337158203125
5deec65822a4c993fb5391961c0b8c0c,-0.2034912109375
bafda61ff1956f2cdfae59c4787cefeb,-0.19287109375
16fff56bc69c2a0b2569731cf0e1af17,-0.1822509765625
fbcca0e16b4fabbb06bba6b56c798fb1,-0.1895751953125
74401b918f9ef21062fd0b4728d6dadf,-0.97705078125
5ae5ca82d5b6bcceb3d6973b79a46afd,-0.5478515625
fdda8783e0cbff55801cddc349bc5c68,-0.79931640625
e11ee2966361ce0d77fe447e54a1f0cc,-0.521484375
6a3132c06df237c9492cb397de9e6431,-0.64990234375
f5ae1f95546a0cbc5f79d13cb6f48f85,-0.34326171875
374aee0f2a090e740f70163a62872877,-0.6181640625
2ec955de8487120ce8c70ed04131558a,-0.54931640625
9b55eae5e58a9ba4d689046e73cee888,-0.57666015625
555a8f675c8888402fa13de00e0e9364,-0.90673828125
bb3726c2707b64f2bde3b2880450dd9e,-0.43505859375
ab725ae5f5d3e21ef0c224cd223708de,-0.501953125
b218a95f32c6fb93eea847b5568b5542,-0.85693359375
16b2a4f244d4fb70e86fc31a576a0144,-0.6689453125
ed3bb4e8897a873abe62d60d5b2804e1,-0.57421875
400217504ccb4814f2edc6c2c85658f6,-0.50439453125
88bad8308d5411b60bc440d3667ce1d7,-0.578125
bf572af4c1ff3f4b3a0812ff32dbec5d,-0.364013671875
bafda61ff1956f2cdfae59c4787cefeb,-0.19287109375
4f6d1ba4a50b8eb6c75f18608ee09eca,-0.350341796875
a3e5f2e80a48bd833ab71366d9ea9b54,-1.0185546875
571b039d6378834b1b7923a4fc74597c,-0.8486328125
c37f2ee7b482f643dbfe76b6ded79eed,-0.88134765625
72b5e4ea1a69e09d24f20252d0206f1f,-0.98095703125
4c8c570b74928477e223bb6b49bade97,-0.7958984375
b7428f14e975aeb21225097062c95755,-0.458251953125
aaa0a008484e769b1357bf98b755b481,-0.7705078125
b2d95781b31b5cd3f54f90aab1da0ecd,-0.6845703125
c5e7c14cf68277d905353bd6bc6e77f3,-0.64990234375
d14af4b212b04eea34b2d2dd43ddf939,-0.9609375
3c93085d007de38f4a6dc3680f13f05d,-0.6708984375
1e9d0002bb8840f44540e8a2d8264c34,-0.8642578125
e6eb433f4b04acb547522e1985e90f8d,-0.399169921875
9e38d57122ec9562816a937540139879,-0.211181640625
0c9c1764c59ffdfa1cc5eaf61721d1a2,-0.3505859375
5ecde25205ba1c14fb9bc04548603589,-0.22802734375
24872499aa87231cc0de74c5d624f461,-0.383544921875
0a1a70f94178dba4ecdc55d118b824fd,-0.344482421875
78d3c8ebca8a16250e6910f6b0597283,-0.243896484375
6c80606bdf2d54a003e318c880485785,-0.36376953125
f693ebd587c608063ecb71d7e7ba0296,-0.497314453125
e1bdf52665b8f8b4e376602bd2782633,-0.34326171875
92dc4824eeba48e85ac583ba7ac05363,-0.291748046875
1999a54bfe085ab267cdacd7b23c2500,-0.38427734375
5951c994aec72c0c4c1b672bd1e1e335,-0.1888427734375
b703c9efca7d6ee757b5e0499dbfad61,-0.1771240234375
bafda61ff1956f2cdfae59c4787cefeb,-0.19287109375
2db69fcda8d6336d1e7f3f968ce1b326,-0.361328125
7aa3c982c334765dd26f44a843a85055,-0.41259765625
dce150a35997f9e3166a5f3d7f56f4a6,-0.74951171875
c764b8740261e401804f3471f9b1e077,-0.316650390625
278bf283fbc1906e8291041a6c8012ec,-0.35986328125
1d8b3bb92870bcf901737eb82c65b288,-0.73193359375
78df3a642042ef6a01f7f9f8747fbb16,-0.441162109375
bafda61ff1956f2cdfae59c4787cefeb,-0.19287109375
f0f63181a2bde04ed58b02222f263fe9,-0.248046875
4aebf6800e924bc76407f3e11ee54877,-0.2161865234375
fb269a77068566b6f74b2458ac8d3372,-0.5693359375
6e7c385b076b3e0e09bb114c530cde10,-0.64501953125
d72a83f14105b67d8105a8ebd30723b4,-0.5966796875
9c84978806e643430f9bfdfad67aacd8,-0.95458984375
4406161d7c6bd80aeecca424fbc6ae4e,-0.6376953125
c97b577d5ede35d6fd403b6858b07d98,-0.69677734375
d13a8ef8459d8e585037ef76a0cebc22,-0.76611328125
a450e1355d057f681b11ab86194de09e,-0.54296875
677629dbb99ad9b4c8d5d5f50be864e0,-0.399658203125
735b32d7280e47ca7cf3cb4af063a681,-0.5126953125
14ed4c91c54308584cfe76fd41c45992,-0.3564453125
383fcef92e4f42c799374a0cec9c1a92,-0.50244140625
51bb6e58d3c580a8b230f3651c975c0a,-1.02734375
4c538e8167a7d0b155760acea4c3f5c3,-0.64111328125
1eb7f90c3807a1ce63eb4f27aea50b27,-0.74072265625
0b25458839c315c9426d0efdbd7285d6,-0.408447265625
818d7ebe5ae8398c4d705a1f59501e41,-0.4482421875
5e8cfb140a87b59f0187942144169663,-0.650390625
dbab453cac75f27fc6f42c8859d89038,-0.55078125
9700687151a2914722f6ab688ac11c0c,-0.60693359375
026ac4146a9afcf2185951ee9f7712ef,-0.626953125
c7ccf67ae9a75c548045c16216bfdeb5,-0.5537109375
a5d891f6d7373f445a4069d0d79fd579,-0.5771484375
f06ff9fd9642b0b91f0017a01a7cb640,-0.044708251953125
030ad88a1dfa8eba08f14c3919215779,-0.1451416015625
1ced8514fa1e7f0b13b307875029bb65,-0.458984375
893ee1d838d6d7d101b7e09a2eae6bf9,-0.60498046875
8f4b813748a83c46ff1176b8bd388e75,-0.53662109375
99dbd4d705edcc9b7e9893031775a6cc,-0.5458984375
bafda61ff1956f2cdfae59c4787cefeb,-0.19287109375
7d2abbb14ecb5a351ace9ad90ce786b9,-0.28271484375
60972d9a8f4e92c95615219432ce78cb,-0.51220703125
827f271ae7939a606a90514e5e33c882,-0.85546875
13da8b17ba488f32c4379a4ad1cf71b7,-0.52490234375
f0e66ef23018e99481ace7f7453c9610,-0.63232421875
1a33b9e78213220ad216c0f4ce447518,-0.169921875
96d56a6229daff9066cbc18f6a1bb7f4,-0.04339599609375
6a2a24ac08b2506bccb4937073a9d7ea,-0.1883544921875
49a5f4acf5dc69e0e647cd025f03e1a1,-0.1527099609375
001ff016bdfe5176013df42532c19ebb,-0.17626953125
0a2ca4a7f5620c2e6bb3b71ec5b3473e,-0.1995849609375
fff6aa78d705afece39b128de2f29ae8,-0.1739501953125
5d22b59c8a2653c2be2b8abcabdbbbb6,-0.1988525390625
717a5b9a2f377ac1329b12e2567d9645,-0.1768798828125
d07273836fd76ec95b9d01aac2e3c805,-0.1558837890625
aaa0618991e292721437c6ace88ca20a,-0.1097412109375
ffd6d697ab4014a0c16b96bf362b1e16,-0.13916015625
66cc6af5b8690c549dc8801b02ba39f5,-0.18017578125
abd8c43b05790a3efb440801e441dd3f,-0.18359375
411f489594e0db412dab27e2f9451f1e,-0.1077880859375
8ff157c3aab7f214470e6b1d9922519c,-0.17236328125
fa6c3c4f00681de1ab3064d0a567b578,-0.2110595703125
9b7e9c4c38c10af841029fd7827f84b4,-0.13916015625
bafda61ff1956f2cdfae59c4787cefeb,-0.19287109375
08396cbf6f0d2e7f3539cc5e9792b7b7,-0.184326171875
28b289d46413f58c47a45b6e93db036e,-0.2744140625
95b24cff4f3a039272aed27d5a9ed15d,-0.1734619140625
3c3127d97cb1d6767c628ccd0471a811,-0.232421875
1c021661abf82f9df9ec0a543a46ef17,-0.191650390625
71e8c18df0afcd1520f50c5176eaad57,-0.2352294921875
afe13112a2fca0443ca3eca4ab11586b,-0.1968994140625
82ab746ed7698ce999fc64be8d9dff94,-0.240234375
3ca7d1bd54fb76a6fdfb02ddc7633bf8,-0.2215576171875
a468fe4a71ae21f07344fe9bec22dd20,-0.12432861328125
201a0a050b296c39280ec2ecc985335a,-0.211669921875
fee6887249cfad58d40d9f971675aac0,-0.134765625
bafda61ff1956f2cdfae59c4787cefeb,-0.19287109375
2318cd27ca840a2226235e116e7582bf,-0.2078857421875
4edd4e8bf1d2aaeee416c8854a1df01f,-0.2252197265625
09affbaf24379b234311c7f6cc4ef7c1,-0.1600341796875
6acd29b741815dfed08f29574f72d209,-0.178955078125
0ea00ccc6247363f6d62115f56233789,-0.287109375
4fb4645c32e4bf12e85cb53e171e858d,-0.619140625
9461f1df956e1dbf4c7fe11127333c0c,-0.232177734375
b6d563a90c300c567bcf0d5c2a43e2b5,-0.284423828125
bafda61ff1956f2cdfae59c4787cefeb,-0.19287109375
d7c037026cf25780120c5b1187f1bc39,-0.56005859375
568ac65a6a1a4e7969e89cc7a996a9d6,-1.091796875
79deec3951b27c46137ad188ae6f93b3,-0.97216796875
c5af8bebc52ab3fea6b221023ac90b41,-1.1796875
7ac33dddaf2950d2b68a6dba93f87fe5,-0.89501953125
1113e1b3da9a9737a2df688704924f1f,-0.93359375
0d1dcf612befc9f9926363dfbe73e87e,-0.89208984375
030fb499515b8bf621788eebc68d9029,-0.54443359375
f14aab2a9e305b1be0676859c7979958,-0.728515625
4857f6b4acf66da4f891df3a5a7ee941,-0.70751953125
cea3177c77ba9777ac7f599e7d00ec3e,-1.09375
2a721b212b4c4ac6e5631cfcdb633b18,-0.91650390625
4e2ffe8f1cfedea6b06fed5332c3426e,-0.82958984375
49720c11b99c1782e4f51422cfdd62f5,-0.6240234375
6766445d8d2df3583baf32d5a650ffb5,-0.9228515625
0e5d4c97c835474ec707ae3b408d4233,-0.7734375
6e01c1740cba6b0548e76ee9abf8732f,-1.2646484375
ee458e060415f6a40da43a2cb45a3944,-0.8798828125
b26d99ededdf0c8c8e8959cd9dbd9089,-1.060546875
77da1136ac531ccd6d690924b9c5afa5,-0.439453125
025efcbfa61473d883d4c24854c472dc,-0.283203125
bafda61ff1956f2cdfae59c4787cefeb,-0.19287109375
38f84d9ac86f57332fe4e9b4d7c96ca0,-0.2310791015625
f7815da2fa4ab0f8d0a3556e41138c96,-0.1571044921875
a758841ce283a74f04ee7109c1aff8e6,-0.2486572265625
5ab5ce04afa37dd90c91c1a158d9fc1c,-0.30908203125
628f8ff392464e75bbae44c5d831db35,-0.2220458984375
96102c06bf8e579e954c1a2df8712a53,-0.29345703125
f51eefa48cf21b108ebc01c27a96372c,-0.387939453125
748528b103146b69ae77d9895fb3eac4,-0.10162353515625
c62b6ab39192732b52f67b55cfa7b7bf,-0.277099609375
462551534dd11ae34dd5c7a31e860c5f,-0.233642578125
69ff91c6c623d7492dbe7f86b2c35e57,-0.2418212890625
c3b427fe1e0ac2586bd88f89d22b67d7,-0.351806640625
066bf0170d5cbe7e647f07be6d2a2c96,-0.2176513671875
60c0baab32969193f2c1977eb119dc15,-0.382080078125
999646b92248d6a3f52397b21575afec,-0.7919921875
972a390bd508594b0405d513be38800d,-0.3037109375
38219843869fe6603db5c8b4e00337e6,-0.3623046875
1b026a454805e84dd78115460d8ed9dd,-0.58447265625
99270d60adfa3443fa355d87b322d40f,-0.2890625
e7410fa46d533c2c792c1f2fccce0f5b,-0.374755859375
56ea22352090186ae2e05214caaa598e,-0.55615234375
eacd81195711a51c3cb2e1337eaa1f57,-0.441162109375
528965a96d92a44fc1a3c89490789c29,-0.65771484375
29ea1fd1bad78c590af0f905bf8a540c,-0.6328125
8e40cb7a6ae0cbdb98e56e1c759b8190,-0.67626953125
a05ae1de89916580f22e0e6c90934e9a,-0.640625
ff131ef4909a1f17b1ba47ed80c76078,-0.62646484375
fe466d3f433d0749f7d749792db5b0a9,-0.603515625
a09a6b10f0e2adeddd75eed942036788,-0.64306640625
9a5003f4068f1e2861c50f37dff8ba74,-0.65234375
e60b13eddadc9ed9d46ee82a1e4b57bf,-0.52734375
e8afdd728330a7e00967fd207f2101de,-0.42431640625
0a94898b6ec812338836f1242fa755b6,-0.461181640625
f16940e6b81ab304ffc977b3e4b44e61,-0.58740234375
bafda61ff1956f2cdfae59c4787cefeb,-0.19287109375
e4bbe6e1d406de98706374e558bc9951,-0.69921875
b99e8136d8c71e75ee15e0f1010d82ff,-0.5947265625
9fd8cd563cf7e0009dec86ed08115ce1,-0.444580078125
10afdc11c356e8cd3e9ab0597156eff7,-0.3486328125
bafda61ff1956f2cdfae59c4787cefeb,-0.19287109375
2df52424776290071bae61915548b7c1,-0.2076416015625
5ea68de4fce6a79805039e3cec08e949,-0.141845703125
fd5a8521999ae6600e7dabe645a9d501,-0.34228515625
b3c6462c0756e7af163d12c4b2c7e555,-0.3349609375
308f8b1b82188c64113438aed49f3275,-0.3486328125
82f3c412f2d68a799d1c67ad65c486d8,-0.3134765625
9c84dfe453d3be6678457dfa07201f1f,-0.374755859375
f7ab41a44b26275e789f8701fdf69edb,-0.277587890625
9937b65ed615ec394564ece7527c15bd,-0.393798828125
51d22508c7895267c8dbef206c40d860,-0.315673828125
9b5c2fe552c34e6b0fd8f48d31ddce4b,-0.273193359375
fda1c1dd9c6735118760b9a8a3bff353,-0.331787109375
ac0b4ad44b4d76d2c42127afda1ff9e1,-0.2445068359375
f5e5e77f39fa37fe49e98e55320518c9,-0.28173828125
a045eb655ad7678e861d037c56a7042a,-0.53515625
f35e837653ea82e2d16b1e930a940dcc,-0.365478515625
e5f537f877021caed13ae3618a809b02,-0.41162109375
0f3ad842ff7674813e57e613dbb8db04,-0.406982421875
bc0dd62a9420d1ebc1db54d31278d85f,-0.384033203125
42684518076c6d7ff558cc3ac8d8ea05,-0.52880859375
b219388334b6740e5c101787052c2f91,-0.479248046875
507c29a8b47a66c68eaddc52f09f4ae1,-0.57421875
df5f91330676c3ec28fd9a6b90c9cbfc,-0.4599609375
7b59516825ae608b0c55c62b3ce7aec6,-0.37060546875
977233c084b9441ea12840cf2c7070af,-0.4814453125
bafda61ff1956f2cdfae59c4787cefeb,-0.19287109375
cf8382669fd3451d1c5ce7a2cc3bc723,-0.359619140625
0075ad34abbb2140ed8b367dbcf99484,-0.251220703125
d510b8384dcee36d000c7e4188d92804,-0.397705078125
b7e4a8bd52e1b706b121b0487de4a751,-0.402587890625
3ac3ddc8ba6aa2f61502320c73de2ff5,-0.440185546875
e36b2df6cc498ef72d8bb4a14534fc8b,-0.394287109375
86fa188300970523ab7f32d49a89b098,-0.50439453125
256b86ed968b14737ebd269efc665641,-0.4501953125
9e564c2f39d77db818a03860244d5200,-0.484619140625
11b1b71a4ca1826ce0d1a31a363ca923,-0.461181640625
ed77a7a5195a4944ad0655723a284405,-0.46533203125
c64aacbdd6262a05450cebc48057964c,-0.29931640625
f4297a629e3382b0202d6ac59a2469e2,-0.2274169921875
bafda61ff1956f2cdfae59c4787cefeb,-0.19287109375
98b8b9c89a012b328405f3499962f1ca,-0.1435546875
90ced6f6111c288eaac29d0aa63e1f33,-0.1878662109375
bbd6b3a708c4987cb7a72010e7306f12,-0.210693359375
dadb372aa1b66c4aa3214d6f2f04a1be,-0.1885986328125
85b695938a68e9c3909946efa2dee925,-0.12274169921875
b86074294394a95fca17413ebeaa68ad,-0.288818359375
3712a355d9d22b0b1d28b34ce5cfc3bb,-0.225341796875
9c825aa404ea1ed09a0c2b5ec9040959,-0.205810546875
80121f2830005d89e2c064327c9fa67b,-0.09979248046875
028eea9c0a95c5d59e408df4d499a186,-0.1741943359375
0dac5a8b5833de82f65e7c720b547b15,-0.15380859375
0d740e32e5f4cd1f203324b41b87d669,-0.138916015625
5a00ddf040cc73f50a46975ab14305cf,-0.1873779296875
98bf7c159d6b1da35551fea98cec86b0,-0.271484375
57af3c6705c4a2b404d7e9294ad1232e,-0.2186279296875
98af64529bbe665ce183e32004eb274d,-0.1839599609375
c3cdb5d85f9c3e622e6575f4cd4960eb,-0.12481689453125
ed3b45d4be9df4a50666ef7544608acd,-0.466552734375
647784a18c4b88d29de6a249e00bbe69,-0.370361328125
a38c3f1b4e530ca8434676f9bc9929cc,-0.46923828125
eed10fbe6ba0226c18d902dd73133d55,-0.52880859375
b0546ff4084a39a6458dd6d970703775,-0.51416015625
ef8acf5059b78a8edb950780691ef452,-0.383544921875
2d7f695bb07f0838eb3813d405b2169c,-0.4072265625
b28a880758ee089bfb393f643cae6fdb,-0.35498046875
f506a73901d515fa1504fbc55e1052b2,-0.449462890625
374ac11ab5677ec6720f529501de1b62,-0.36083984375
6c6cf79569f1023175859304403c594c,-0.372802734375
2dfa98a91a6173389a18c553b2bb2b6a,-0.331787109375
097fc06d09145b5ba87ab8fc08e61b4b,-0.41015625
bbec11b50289d32064f4cb521c9d1888,-0.4189453125
f6d9bf6aed8e212fee4cbcf282e67db2,-0.27294921875
bafda61ff1956f2cdfae59c4787cefeb,-0.19287109375
34bc3b9b3b485206323e2c74746747c3,-0.4111328125
aa992ec6d62e4a9f484c370cbbb17f2f,-0.58203125
e3572307d3a2ab7fa8dc0827032b852e,-0.417236328125
b3d6c0e5aa5f43797a56baa8b8485034,-0.27978515625
facb1fc11c726930e86cda3885e720af,-0.6015625
fbfdc7561cb98b109e98217bef1d3d9e,-0.326416015625
5f23237d7d6ac4d992f773088263d618,-0.52294921875
51117abfc86fa58b483da2058ea11a2e,-0.51220703125
66492e53d794a1ed5c7f480d7dde6709,-0.52734375
82fa9441189fddbd6d17a5e10972a302,-0.57421875
d0f65cc2b9270c3842f93caf2d906f93,-0.65576171875
c87cf8c6844c7ee5c02f93c2719a689d,-0.52685546875
cd0aa588a6ff523f87a4909c55cfbc35,-0.68896484375
b30ac76500c411245cacd2cfd9cccb42,-0.595703125
39450e9bde6a594038bcb48ae9300407,-0.78515625
bafda61ff1956f2cdfae59c4787cefeb,-0.19287109375
8ad0574e500c964c40ada1ea6bf5799c,-0.548828125
a1ac304cf3bd7d42eee709493ff499b2,-0.50341796875
cd891485e399394d890a113689a4905a,-0.09735107421875
f833ee6362679388290f768c7fc649f5,-0.394287109375
ee55eb0f7f0ce62b58e7ca70c54dbf0f,-0.53466796875
da3c8941d74702ebc6df830245f01a02,-0.07000732421875
37f9a9cd22c2b02b169cddbc92d905c1,-0.55322265625
5e99657eedcc2032addbf3865a92a9e4,-0.3642578125
747b77033dd9bdadc346e0440a217d41,-0.5966796875
41685bb3ecdf6d0d57fca0b4f0ec58de,-0.3818359375
5f9017d247316838a9086b532bbd3131,-0.480712890625
90a2d52d49ecbd226c7480645c9c0a08,-0.332763671875
2436e19ce07d46c5e9e295a720b1dd61,-0.51904296875
6a9bb7d966ed8100b3224796a0dadc53,-0.208984375
d43fc72ddaf69d4bd0a68bac2efc7a99,-0.21142578125
b86834c86382077892169a6d9f49652a,-0.1697998046875
f7fc8613b284a93be4ebcb325a0b1952,-0.609375
907f1df4ff28dc18965b8433afa7e532,-0.37158203125
c7c90e27b589ef1bcca6ab865bc020b3,-0.62158203125
32ed87e63bf0c8bf91e99b23e122b4c0,-0.568359375
1f833039afea55737bff903e4e868883,-0.324462890625
82aac38e9b903e570469399763e1013f,-0.34130859375
4ea14a92473c5ecb2986d9b5d731cb76,-0.28662109375
0fa6b5652c3b394bd66cd71fbd49d6bd,-0.354248046875
85e8401cd92a824fa8bc9bdfd243172c,-0.341796875
253e29046bc199f707a4b676051b2975,-0.75048828125
bafda61ff1956f2cdfae59c4787cefeb,-0.19287109375
b9f1ca053d7feccca263ae9366f8c551,-0.4130859375
bdb0ace7f821574dbf958dcffac301a9,-0.49609375
402cff01daada0d0999b3f8d41c37f21,-0.296630859375
bafda61ff1956f2cdfae59c4787cefeb,-0.19287109375
f19ee4f4e1672489be59b8f05b0b351e,-0.287353515625
a9c9ca80d91bcc7f1489b1fd8f9d84a9,-0.169677734375
e69388771de5c8d5fade109ccabeb509,-0.53369140625
8f5212e1758e6ca7fd0d5bbb4a0e5527,-0.62255859375
2815321ee79765b9485200caa723186d,-0.72509765625
7b19b146f3ae40c6243e94bf41b55e3f,-0.9208984375
827370843c8f65c374485d509feb1796,-0.6318359375
31837cc0096dfb7b606194251749f674,-0.8828125
0d31d8f91062936d4aca1d94b73cbb54,-0.8291015625
6c9f0f4088811eae77ea42f97623dc15,-0.64501953125
548ff76cb7b48ab9b34b2de7550f24a4,-0.295166015625
d79906554c1d696947598d1807aa1fa6,-0.35791015625
ae5d12b0ece88626da8127eaae5d6a46,-0.248779296875
1d1202d89e509900d66ff16b90ba4a50,-0.392822265625
6f8727491ea010cf4f4d3df177645804,-0.55615234375
d6eda2b3d812fad0db839cfe617a3dc6,-0.7490234375
980b95d57f546b78c4c9dda2cbc3a16b,-0.833984375
66df637e1573fad8713c9d8264f2d7e5,-0.509765625
66b7094985110a3a0dfe222f68a123b3,-0.420654296875
bd9e00c3350da72e5e20d79ab6cd0fd7,-0.451416015625
80096c9426ade5fe24f3cd7ac7e671fa,-0.474853515625
13c65fbbb6ae8224376ce264c8cf01a9,-0.464599609375
23e29ab4d9f5754865b5060dcfbefd4d,-0.3271484375
56610f5eb9b4869acaf945a89ff84255,-0.1419677734375
bafda61ff1956f2cdfae59c4787cefeb,-0.19287109375
cd20d364201bf546b36f433bd933c2cc,-0.4091796875
fecf4e2b088afdcd9ac5297d7e6ea189,-0.36962890625
1c8c56c15fda5af4353b939130b0f83d,-0.295654296875
427affbc43c5e58f126cc2269661f6e7,-0.5791015625
524b2bfbd494671cc2e953409f66e700,-0.355224609375
b77bc002d0ae71ff60ca69307e31615d,-0.39404296875
2326d8c0d3f9fa2c02dda7e310c4eac0,-0.4033203125
378dc4c827488369d803b350f5065323,-0.41845703125
ceba8b2c7ddaf7c3bed9d6bcee739f1e,-0.4072265625
31059436da005920f435a0ecb005a954,-0.693359375
dad8cc1c9bb95bf643c796d0620f6459,-0.4111328125
44f84294575aa45c5f00241caae55b8c,-0.455810546875
d1e8e9e766eb57a9d55fb10fc854eea5,-0.165771484375
e5111da70c531313714aa24bdf71ba12,-0.10052490234375
bafda61ff1956f2cdfae59c4787cefeb,-0.19287109375
3b1b458a585e838bf2ba291b9cf1f4d5,-0.41015625
e88a183b0794d025b2d3421eb9703319,-0.341064453125
d9c5d49369a48b10f656f49fab26112a,-0.5498046875
d674b6cb4aa12d57b3d1ee08d5186195,-0.501953125
0b9056b76b7c1534eea0823f29f508d2,-0.60986328125
cc466542bc72b226f23b55f809486360,-0.429931640625
1e65188ac8b675c112729c92a4b4f0d4,-0.398681640625
5816be74c4d702e5b895fe9706332915,-0.432861328125
984a15ae26e678afdefb802d2592d3da,-0.8818359375
f374b66f5292c746f64a95bbffaa298c,-0.5712890625
63fdf1f801aa2a61306a7fea982c9950,-0.34912109375
0fc33f6c9cb67e2105e749220192fa90,-0.24072265625
b655cbe909e159b3856f9609423cba7f,-0.236328125
f9586a25cee7470ecf1cc70e19d31ea8,-0.20849609375
dee336fbc43dab4c787d50e6d7dcb094,-0.50732421875
42add9743aa75aafe2a089c748865d9b,-0.654296875
81e6074a478b66c64b52fd2685d9cee6,-0.93408203125
072bbcd03200fd9f344ad2c60784719c,-0.77880859375
d65c3881109120509c8464f3305cfd47,-0.55224609375
dae93a03b1e1e76dc66227a82e7b043a,-0.416015625
75a801eab986fb6cc6eb7575a4f0c991,-0.2080078125
ee63d79a43f8f493e68ca05eb23f4850,-0.364013671875
fdc75738b21710624f24ec40b9bb904e,-0.31005859375
9f8a55837f62ba572fdf502ed45a5639,-0.241455078125
46b6fc2c4f34e4c04255f030047aeb2c,-0.34375
e0e2b2716d22b5345841624de64a4792,-1.03125
2f4db1f22cdbdc620c679630341df34e,-0.48095703125
b1e35d5392e7e15aca0dd5d453c8bf46,-0.92041015625
35937e79bc22338123d982e60b475cad,-0.85400390625
bafda61ff1956f2cdfae59c4787cefeb,-0.19287109375
8d2c5a6daa1f51c2ac26c610783be9a9,-0.2489013671875
7ee36546d4056c8315f7959c54f39113,-0.5439453125
b6cc8321d277c94bb8c2b5787317cdef,-0.371337890625
1bc504f119f442361117d4f0cd445cfc,-0.474609375
582c74689bc5af4c345bdb9a482333cd,-0.80810546875
7fc4bef719e4fe9aba96f21dd004c425,-0.27685546875
18071c485d0c2f88760e324cf8ec6cff,-0.716796875
7a3b5d228a7cb317cee6e590d04968cb,-0.63232421875
bafda61ff1956f2cdfae59c4787cefeb,-0.19287109375
dd2f9baca38a2a213c6f8a4394e138c3,-0.57958984375
aa5a6a1155199433d134f5871a5baa1c,-0.81591796875
ea6b8c0254c87abb806075951bb77c73,-0.7353515625
95c920a799c9f2aa94f3cc433dffbf5e,-0.7626953125
cab7a0fa579c7e4412df9b323adb6c74,-0.76611328125
ea6f18e1e4c80cdc81e803252a50c527,-0.947265625
7f0826004d5e526e3f7469d3658030c1,-1.3759765625
632c620056a3c6993a3d32e21dcb2a61,-1.0234375
1dc354faf1e71fa1a22b573af9bd93b3,-1.146484375
a0819b54122a098b6c899df9048d8040,-1.291015625
d41fe94901c5e4b0a68b80e970dc0f25,-0.98583984375
4eb34ef22d7cd549ec5619e8d8c89afe,-0.7041015625
1f79f2cf04268e84a7ce21c65ae02632,-0.3603515625
529ffc86e74655a85243bc4d0933342d,-0.5703125
e881ed92fec02172fa54d08e59f4a7c6,-0.471923828125
a1576ae7c882e9c88545086d16fa1600,-1.2744140625
b3979681cbae66f3a9775d2d71992603,-1.099609375
3ed4676096c626b2765767903b7223c0,-1.2763671875
23558a88fa579965fed7b5a198a8cc09,-1.3525390625
3a1331e9f866b4cf3e3b7d79aa1ac398,-1.076171875
11424eadb7910e174d02f543a2244ee9,-1.041015625
c25f007c949ab81a20166af67ced5b47,-0.7861328125
7deb08c028a988319c8a71ad4e98fdbc,-0.90869140625
bafda61ff1956f2cdfae59c4787cefeb,-0.19287109375
1b4ac0e304dc8553a0f53b41d96729d8,-0.63330078125
1123179e7f7f1840304521f7a9232d68,-0.3505859375
bc460da8765aba574b8c1a25f4bb1c2e,-1.267578125
b6f73178a31370c919284eca29fb0995,-1.1875
415f6185447903334380cdaaee5abd0c,-1.1796875
9a5c81feb340df22811367a517557121,-1.1767578125
eee77ffc3361dc0e27cf2705d83ad1db,-1.01171875
7aab963c4a0f8ebd62a8820fbc470fdb,-0.70654296875
82b0812ee7a38c8af484f20895735be3,-1.1728515625
d19cc8e0fb1e59ffa01c16625564a9ad,-1.111328125
bd9cbed14361b218a51113f7d462ef73,-1.111328125
434b8547b1a796c44a9f1d076e773e89,-1.2265625
9e8092cf8b875402abb4f196244d7309,-1.0302734375
9de1fc53a379fc31adf01ca821386db4,-1.177734375
bafda61ff1956f2cdfae59c4787cefeb,-0.19287109375
49593d64e9ce61344ce4f9afbe1262b8,-0.09173583984375
edbacd6c44001ac7990669df6e894b0b,-0.21923828125
9a7073ea4f1587db1b4d7e44c23d62d3,-0.305908203125
067c1891157f71c6a512e275790338f5,-0.30419921875
47b5109af6e6711f0c93984a0768342d,-0.324951171875
0e0750f10df04ff6295627e4d5505848,-0.498291015625
91527e0192cc638c78084e1f4c1e235c,-0.59716796875
8633648a25f48182cb643dafbcec83a8,-1.1142578125
4d74f5b706a2139eb7f57a51158f5448,-0.7373046875
c2b8c64a60a90f0a5327947ef5e59884,-0.98974609375
7cb66bcda715882cbee7d61c4b6b208b,-1.1220703125
61f46afa127f1a1f47befbfcc7a0d047,-0.92138671875
36d74da8de6d8765b45f8826c1b6f476,-0.29931640625
2618337b59ea48f411a0c37e38801356,-0.24755859375
20a4df3a1e3dfef4c257ef4750c5591e,-0.209228515625
aba18f8b2e68928ee494d752af323f37,-0.224609375
96af1b31f4b7d1e3697c9fd50a2209c3,-1.083984375
c7b056ec6b1667d622bf081610bed4bf,-0.86767578125
12c2a254e238098e31373739a590a00d,-0.966796875
253e7289b79bd3bc6ee4c5b927fb897a,-1.2802734375
97060ed203d4a0232a870ca026c69bc3,-0.8212890625
0bacb31e0a7b1a39bc9e38d5cd4353f3,-0.47412109375
aad7da48b7f7ee9af6c56512c5cbc748,-0.375244140625
bafda61ff1956f2cdfae59c4787cefeb,-0.19287109375
039bf6a44a4a79f32db751e2a5a0facf,-0.69580078125
0f9e2f91199b2077b5ec753785a10ae6,-0.82568359375
4a9f668447740a0280d59d42da7ad715,-1.0615234375
2a61593232c5c72b9cf38466d18c960e,-1.4658203125
42dbe1a977d947a70f3880b70c1a045a,-1.3076171875
5d9497d3f8bb39695ff2fe6ebafe74cc,-1.373046875
7d0fdc85d3b3efb41510364334700aea,-1.37109375
f39dd250cac2a00bc1d8dbaf929327fc,-1.123046875
f0aa0716857396b1307c55c2b07d53e2,-0.46044921875
c4838566f361512c6fc7764a21294a20,-1.1220703125
1a6d4947fe7faa8edb530a6fba53b8ac,-0.84423828125
dc7baf2534496c18c7a1e1be2ff36e5e,-0.833984375
7c20a9cfc21b65e1979976c66727b6bb,-1.3896484375
4a5814c0792c1a33f69307f263b7c009,-1.1298828125
b2e0a0eb4df55e599eafc3c2be38175f,-1.2841796875
1aa786a6ec542a1fe2e4b7099ce1627f,-0.68017578125
713d89e093e7cec6ad6414a9bdef4ee0,-0.379638671875
74a8c07f331a22cddbd0b50f2f82f98c,-0.391845703125
d2316a759f029bfcdb0c075fc1faa2f6,-0.40185546875
4873566a809f85346edf0042fc7e9c8d,-0.422607421875
ecdf66b12aa7b585f4318fa7dfc7dcc0,-0.366455078125
f4ee40fb07513ab2d82b7f08ff51a71e,-0.1571044921875
bafda61ff1956f2cdfae59c4787cefeb,-0.19287109375
68f696080b0ccb76a5c396049203a732,-0.92578125
4d1bf517877bff75ce3507690df4f6ab,-0.7265625
2d7acbd1ee8fa4ff9aaaf358711c6040,-0.7060546875
984e55da4acd43a1fbe0edea09634664,-0.230224609375
bb98dbce14c985327c769d52c5666ef5,-0.2401123046875
254dc0e831ec4459d7827ea214fb59a1,-0.320068359375
16d04bae7415a602680c91195c3aef61,-0.52978515625
b1649cbffd5ef7490b5d1fa913290425,-0.5849609375
0f17f76bb9b52c0c6b67160e1a05e4c1,-0.525390625
823a09b5fe935d87cbe9f5d78c0a21c1,-1.1328125
3c71479968b4c78715499650f0567702,-0.3916015625
cba85ab7d6a921b1efda9c04b93be4a5,-0.1617431640625
bafda61ff1956f2cdfae59c4787cefeb,-0.19287109375
e7d1456f3de1ef5c20f177376b79b285,-0.1663818359375
989b7eb0580837758d17884ac77553d0,-0.71240234375
35b81e2cc8940c1617251995b724001d,-0.73779296875
bab4ef3aeaa6fde162039151855f4ec1,-0.72119140625
511c136d1aa517f2cee3bf7907d772ec,-0.63525390625
f70885f499ef930475b2c45ea2aaacfd,-0.6162109375
99a02e127de72c9f3af2aaaed1ce10bb,-0.73681640625
5a98ee6ccb24fd033385fcecddfb5b76,-1.0908203125
58257a8ecbc5189e64996bc0a5973dac,-0.8994140625
a434c42192992d3ecfe8964d69121409,-0.98779296875
25d06df8ae28ef45b8329c6b2b4acddd,-0.9775390625
6c4eb007601ea5d130ae8d0a640b6653,-0.78662109375
9346b4b1e2c7c4e901de61a3f86a63de,-0.59619140625
9bc967db13bc06ee40ef0b4866032163,-0.408203125
7e9825cd6dfc064a553c634b09629d1e,-0.640625
2d3c5a97322bcb86f6209365b02fa6ea,-0.61279296875
62d232f4b8eb49cf41d4e392d9284df2,-0.66748046875
b4ff4c5aa65170e25a536a0bcf0531ee,-0.77197265625
e7a0e8ae0d0559f3af7c3b4130d433c5,-0.9072265625
08da0982aaaf2f35e946ba4036404a40,-1.1416015625
cf7dab9b125a8ec15314f5a6540ed546,-0.73974609375
6fe426cd5568f33a8483515206972998,-0.572265625
bafda61ff1956f2cdfae59c4787cefeb,-0.19287109375
d2e455dd28a576a12ebc029a11328976,-0.47705078125
81557240021b4493d62674066db22a1b,-0.3232421875
e75f3e97e61920e644f7c68e548a790e,-0.6767578125
11d215b0409015b54351f855625c8c9f,-0.65625
34d2724cb02798d439f57fd2aca4fc73,-1.3427734375
0282e53b56ad9898f804ee429c02856c,-1.1474609375
ea9153a0f931a44e03d0f4d9715b7350,-1.3271484375
4deffc3449cf96c25caf6634d51c7ae8,-1.458984375
8a2065edc3f44fdf4886788e5bd438d8,-1.185546875
1756e8e83e08a911882e5b90a522f400,-0.3779296875
9995d720a7828b5240af6a0d9f70f6a7,-0.9794921875
767043a62f66b66840adba8e7658f37d,-0.82861328125
81ce649c4431c0132e2854f113379565,-0.599609375
bc03b623d116b6a09a0c660be35efe0c,-1.306640625
dbb0cff44b11818714610f9ad97cf337,-1.04296875
4390a07f1a2f14f5850c427c7ad1a3bf,-1.4404296875
5d0e9df7796493211e7c99e727f77c0d,-0.5458984375
8582eec7c61ecdeb04a98d6bd0cbb244,-0.2156982421875
78d011b320154a850d43a2b715558937,-0.2705078125
ce9942d3e49350ccd9a66933995481d1,-0.39111328125
1cfebc2e66a3d61737deb58f915561e5,-0.317626953125
0eea861c0ff8f75f0e40233d090d1d73,-0.385009765625
2cd47c6cabb0b23455e7b929aab7c14d,-0.190185546875
d97fde8979a404d5e955f150ea4f18e1,-0.409423828125
d43bfdd54c125c373eb4e303bcd7f87d,-1.3115234375
2591880ed585bea2e2378caa4427acce,-0.62451171875
6812b9e18c109d0228f1a00ab5f2c852,-1.2236328125
18cbfc570beee8706b869819c099aa92,-0.74755859375
491d8d81bbbc66324677d5ee4bf1b726,-0.81982421875
4f14b300c4b4b82d9c306312676b67be,-0.37939453125
bafda61ff1956f2cdfae59c4787cefeb,-0.19287109375
b79761d81b980db117e04add038c21fa,-0.215576171875
534c230dd7005738edca896762eeebd3,-0.2164306640625
303962ec74b7a153f09dbb73a427f1af,-1.416015625
f524fde58c62b6d31442c724d3faf717,-0.61474609375
9d30c883af6cdcfbd338398c69700fdc,-0.74560546875
214a48db6870a92b597cb5d77022e54a,-0.33642578125
a6b5e74e495460d0547cb4d2cc1094c8,-0.10650634765625
ddf180b604c2002cb1ea6f2e91b0a270,-0.153564453125
43e8f0bdf16e4830a671f4fce97783cc,-0.11309814453125
81a359aac4160d884f47373314c13af8,-0.2364501953125
2ae8b2d0e90f10eb72689246bbff2385,-0.1375732421875
7df371b316f1395acdef604c0e13f332,-0.196044921875
ba6753e6b14e60e1a5070f3cb469c25e,-0.1676025390625
88747be2cb57cbd3477a62678fcdb063,-0.677734375
a0665f840fd521c236fcfadc9fea1548,-0.323974609375
bafda61ff1956f2cdfae59c4787cefeb,-0.19287109375
e8cba76b7cf454dae0d16bf4e2c330e1,-0.154052734375
0948d05fab1ba0ddfcbee44b6118c9f7,-0.1695556640625
5c31a9f3d88492d7eb6db34f605b0703,-0.03863525390625
39388939d2f996a65eaf06288ec45a5a,-0.228271484375
f9441d831955458c8183b31b28c93cad,-0.272216796875
8e34b9489858f5ef64e08177336b164f,-0.1458740234375
15750f1ff35098f6800843efd46af16a,-1.1533203125
f29d253ee1266b886d328abf9a19351e,-0.2091064453125
d5f310a09c7e3a9177f8af38eb09124d,-0.23046875
4efc1f00c5a5162796a586139e748133,-1.3388671875
ae656b797c55bdb268fa7f7d0722e25d,-0.9609375
078a5c589fa8e4258935074e78fb44ca,-0.8935546875
1ab80229a4337f0a0dee33a0d48481ed,-0.63037109375
9dc0d760fdbd1ac0118e56cb74e45057,-0.896484375
83c7e29fe91313bec923aa0af6124993,-0.26220703125
ad9d187e0d8749bbbfee5f882e643256,-0.342529296875
bafda61ff1956f2cdfae59c4787cefeb,-0.19287109375
5cec294584bcef81b598c2fbe8c999ed,-1.58203125
4559aa6dfec95c1f109c23dd90c47503,-1.3740234375
fdedcc808b1aaa8c3f3489b76abdc530,-1.345703125
d499ba0ce6be54e59fc2f29663973afd,-1.171875
ae0a08c2cf2e909392951a90d208ba40,-1.142578125
ff5a13d69ab890d9841636a0dfa23698,-0.70556640625
f463c125c721a88c318e3550e486a44b,-1.2900390625
9bcbb12464c29216eab9efa1b7c73b6f,-1.087890625
65f811e093f089b8c0137dd366c90bc6,-0.91015625
4d9ef0936309d60ff95222ff188844e5,-1.1875
6da8d012ea5f5640749232c1dc0751ea,-0.9111328125
60babdbde4981b3970c9c116a3999578,-1.35546875
4618d411e8080cab074c783f74026e7c,-1.03515625
663eeec3d31fcc14024fb1f7b993b9c4,-0.494384765625
60784a1c0aab197136601ea39ea2f718,-0.5712890625
eab018db8c084c535586da305b2fb889,-0.57275390625
fdcf7b5362419c171c372d6803714a0d,-0.5791015625
3a74c87e307c3d1e8c06690cf51bacb7,-0.32275390625
af26cd46342bfc042ddcd4327704c4a6,-0.26708984375
bafda61ff1956f2cdfae59c4787cefeb,-0.19287109375
045ebee8a40002afc82ff7cdf9711c30,-1.4267578125
ab815b7caa343b034b91ded8fd6b9608,-1.1884765625
c21b9ba5004dc05fdccd55f0d39eee4e,-1.220703125
08ff2c339e9b4ee9f94ed8e80a0a9bba,-1.134765625
b66fbcb8e0b63709590ea9f5387de3d4,-1.0361328125
fdcc4f768ea67ec011368008719153f5,-0.57958984375
04448a75954f4c96ffa9188165ed539f,-0.9033203125
ca336f98fa864a83391d3db114f48bc4,-0.916015625
485db063f30f02418d324bc1fc19fd1a,-0.6767578125
e835d841e16aded12ae3fb1fc2006a71,-1.0478515625
85e9ca3673fb7bfd2df8c88d516a10cd,-0.6611328125
24e16c105880de7bb266da67a5b851b3,-1.142578125
799712bd90a8f23741ffc8e6b7e2db81,-0.401611328125
76bcf0b85fdae1c2dc89c4476eb5bf9d,-0.133056640625
e32b9cf2fe337487508c899b8499ef87,-0.221435546875
55b8311da2fc20c3673a81592f275229,-0.1431884765625
0df2ef7f29200a831ae22e2985a15b46,-0.193115234375
b824e1e17e494cead5a2acbd86ed400e,-0.25390625
5df53a8c2e61642d66e03bcf2e1cdea6,-0.306640625
fb54868d2c234dc957b9db349152636f,-0.290283203125
c814fad2a8c39bb354cce9d65e953003,-0.45166015625
5c13fe0343369c21a4b5cfebebe46915,-0.273193359375
bafda61ff1956f2cdfae59c4787cefeb,-0.19287109375
91632880d5fad77a586ce2b7fe2819a5,-0.107421875
2aa22b199d743a07e26acd087e0df55f,-0.213134765625
3a5bc3eb15e7c3f908868be81c60948d,-0.1715087890625
1f115e610c350c6f8a954fe73be4d84f,-0.24462890625
d04b957eefa07804f5b4cef6c1a4bafd,-0.2454833984375
cb0e3051bf26ccc6832453c02bbcb1fb,-0.37451171875
fb3962eafb7e9faf9faeffcaf9643196,-1.0009765625
eaad30e2a893538d2ee773c91c844285,-0.2939453125
87022a9380e175242f8109a321dd4897,-0.062042236328125
c6247dcc53ebe4529d863393dcb5f383,-0.60791015625
bafda61ff1956f2cdfae59c4787cefeb,-0.19287109375
fb497a105b71c7ecedc8aff624c92757,-0.388671875
68a4d5d11d308cbcd7c99ca508283546,-0.60791015625
00bd02a25fd0db7ba4d687131855a168,-0.478759765625
3f7adad84ea15ada87bc5cec7a17c27e,-0.5927734375
a343c1bd8cb0f73c37853231f4d1220b,-0.6142578125
adf3adcbdeebccfda50a42b1a169b47c,-0.61328125
d769fb076ff222e2e702e57f4a5cea28,-1.1328125
acc52ea79f189d050fe4d7c92a5a44ee,-0.68505859375
1f614361185920eba8715c954d27fafe,-0.85205078125
067823e2324c30baac479f0271715a04,-0.91162109375
7edb6985850b4434c05a71743cd562a2,-0.65234375
585404f56e1b01c28e61a7f4bb38057b,-0.60546875
51dce60693bd769aaac9fb182ebcee8f,-0.37939453125
989e2796a6432ca7c8d243cb3e4940d4,-0.469482421875
ba257eb6ba8f17de357323a40a976284,-0.49951171875
436245ec262d2a25c4f29d03f7b4c201,-1.3291015625
5e0d94185bc3f1aff43f6492e428119d,-0.705078125
948625c26f8752d7f063c9a46c081f2a,-0.88525390625
151aeb074cb650cb71394bfd14ebf12a,-0.6083984375
058c801de13dbd4a8e119b0bc91a31f4,-0.3984375
f61de1a64a4d2e1dde334844628f4bff,-0.354248046875
a28f5e38754eeb0d797500115e662052,-0.467041015625
35228ee974283ea851cbe0c4ea25381a,-0.39404296875
a90597a18f609a604714edfcd47f2519,-0.309814453125
0bf69cc88314ebf060220af2c8a00ec5,-0.470703125
3c404b608b659fb342ed1187db6e1f83,-0.389892578125
ec184e33c702129a340dee35d6620de9,-0.8623046875
327e94541b03d120cfdace27b8446a1f,-0.52685546875
14cc13138ce8e9a499c030fa63c6f85e,-0.701171875
e3a2007b4f0294907854c1e4944a96c5,-0.61669921875
4a295d9d60ae787ac2968926b7f79741,-0.59716796875
1d4f5f28296401b2569776186f8823fb,-0.350830078125
bafda61ff1956f2cdfae59c4787cefeb,-0.19287109375
9c856a905fdd99d0f497e9432facd8ec,-0.138671875
834b7e4fd01c4d5804fb32ea103d2233,-0.277587890625
efff2cb73da20bbc8a4f85421a513474,-1.171875
c87f399494ef1d4f26c0464cf4b1931d,-0.521484375
e6c8b33fb893d5fb91a9749eff813b14,-0.59228515625
bafda61ff1956f2cdfae59c4787cefeb,-0.19287109375
2a2b25157d82a73d3f44f6896d7edac9,-0.431640625
c436b32cba191022a935c4c501af3792,-0.740234375
decf66dbb16dc1d3d2ecc4885e6745cf,-0.412841796875
e33c4257088befecb466f1cd8fe7fbaf,-0.80029296875
bdd53b23ab289d69a3ea6a1b6c8741cf,-0.440673828125
3a6cfe8fdf929ec7d6baf5cf5cbea294,-0.60009765625
893f13bc3b3db33424444be013d8d465,-0.483642578125
cd35105cbdaefb865e8b03e3d658cd5d,-0.44970703125
11adea7e916c65f8d9078fda4d92c0cc,-0.29931640625
aabe515071219e442fb721cb8e5d2e73,-0.337890625
b1342e693c3b1433ab6724612aad5f04,-0.330322265625
0076e01a5050b09ed2c3a2568e737b9c,-0.32421875
f87d6775356aab094618469739f87e84,-0.384521484375
d5b27cf86b6d481acb4920b3c6794751,-0.4384765625
db91440028365f42e93753d3b7ec4b62,-0.69287109375
9b6c3c24a304089bf1c86bd3665056f2,-0.35595703125
6381e456f1493b5a62ababac682daebd,-0.82666015625
fceee5aa23879bf20842e47c866574e5,-0.3466796875
c18a67329923ec341f2632d4a0f97b91,-0.311767578125
4b730407001d6d557d7db3e82dc9c015,-0.7421875
9996ddad686e6c17b0c28d8e51cd0da4,-0.60791015625
902c4f3c327a9e4c48fe3da79a21a965,-0.494384765625
1fe5ae2c2fdf767bd3c1d1efde44e13d,-0.51123046875
ad75943bfa94a46e4ecdeb8b43f40758,-0.51025390625
21a22eadf4a4e03279116875bd937246,-0.4296875
5dfa037a65e1b219618244025df4f441,-0.486083984375
ebe7444c14a819735d46b84d58b6ce28,-0.48583984375
bafda61ff1956f2cdfae59c4787cefeb,-0.19287109375
b3a9d3bf726b2b9afc90835b322fd7a9,-0.298095703125
636d354dc7570f3f79746fbea3f78ecd,-0.437744140625
b3c53e6b90f434ae3ef4912c263509f5,-0.58447265625
32da1a896d77701b7631dd63776a92cb,-0.5205078125
ccf2d06e56a0b5b27da8722d4d2dcbd5,-0.4658203125
4b70786dfbc8c8f8ed447d20ee8ebde5,-0.436279296875
58e86d1be35011a08f98c1004058893d,-0.6318359375
8a7fdbc182aeb48622ff441af57efa25,-0.517578125
4aa9e506cafea0a0362b5f8a90a34ada,-1.0732421875
ff419ba110fda867caf3506d7cf586e5,-0.343505859375
e0c7b503bdff70cb276e00a641b49197,-0.634765625
37eec304a1e36620f11d5e45d81f2f8a,-0.34326171875
8151278f993a37670cd2d0dcf917c423,-0.21923828125
8718915a029c59cce815ed0f7070fd26,-0.1893310546875
9692dc83d63104b913141f306e6cfcdf,-0.180419921875
d836402de99dee51749bcc88ba4aa995,-0.1546630859375
8a0cb539d20f19dba9f206c6abf47bde,-0.1922607421875
c2dfc99e880e8b90c4ae85362f4a66d0,-0.1180419921875
220f32a609393a986bd89bade08cc162,-0.1683349609375
b3145d99749b845b122d6f7f63d814aa,-0.3193359375
ed72f4dd4d566f8ebdebbf8f6c2e61db,-0.28271484375
bafda61ff1956f2cdfae59c4787cefeb,-0.19287109375
dda57c6a7705771bc81461ef5fdcbb0f,-0.1912841796875
5151bed2914feec0a8817f0ea501584e,-0.1893310546875
bc3bbf763d8b998d67f862358b0b10a9,-0.163330078125
37a026c757b751c49e8f280b1070e994,-0.21923828125
2e1eb88fab4773f0f1f6dd05595f2bcf,-0.210205078125
acf2ff898d9d4b1af792ae5dcfb50138,-0.263916015625
ccc57f086bf21efba7fd56a6dfdff18d,-0.19287109375
b564dea5604b59643e349787c7ea0556,-0.20751953125
cb5c31ed3f9aed33ea9f102803553e5b,-0.18603515625
d80f0b4e60749284b6d35567fdf2073a,-0.346435546875
4e58b57465f812248e0e40713065bbe3,-0.198974609375
74d252134513f2acced269d545a2e1d5,-0.257568359375
d85b4541e9847f63995f9d0432511e06,-0.2313232421875
9411dde6bd7c856b41c34e6b84b67373,-0.301025390625
02636c753ec55307cf512b7a3a7c23b6,-0.267578125
b697c4cfc8271dba0286246a8f6886ed,-0.285400390625
b22ab93b844553e4fbe1fa5b06b2f3d6,-0.2198486328125
9ae1228fa742621917adbd6f43691b82,-0.25439453125
0a52fecee21f6c12f3d2bed64e6024a3,-0.258056640625
bafda61ff1956f2cdfae59c4787cefeb,-0.19287109375
ea2db01eba201a856749721bd6e367f8,-0.238037109375
970f73c1cffbd57d44a0e116b9d7c4fd,-0.1983642578125
3a0396fa1dac012ff43607ec37ef1ed6,-0.2061767578125
110d25ddf18d4717b03c0b620f9f0097,-0.2227783203125
8001ce66abe4cc632d3f1c2b69e56841,-0.230224609375
3e8eb29bb272496dc6e4a0d529531f38,-0.30517578125
e6bccfa458a2f039858a4f503039c502,-0.442138671875
785163b9f6a42bf5415f6440a90e50b9,-0.269775390625
f782ea2348cea8dfd68e51f92ddbff7b,-0.23779296875
552b9826bb1e15923bd284462e1e1388,-0.480712890625
bafda61ff1956f2cdfae59c4787cefeb,-0.19287109375
f453550c2f0529a970f7d96bae362e56,-0.425537109375
7490158154d193a0a9911f06af1c41c0,-0.9345703125
d8082db2dc1f1c96bc42c8c9009b0c73,-0.64990234375
4bea47648aa6819ea3a3bb359bfbe2a3,-0.70068359375
d047b308214b262a292f7284ac2b0d68,-0.67626953125
316dea9891a0243398954e4a990d44d9,-0.65966796875
fdfcaa77b48a824a3a72d64b726d06f0,-0.8369140625
768e3f015dff7e1b2a03473d974835e1,-0.8291015625
bc7b3884c1a4a6561746c19d7311e795,-1.0712890625
be5be42c1b50c21d38ad231c0194c34b,-1.1171875
753b0f175301acdb960c2aaee61a124f,-0.998046875
1431daeb4f8312313c37a805bf0393a0,-0.74658203125
24d5ad75d0b228fd6c1a1b809ffc5aa7,-0.42041015625
c4c113816078bb2a95cb5a171643a76d,-0.677734375
549a49d812ed2adbb77501f7f00db633,-0.492431640625
79db450c79f104adbdd98b4fa316633c,-0.765625
d99edcd149b65802e397dbac4520e93f,-0.7060546875
03f8d89f7d24b7b20e9a198d56b2efa4,-1.0810546875
63f6bbbe7a2f16be87782a6645b3a197,-0.6259765625
3d36acf1ad4b92012f2a92ac05c4af79,-0.5380859375
ac370c4fecad3d1e9782061c016644a0,-0.50537109375
bafda61ff1956f2cdfae59c4787cefeb,-0.19287109375
4729e5fd225f8df595eaff014eaaadf6,-0.433349609375
0e3d9330278bfea12b93d5e286eed857,-0.253173828125
f21a3ad0f607c8e2ec6ea767a4ec69b3,-0.324951171875
3026fd0556789a09e734c3853ec1712a,-0.2427978515625
636c7806a5f2440c7094ab8c94dc4718,-0.8310546875
edff61c95b442ee3093bf03f4e943035,-0.8115234375
f37c12cc17ec0958d4963b42c8555247,-0.80322265625
87a52c5fd9d0927e707a49914a776ce3,-0.41015625
12b054a264d752ac67a31311dab27c2e,-0.5341796875
77f979515263f6bcc2b6a6489aea9c0b,-0.355712890625
49a1615bed633f7162f389311f3ea377,-0.75146484375
8cb1a85214541ac1d9d99a51aef7ef55,-0.7939453125
52e73d106e48eec7772cce6e26e9ed0d,-0.58544921875
2cd0ba4158ea4da9a1a9815273fc9e4e,-1.0537109375
ade71c55a1ae0a09bafd7f7107ebf453,-0.59765625
19347702a18c4036f28158ef4ad14e05,-0.374755859375
b95cf95222a8889d267408ceccad3906,-0.2568359375
5a7e75cae626bc088219ed5b7b2349bd,-0.08123779296875
3c5b2a61cdc733527331b07a7ea1519d,-0.1558837890625
c966826448d89772ed3fa938c91e47f5,-0.10064697265625
c50fcbe9ae222084232ccf27538a9c1d,-0.10382080078125
70d677cf0513aa0df97adb6c88e3bacd,-0.09765625
f84bb8fc4f9fa7e6b603f986a5113f5f,-0.05975341796875
2da93e8e8cb87ec9d6cdde5e32a67cdb,-0.11956787109375
f250c37bd14427f0fe3a4f50cab224f3,-0.199951171875
6db799fe0b17ee51fc7680b722fa02e5,-0.1376953125
35b57b6cd8f104b0eb112867e1c6ab45,-0.06964111328125
cffcf42b92efb3d9635ae02e90ecc536,-0.12548828125
70e26e7ff01d90ed7881d7c554dd0c67,-0.1092529296875
16e5c34973aa1f66ecb0677cdb478ea8,-0.11798095703125
299117c65087b995e1b8a1f5db67218a,-0.1666259765625
f15876d50ae1f289f67aa843572a3f64,-0.1552734375
7de75636696c947e063affa4c06d2222,-0.1866455078125
8fce617ce45d5eb2b68503156ee20f77,-0.6171875
bafda61ff1956f2cdfae59c4787cefeb,-0.19287109375
bf1f6f9a97e322b3bbf13d277e7a7ae0,-0.1259765625
bf7a82b0cda90cfcc71a947acca7f94f,-0.943359375
cee51cb22f4d786166ccf96c123cb2a8,-0.5849609375
6cb94a8c36949f753d05a920dcd0df60,-0.497802734375
20b2c99a33788e395a0ef212d05fdaea,-0.24755859375
9a670ed81fe6d36ff5ac069783e5724d,-0.3515625
ac96dfb743709e0df1e7c44943920b33,-0.2362060546875
2b1f621d6560f8f1bb6594e8b3e43ec4,-0.148193359375
52e97ba2c2c66c16cc897001fbc8b7d0,-0.166015625
1d60799c7a130cdcc51def5b18560cde,-0.85986328125
1ab5dee5f63641aab3621294d84fd0ff,-0.69580078125
5ab7b6555dc234e55e64504fa6556f01,-0.69677734375
0f8539ccb1db4d43457e670a76c6b578,-0.96728515625
01d2cedc1e5d461f87c939ecdce36080,-0.61669921875
bafda61ff1956f2cdfae59c4787cefeb,-0.19287109375
26a494e54ab347e37df485926a976ddc,-0.708984375
3694dab66d9ad02dbedb0c19b3018344,-0.564453125
b79efa632a7cfab7e92ace6257ce47f9,-0.568359375
af77192072ea5b1d4e06e20248314ce6,-1.2041015625
abe8dfa642105c97674128ef0a4697e2,-0.50537109375
95ebc1c6dd7c695a957f83a181ecad6f,-0.9072265625
8d0f974bfe87b7f76f143348e8150c82,-0.64501953125
bafda61ff1956f2cdfae59c4787cefeb,-0.19287109375
4f02554a08e1dbe54fdee8b8afe3f220,-0.337890625
72faefd1407c6fc55e8f1292fa84f7be,-0.441650390625
1fcc2c9251b48ceb6c3309e92bdbc332,-0.418212890625
6102373d82b2a07e4e4723992472d188,-0.51904296875
54dbe5fb897b37817e7176cf461db9d8,-0.693359375
33695ee42471ca7b92e5185be6df332f,-0.7099609375
fdb50dc4115392f317ae630064178bfb,-1.4541015625
bcb815093dd59395c73a57df5837e59c,-1.0859375
be81474622cd91f226fc4eaee327f609,-1.4921875
aa966f44c524822c566d0ce623a31579,-1.474609375
ab4a5bc27b75d752e26221febdac8a32,-1.1025390625
f3088329f6c222302bcffa92d38c40f8,-0.416015625
01e3168e36913272ec3e1451b0a0b54c,-0.51220703125
585cfee2e937fcfd64cc0365ceff2a12,-0.53759765625
98944333a883b1c1e4ac3b8ee83842e7,-0.4892578125
15a4c9c79654dc894db955b5d10ec431,-1.6787109375
28d95646f9362445f869bb7ec3cca70c,-1.056640625
a4bd9f9009d9fdc51043aa638fb0b3ea,-1.455078125
ccb6a465c551d88e4f0984cf5346078f,-0.5380859375
1635bb2af3438b44c1a682e4aa827646,-0.316650390625
74efa1de11df1636cad185fc90d62be5,-0.1815185546875
d2a88295d196818c0f72edfcf197dd43,-0.1263427734375
88b54d5bc0c301c468244dbead83232d,-0.08575439453125
ba2257ebdf161f5837e55ab5ffe01d04,-0.228759765625
44a6e539e033effb5b2e2259d23ab5ae,-0.199462890625
0d5de05824d27104f094efe75c3b81b3,-0.1802978515625
01b1a5c76adf50750e0a3fc596936e89,-1.013671875
1a8388f7ad87e6ba38f7791beaf7f415,-0.61376953125
6d1bc497e7a31fa66ca33ea6d10a1d97,-0.5302734375
bafda61ff1956f2cdfae59c4787cefeb,-0.19287109375
ba1c770bb542773187875b7f71c3f535,-0.306640625
1e43a6686abf833597a785fc46dc4190,-0.1741943359375
904e969cbf4b59b6345a38dc6479f79c,-0.384521484375
56c7a7586c6c7efb1ab1ae5d0ab3e822,-0.292236328125
775cd911aeede09f3f7844ca12eec41b,-0.339111328125
6b9ec4c44fe746886be12869fb48eeaf,-1.228515625
86920c6fa72d8f882b9566bb48acd3e7,-0.4169921875
eb6568ef8d7e0d43d426508c683e9e2c,-0.18798828125
8cb1edc71534d68534e59bfa9a7505b6,-0.517578125
a4535b6d01776bda6e594297a3000416,-0.1817626953125
72fe8e0e2837e80fb8786a9da5e9be99,-0.148681640625
114ea0ccb85a5b77977bd1c770599ca2,-0.12408447265625
e14691e118e8c52bb554ee986871919d,-0.1419677734375
d364b2e11eb84c9efd78ca32c799b843,-0.313720703125
54678cad5d4db9800a256d5681be228b,-0.392822265625
683924e271a5f0a9a9b73751b5e6e878,-0.2744140625
ab7adb6588df80b59c0abb0af85b48f2,-0.560546875
edc98cc671b624c26e9c0ce979dd20ea,-0.43994140625
8078318407394f4cf6f6d3cb0754ddc1,-0.37841796875
65b238444a3f50149694f5661cb8ccd9,-0.09820556640625
fdac5115097c05b8bfd8d91ebbaba195,-0.182861328125
37e228c6f00a3d7212819927c88ec46e,-0.12451171875
7e4dedeef6bed99b4c31785f6c22de0f,-0.2490234375
084348846cb21df53a2cc80ed414cb38,-0.1402587890625
11fc6466b62d2cfcb30e9290647f9341,-0.27197265625
f2da604899e4420b07cb52b62e13dde1,-1.263671875
2fa36037eb3653736fa751eee3654c8d,-0.28076171875
bafda61ff1956f2cdfae59c4787cefeb,-0.19287109375
e031e22e1dd8037cfcd946cd1a1e7131,-1.0498046875
1d683d466660dd961bacfecb8d1b0817,-0.61376953125
b619f173e03d5bb753073f249ae3893f,-0.306396484375
bafda61ff1956f2cdfae59c4787cefeb,-0.19287109375
3a2d83e94aa136eeccda2c50d7512dff,-0.1602783203125
dac51aeaf2ced3d5ddd22135bbb8c296,-0.483154296875
f97563530459dcbfebd47b905f20ce90,-0.5908203125
53943f4c47c2584306d9e4f84af8d8f9,-0.7109375
09e254b18564df6837f1d33feeea7453,-1.4814453125
cf8b10fec5f475fe0f8f8e0645da66c2,-0.9111328125
96ad3e5a42c7fe8068a12558397104b5,-1.3212890625
bbb8dc2b05697483191bf6b7c89e0c4c,-1.6357421875
50835fb0ba4075f55e00a31530015550,-0.84228515625
2bacce7fc8ff356b0007eded5fe03797,-0.2353515625
ada4eeb209d079d2f332fdee67b72d81,-0.7080078125
720c36eaa29992f5ad898c20d63e6a45,-0.50048828125
dfc53893673d1409519ac99f3dd38069,-0.481201171875
5cb448e9a72349aa1e1fcad2f21aacf3,-1.58203125
2f8fb63f2587376bf6897041eb865d7f,-0.97265625
b46f072f68b179aa3c605e891ca5e24e,-1.5478515625
489834bcfd66d8792b390f2056b4fdda,-1.060546875
cd008cc314a3811f247f5880a34a68b4,-0.475341796875
27c780b969591c3c96aaf6331959d37c,-0.51171875
70eaa22e1fd3cbc339f0fcf9eac4b7ac,-0.368896484375
54a7bd32774b285bcdc8911fc0809f20,-0.3515625
bafda61ff1956f2cdfae59c4787cefeb,-0.19287109375
d1ea5d750affd3b368beafa137282936,-0.1639404296875
dc24cdbfae5a882f7f0a819140649b37,-0.23388671875
5c1622d479290f3747673567e9343478,-1.3818359375
6da24fefe7cedf5e271b770b99f6256e,-0.85205078125
f460d02db46cd0512482e7564b37dfd4,-1.3974609375
d68c723e402ba18a40361a101a9dc616,-0.62451171875
63b3dfc675949a2d309c93376be854b1,-0.77099609375
3acbceab52354d28b6399a3825b5a927,-0.3037109375
399256081a2143f612fc3b99efa99eb6,-0.6357421875
971a176235f7af7cd9d25c74e59a899e,-0.69091796875
45e0bb4d854fe605e1b31a611bd98c3b,-0.6484375
12f3002f9dcc9944c1e602d262aa6b48,-1.451171875
12ee565873f1cd561db1cf668604a1c6,-0.490966796875
dfb72d8db3bcebbfe159b22f83266cc7,-0.623046875
0fcc7a50ee00a3b8ba1df015b896d6a3,-0.322265625
08a930d92d02c10898de3c513af57f21,-0.13818359375
7c773ce8a5d3372d3affaf7f5feeb8c5,-0.27685546875
b703b9cc6c7e35c02dbcdc07550e9f50,-0.246826171875
bb3c5b5e89b8aeee057e2c3463302dfb,-0.274658203125
573e68ac7650da349d2c8c69e0427fd5,-0.2255859375
43a18fdb6f789ad824caac6c33edb61e,-0.251220703125
ae6fd3cfaab0bad70120ac7e5c8c897a,-0.189208984375
6838de38c353153337872d58069efd26,-0.267822265625
bb7ad7df2f87d195ad7b643d7f7e47ca,-0.255859375
bafda61ff1956f2cdfae59c4787cefeb,-0.19287109375
df9886b05900718fa68fb973dd9455a9,-0.129150390625
c0a87defd65517d71dbfb2d51726713c,-0.185302734375
7b5e6b17097fa0a5994339c7575c60ea,-0.216796875
864c3873cba9da2480f5018f91ea8838,-0.1893310546875
1fd0d4692d53c8541da2497544b2db6a,-0.21484375
64e17481df809cac5ada198d4ed9c554,-0.313232421875
0d07f6eee80221cbba938b411c3f9916,-0.9296875
923c620b82fb03447fa836b6be0d4a2b,-0.2022705078125
c8288630639ad700e9c80520955c8408,-0.139404296875
722273462f7ed5343845deae56593067,-0.68408203125
e50d12f73ef91e5a67881a6a95f9086f,-0.39794921875
6123a4502cac8e2add34b94bc5efbb63,-0.324462890625
a7bad32bf1e5ce290bc8a712e86a1806,-0.27587890625
bafda61ff1956f2cdfae59c4787cefeb,-0.19287109375
5f251432ca9cd14066bc59374934502f,-0.384765625
9089b79f96713971a24a0e3c4c660557,-0.483154296875
7ab2c5b6ae0e27c9b456611b3888e182,-0.513671875
68aa5494f55361649785c5c61f91b9d1,-0.84912109375
58068ffbabbc787d9e5c5ceaba8b4337,-0.6748046875
928c28592e1fa091e5a8f4e66fdf9be7,-0.74853515625
9163246ac333b843c6f5c9297b21a629,-0.689453125
9e974324c34aeae5d0b75634846892c2,-0.6240234375
f299981036b70484a32eca1b3f81ab61,-0.33203125
b55e2d9b53dbec9bab489fceda39e54f,-0.438232421875
d5d263c4e9c3467de31b0eca129c4a99,-0.397705078125
fcd5cfd4cd9a67eeb05f5c124098adb4,-0.595703125
d26e6a899d929acd516478ea82df6f9b,-1.20703125
cf55ecabfeff0d3b9d3e99cbb20bf835,-0.66455078125
27b3a40176009a0234083488dcfa13fb,-0.63623046875
9bad30fc47d9c569cc3b22a7d281b62f,-1.17578125
be625efb89ad0a3f7c9a8f4bebef2a4a,-0.85595703125
3cc8346398f296ee39d93582186b3723,-0.373291015625
bafda61ff1956f2cdfae59c4787cefeb,-0.19287109375
d32c22f38c3060171f6a850be9d3d6a9,-0.15869140625
ede533172c30bffd88a9159e37085616,-0.468017578125
c55df4099b0adf30089e564023fd8f05,-0.77001953125
cee65c16ed2a3873d54554e75c8c5348,-0.81103515625
84b1b61d7a025707477e507835c807cb,-1.4189453125
2b972052e94ad38559e80ea6c27b970c,-1.072265625
2830aeb9f2e5b1bb94f11119f7b46e2e,-1.3056640625
231b95de883d9f5684a161b86f157caf,-1.2861328125
61d260a661a790f38a26b9db069597be,-0.93212890625
5ef2a638a9a315ef47bc0b0ac3a12193,-0.33642578125
34df42e214fec551a38268d0f165a0b1,-1.12890625
76670b57ca89cfa70d45dc574da38e19,-0.72607421875
9062d5490d7d1ae63d37acfdf4e75a4b,-0.8896484375
b7f42fe73f914e8b916df6e801b73a12,-1.4208984375
5385e46324e2f0a9b7a4fdef93a31f56,-1.048828125
888b62e1a3b2cebe11b3a2a6a9311384,-1.2626953125
30325c73a8a51bbdb724101303c3ae36,-0.343505859375
bb93da1c3252cbe43631fb129b1acdf1,-0.253173828125
eff7d202e7a32b99fab02e11b7e1bbe1,-0.1785888671875
3d11e16d6c033791ef5e8d20e8b0a0fc,-0.314208984375
a399af3df559425d10f0734a0a01ff14,-0.266845703125
e3b2843b7d3a4816c22cd749df46e652,-0.412841796875
e40f19ce7e766eb39cab35872147130b,-0.49755859375
1fa4444a9d34be829b92fe9c3a26a310,-0.414794921875
d9b4f0ea7df8d24488a725c8ecad3c22,-0.2076416015625
502c789a0644b155f7c9ba2d38482ce7,-0.1885986328125
bafda61ff1956f2cdfae59c4787cefeb,-0.19287109375
b7d5420f1fb13e67024ea0d317a4636b,-0.25634765625
9d41405e2cd0f4edda7ebab6dbf813e8,-0.1978759765625
42d1b7dbd5db64e29282b2c254d016c0,-0.226318359375
a742dc23fedde0ce69740978c260dd16,-0.196533203125
ed84dbcce615289ec5dbe9aefd38514d,-0.2103271484375
02e8f8eb476fed0aa5561f2d23b7ccc1,-0.484375
1fbbc32cc9c8d4dd1b56c8b831b6eee3,-1.025390625
a619ad305d32b93f598b3540636dd025,-0.234619140625
a44fcf56b94bcd17e4514ebec4b01e75,-0.314453125
076fb8dca87304c51df069df9ee21d2a,-0.27880859375
194921c575a7d3e4ec75ebbdfa8c0d6a,-0.115478515625
56ddcc15cd47865c7fed33ff6cf1be88,-0.1966552734375
f4057a2c08d61d656d92d43ee8ee2cbd,-0.149658203125
5cdabdc6b9c25c031ed67805e7027ce0,-0.13134765625
9d0bad9880ba3f0d9d776ab33739bdc7,-0.2032470703125
7461e57532aab6299938f39bcdeb2e2c,-0.251708984375
b9b22e0d835162c263fec10c5d3cd32a,-0.1934814453125
cf9235d2151abf64979404c48ec7ffd1,-0.279052734375
65275e20c6fec42262b1a305868f253f,-0.1710205078125
36282d97e6d33b96bd31489a01ef82f8,-0.1268310546875
5712979198882cf075bc28d8ce118988,-0.10784912109375
cfbec3dab271a853cc226a9096b8d45e,-0.1259765625
044d7e78b0ae44d191919b3fb0ed3624,-0.11688232421875
62b3ca94e65fe231a80b58799d49024c,-0.1434326171875
bafda61ff1956f2cdfae59c4787cefeb,-0.19287109375
7c23a29f134976656c346e2e8f143661,-0.307373046875
2b5039a07bb7aef6391becd473a5e388,-0.7529296875
7c25608d8a7bdf390b6d7169f17502c6,-0.179443359375
9303a792b2d17b1817c8d5c49a7a56ae,-0.129638671875
c3b14d0911e206c94e6a9429e1171449,-0.45654296875
fb17cba35b5f4f6925ce4e3d9fb2ca0f,-0.22900390625
86b8d5b2b8f95d8049ebfe950436553b,-0.2406005859375
f7b37b20be29752dd8ff92a167d6c3d7,-0.31982421875
6b8d1d461ba9739af7ca02e130f1763d,-0.28369140625
8a32689b1b2dbf222b1f004c7485d713,-0.3017578125
3f66f00cbd5c09073da92e19cdb8cd4c,-0.445068359375
5bb7e8303242db268c29991c013e1bd9,-0.289794921875
c2c946d6c903b3190221e7a5605ab768,-0.734375
d1039957ed7c69baaa69e63983043998,-0.3525390625
e8967775d7865609cb5477ad1f59f4c1,-0.556640625
bafda61ff1956f2cdfae59c4787cefeb,-0.19287109375
2dc2bb5e06747d1559ad5495b6536c1b,-0.378662109375
60b61d76a027957f95a40de0932b6997,-0.29052734375
c1143b3086b969e12c1f796e1c64b3ad,-0.2783203125
2833f0f80129ff82b4ab782c61980f9c,-0.2919921875
5331624c80876482387035d1e1ab467f,-0.4326171875
7f8088581a3f9a96b373960d46994878,-0.88134765625
b518eb8aabc7731fe684c9d31149226f,-0.2491455078125
e5b37289f6da07e0b45b6d0ab0026877,-0.334228515625
040f7b6578b73042bfdddf4ff9370b0e,-0.4501953125
e8b8478db82d005b8a6b263ef62ec830,-0.2261962890625
f8b4197acb81d9b85f93b7d1ea0e0af8,-0.35400390625
571d591c5bd3f30b34959ec4861fb6ee,-0.55908203125
0bf08691ac43ce702aafd8b699e9b6f3,-0.48193359375
6b27dea3934f7cf64bbf74f561e21b7d,-0.5234375
9a54a0640a92475afe5e018fd6a634b1,-0.48095703125
cc4baf12b02051c0f96061c868c16be8,-0.61669921875
4327a84a9b8daa19a4f3a953beb727e8,-0.8486328125
db98ae9795013453072c2db3fae14087,-0.65185546875
a959a3c6d3ef18eebc6aa2ba5bbe4c7c,-0.7587890625
2fc40a2af333262f1b00b5b67d0b19a1,-0.810546875
c68f2653995feb31e4d1770a2425980f,-0.63671875
1d818761ed57be1c7dba173ac24a476a,-0.460205078125
308cbecb4c3a07370e3e3ee2d61799ea,-0.289306640625
bec33a9ee80c018fe004c26e6c01af41,-0.308349609375
bafda61ff1956f2cdfae59c4787cefeb,-0.19287109375
c3fc3d1da167337f319a86c1ea4cbbfc,-0.7431640625
1399c1a624b2cc748d6e051834a8aee3,-0.67626953125
6d28ca7463beb318dac20f4ed7b84f0c,-0.7255859375
2474a44d1d45eadfdd66da11cf19575e,-0.421630859375
641d4af87291047412eea33617ae7cdd,-0.288818359375
1dbb3e1a60903c20e3fc7b4aa03c2dd5,-0.3212890625
26e6ea9b427ef207e5d87631fb4bb007,-0.361572265625
f4e512adc4eca3a91d2f60757cf47f91,-0.2447509765625
154c541da69d607603b9bcf4b1426c45,-0.33935546875
f3bc72e13ab7b328602cb3039e404b95,-0.289306640625
35152aea5537012cc2d004804276921b,-0.294921875
2318a9efedc88206dbe43c18f96fd99d,-0.49609375
b4750f70404413c15ec92d43d0f34326,-0.275390625
a61b085b51c55af012c4d9188b452be9,-0.5009765625
bafda61ff1956f2cdfae59c4787cefeb,-0.19287109375
8f3242628fae0a8d006b6c88e3dc77de,-0.250732421875
5f8344ed3e2f28bf2b823af6892e342b,-0.285888671875
31820147ff2da8d06505d5c4e04a1762,-0.179443359375
6dd3220199b8386e248371fb082a487d,-0.3056640625
867232256764496faaa8a457387a34ae,-0.41650390625
6d3cc67b05842cef7eb779d7b0619f13,-0.5947265625
d2ee882f42f5b85e914cb46021e338a3,-0.2978515625
1577e0b4441a38a0394e1f2ef7f88267,-0.1007080078125
00585d84857a7faa307dd859e02853cc,-0.252685546875
41f8834c916daa0d57a177b5eb0cbe10,-0.1884765625
931f50f845f538c7c6afa71650c93f1b,-0.325439453125
124b137105556c24d2b168a684879bc7,-0.283935546875
699f00f6b097a45085d76222708fea47,-0.3662109375
74d44b71dac67b880489d915bdd0226b,-0.305908203125
4e3b6f303640123014895b18309fe60a,-0.2978515625
57cd3a8e262183540794983bc0235a8e,-0.32373046875
91b793bb24ecaf2037ae06614199146d,-0.1312255859375
4200fe118289ac1943b6dc039a3afdcf,-0.171142578125
99d0c0cc012faf59e0fd24eceb230eae,-0.310546875
1d120fc5e31a2ea5cc9cfb255a96b49a,-0.25830078125
231fffdcba40de6b27121c0ca9797ad9,-0.2646484375
0d1432e5f9cea17b04db3737b0dd4e8c,-0.25439453125
798771f0565770548733d49ae6084bbc,-0.2119140625
8c271ea108762e00b1d720b1ca1b8bfa,-0.1722412109375
181e6dc4d6731581e6294a88b362d3a6,-0.24072265625
429392d1e50f5d271fede68f0eb060c4,-0.66357421875
d45af2f06b6b5738a5a1ef00280563c5,-0.2421875
bafda61ff1956f2cdfae59c4787cefeb,-0.19287109375
40393332d07a2bd390c6c6c0e3e8741e,-0.2098388671875
ad8741c7b620dd7a03445147b846bebe,-0.1971435546875
62e204faf2d270bd6f96d2b4e9549acf,-0.1910400390625
71eb3c8f9cbc294909d7d8f5aabe7d99,-0.28271484375
d64e9d831e547023ff1f9e1d064e3d83,-0.256591796875
492ce15e187fa93092688081bf119bac,-0.262451171875
0eadd2b1cdd9ec15aa904f91d12e88dc,-0.2802734375
745b56a30cc84b53689683d0adbbbe97,-0.283203125
03a375643c32d8e46d48485e0ea36d42,-0.2291259765625
2d7683cdb4cb9234f79bf0c7100d13b8,-0.20361328125
bafda61ff1956f2cdfae59c4787cefeb,-0.19287109375
e8b8a0f3145101b4193191b2bf2f7382,-0.18115234375
74d63e8394735405a9bc939a3312f549,-0.2059326171875
28a24b1b5409774023b2e1b2c9032318,-0.295654296875
c2cbc78268d93b32e81e833a83d8c32f,-0.21923828125
2e62778c87dfd077ea9e78932233d337,-0.290283203125
e3e3394415c1c6e29a7b904272f95fc6,-0.344482421875
ee0a5cf5479ed20bc3e52c48245978af,-0.1614990234375
7875535de0c1bc9361f1bfc7c2a314b7,-0.251220703125
c04691b20ddacb345066e6e90cf9c049,-0.287841796875
0f96e128812df4fdb7312ba786f6ec8a,-0.141357421875
5978a77cc2e48b81aa8653c375c1cdf4,-0.356201171875
a34102db6fba784bff2fd89151c13bc2,-0.351806640625
45d969edc32765ce6e6a2ee5ec526be8,-0.35986328125
6979b92d425b45ae9aeca9f2b14d1aca,-0.405517578125
aa8ff23d31ca24b30bb0c9827a9ecf92,-0.26123046875
5172257d40fbafd1776612fbcd1fac20,-0.254150390625
af0a8d9bd154ac848761da686907b70b,-0.287841796875
58bc43684fc850d150aedd432920064f,-0.2230224609375
bafda61ff1956f2cdfae59c4787cefeb,-0.19287109375
99413aede609323b2397a7bbc123407f,-0.343994140625
88a2c0f278d871fa5074958d9fbff032,-0.3359375
5d707c542f75f3913c3e0a8072c740ed,-0.3583984375
e3c88b12d05ae2b1f63c7d5a3f09b2ca,-0.362060546875
6e3660a369c22b4664e4b22e90719221,-0.3095703125
0c740d769c4253feebba869e99a4c5a7,-0.3271484375
7227f8e65bbd3e76e44d9828f63d8ee3,-0.393798828125
29d9a177158d8169705badd38b33ece0,-0.54150390625
4e991139ebee89fe0c5d8aa31fe17391,-0.250732421875
2481adb266e319d5043efd5eff484d2e,-0.38818359375
bafda61ff1956f2cdfae59c4787cefeb,-0.19287109375
52fe0dd0056033722cf6a566ddff4dd8,-0.304931640625
ca71437ee491cc8911f35fea86eed087,-0.64892578125
970df0c902be0c21d00679341f8667c7,-0.646484375
f11cda8056ed320f615279d90365a116,-0.68505859375
a4d9c864d269ecbf939f02a83f58fde9,-0.61767578125
0922a306f420d82022fe96333e5f619b,-0.6669921875
586278ca7ac285fc82731c04e9c32a54,-0.59375
a5f393dd98ea1c1e06efa795b7fbc53d,-0.6005859375
3db455e4830d820709b8a1ef62474156,-0.55615234375
380f4dc85e6a3a91532341dae5f3805b,-0.57861328125
16aecb7c4ffe4d966d2be73a1c6e1ef2,-0.64013671875
b8d06442a3bf4a9408ecf44716532d11,-0.6474609375
5f35d8c31510fa906f8bf13457802fc7,-0.6083984375
35c28b37848451b8ea0e30f23c3d9ce6,-0.42333984375
8417e75560b1aa55bb4d042222afe1e7,-0.5478515625
75291c578a54cbf997776c1d4702c2f7,-0.467041015625
c0b055c9fd21903ad1fcfda6fc48d214,-0.77734375
78cdbe0d233422a490b4da9ac7866038,-0.56640625
351ba4d4f80e3f9fc4efb5ef95e93f55,-0.62109375
2a13364dab85a62cc1aa88f34ae38232,-0.306884765625
446cd145fde1452edc26b6e9548a040d,-0.27294921875
cebf1b17a6f6c9f51e104a9cae83be06,-0.275146484375
1ba972344c8a7fe7288b3cd4376e9353,-0.2490234375
89ef8834f3edefca1e7db61c6a7aeaae,-0.2259521484375
7cc3d274cfaebe4639917c0054cdb97d,-0.240966796875
d86d5d70f57e9b28813734e1c16b0417,-0.19580078125
bafda61ff1956f2cdfae59c4787cefeb,-0.19287109375
6a37013a87b81259636c1781efe27d3d,-0.36865234375
d111ed7bb18eb3a2c8231b7bc70fa8dc,-0.422119140625
2443c7219986a2174f60e98067a0155b,-0.3076171875
4ced69b46fb628ce58eb3ab07ef2cafd,-0.443603515625
4d875340cad0514c59bb8eb3df4cd85b,-0.384033203125
638fb7da22a42adb4a35099da851c050,-0.341552734375
750bdaf8bb671d600dc597bc59397c4f,-0.450927734375
fcd6a762604c1e7263115ca4d6a265d2,-0.350341796875
229c6dc7e8414e55133c42dd6403998f,-0.36279296875
d60e8674d6af929c3f673b943fa56906,-0.389404296875
955f66c26de360ef544de167905c1089,-0.35009765625
35f9996dd337ab0878225a56106c664d,-0.44873046875
10ffed577c8f159d3c7ff995253cc4d1,-0.341796875
9b18f2809abc81ebc5ca2e68d140aaef,-0.22412109375
0c33d5c953b16b6428df6ac564396a8f,-0.22216796875
30e151ca630c2d5899a8e0f13e45adde,-0.32177734375
9ca2504ea90ecdb0c0179b93bb52ada8,-0.2138671875
c4c8cb7cd1e051f6c41c66f2af795909,-0.31982421875
6a768f9e8874583038f72309ae5192be,-0.347412109375
a8801f012f547dddb48dc34a39292bb3,-0.316162109375
b153a5e14d9fb5343d36e1f74650ca75,-0.60205078125
0526c5de9ef4390d5fcc3d087379f503,-0.39013671875
1bbb3745089c449805ef6d667aa11a11,-0.5302734375
dfe23e2616102273f48e01ffd5dba477,-0.50048828125
aaf4666979d80101fb30a8a7d2e680c3,-0.5419921875
5e508c9a1edfd4165276b7341dd6a5ec,-0.315673828125
981496e8bd9ed3fd1f82b491a24ef35b,-0.264892578125
bafda61ff1956f2cdfae59c4787cefeb,-0.19287109375
59ffefa597748acc4955e217004e0fcd,-0.55419921875
4d5dad4c27a2a0f33eca6673f3236bda,-0.270751953125
2accbb883e6c108c950ee6aba5dda7ee,-0.46337890625
5a377cf7f29b0aeb59f7f4f0ee83e176,-0.5029296875
ab5ca9e4b4b04bccabdf945f1c3841c0,-0.208984375
6dedcaa09f47373bfdf9b7834ebee11e,-0.09796142578125
5a4e122812a790e8597c67921b589c47,-0.1329345703125
dbf3d1d6334c0a1c297d526f4717abb9,-0.2271728515625
e6454c585fd36e71677b4bc28333f9ae,-0.1927490234375
21dbbbd6c7d8e89611fe172dbb92f85b,-0.294921875
97ea21d606ca1d2e904437aee407c485,-0.2464599609375
313d36195fbc2706f297b9b2e04664b2,-0.268310546875
5c0071bc9abf31a484fde2c093411a8c,-0.242919921875
b633a404f77c0f5b46d607b953885ded,-0.25390625
bafda61ff1956f2cdfae59c4787cefeb,-0.19287109375
b2151755483c875ab44f9438d747be7b,-0.226806640625
4cfc03e038088738dfe77d0dd94c1d40,-0.2337646484375
c42d7de13480aa81030b0b7796e324fe,-0.2249755859375
332494306ca49699df6290aa46c923c3,-0.1591796875
efb159683a2979494a489013d31efd1e,-0.1912841796875
125ab7cd803857aad449da2b45edf454,-0.4189453125
3dc144979e90e2c0e0b46f41d3fada5d,-0.07049560546875
e8c82e166adebaa54154abea62354337,-0.2469482421875
9cec8133a09541431043176b03adf9ad,-0.313720703125
8304e7cd532d561161a2c7791e1862be,-0.167236328125
b8d5cc482ab1d1ef4296fdf3aa38e5aa,-0.0194854736328125
7763fb937ba8f7b6834ec8862a9475cb,-0.05059814453125
262bcce642fe40b5f8fba8d4a96bc23d,-0.10546875
75f4dbcea7114f1f504eba994eb780dd,-0.060333251953125
bc7eb5a6bbbb3f5c1603f8f7ddf1aa4f,-0.1531982421875
06e527552e5fb959b07cb16ffd4b563d,-0.1964111328125
57276dae811dc9bb5f37f0c3cc8df1b6,-0.1766357421875
337f287fe61cf15513714b859f29c0bc,-0.293701171875
f1d30a7e461ce281745f1475ac261fdc,-0.17919921875
35cf9a585f766525e38d1f793e764e97,-0.1490478515625
827a6a876569461dd37347bde344b1f8,-0.2095947265625
bafda61ff1956f2cdfae59c4787cefeb,-0.19287109375
0c78991a287a9cbdffd2e9fe5ecaa608,-0.09552001953125
27d9b37fc4bb5f0563568199a4194a88,-0.0732421875
9d7044843e30b9d5dccc1ee6d5b6fdcb,-0.0748291015625
fb68caa093e182807568802b5c5edc9a,-0.21826171875
888c55e9ea10e55c856a102c0aaaed2a,-0.2362060546875
8d51a05aa5326faa3fff4987debff79b,-0.1934814453125
5bdf7c7cc92a39dac7aeb375eb3f8c11,-0.2607421875
b3b6a0250e0d6541fe2cb06e3424c767,-0.1744384765625
0f473f40ab745bdb8229c4ab623eaca9,-0.2235107421875
268459696b574c0618863830dc421d23,-0.2188720703125
f7ba4d970b7d74a4cf24adea0712c412,-0.343505859375
66ac989939206774e79a07880b874014,-0.257080078125
bafda61ff1956f2cdfae59c4787cefeb,-0.19287109375
345163607e387d37a19024ef5ee6768c,-0.3564453125
850739fd13e2b51d774ddda981f69c10,-0.281982421875
8f60c3225df0596b9b78247a446a83e6,-0.436279296875
a5a84e56cf117208981897f82486656c,-0.415771484375
5a4c8b2e5491a31ebf11e6bc10098427,-0.395751953125
1bc4a2ea3d99cd2182151005866f8ed2,-0.41064453125
607be638432071290e10d585f35f67eb,-0.525390625
689caf0408a495500ff44e00cf7a6a03,-0.320068359375
ee539c207743d2948d90130656659892,-0.328369140625
e65954830491ce44551d46fcc9f16979,-0.3017578125
51b225c819656eb5071a44810801b0b5,-0.42626953125
1befe53789e3d87151cf7bc8c606d875,-0.4443359375
63a7f36a61837167e3f8009b4eba44b7,-0.4365234375
22db4e462b7dfa45ec8025dcb1fad7b5,-0.5380859375
3fde65894874ae9607597841e509d6af,-0.308349609375
44be6661ec8588cf9d3ade1bdecef983,-0.2257080078125
ede0e2bd41dcedf1cdfb6f7384212439,-0.253173828125
1ed8436671e9b1e9d6b4f57d47e6dbe7,-0.419677734375
a95145a085c12bd6b4f8595dc08caf64,-0.27294921875
64fa66b207caef9664e0323208c82d1b,-0.423583984375
43e0edd75685b29811f261da082f0b66,-0.4931640625
eaec7b6d1a8ec8377ef93c4a28d895de,-0.4599609375
bf81b18aeb15820c0f17c3a32de4dd45,-0.061309814453125
125d7d1c33e5718b8779d88f0e1f43a3,-0.209716796875
bafda61ff1956f2cdfae59c4787cefeb,-0.19287109375
75b0405369c2b57caf9a7c847cbe0ecb,-0.35009765625
2e71e1462f1216e69fed2c84927c47f4,-0.28515625
6646fa69d4a3630eccbedaf5eb550aac,-0.343505859375
35478349a94841ef41b9b990519f867c,-0.166015625
48d74a7d8e22d859a19772e8919e2d0a,-0.2191162109375
52c4097250e533af84eb3541a4ebe035,-0.388916015625
485292ecc8350c2f143691104f66fc8d,-0.291748046875
11d41813add1ba3b13c3865a7f88d894,-0.43603515625
efd574d795808d6d7821b4e475edcd65,-0.38427734375
9a597d4691e3c2263ea7cf389ebea0d9,-0.12646484375
5bef5e200689e2943276e8de1e814318,-0.104736328125
f25a5d8e11096375ff8327ac00a85f5d,-0.19873046875
1153f9ffc19e2b0cadc3334062a03afe,-0.2222900390625
54381760fc995a4a36bad7fdfb1815eb,-0.2242431640625
b5b2628c8d1f7f6618ae5d8187743a54,-0.306640625
24eb327c8fd5a4a386fd6c8d4028f8aa,-0.34130859375
bfedd4ce9f10295b5d7209f74a4af209,-0.294189453125
bb412e2ad9e31cfb07fa0e1bb4882da8,-0.2041015625
b85d5962a7937135daf4c6e440cedcb0,-0.2159423828125
8ef721f80a8288ba4187b5067775a805,-0.175048828125
f65474088374e0045cbffe0aa0f8ca75,-0.1982421875
7b0de56d9bc29fbb478ad78a24c9aa4c,-0.1737060546875
2c414b991cae58d66c88dbdface4cb1f,-0.291015625
cdb02fee0ee5376495abe4a7fecfca37,-0.16259765625
55c2577261ba90d3793ce9771ffc94dd,-0.2464599609375
99685bbce52530e6b2b67cbfd5ec4892,-0.200927734375
9df3cd14565e6b622fa6cab8311e2fa8,-0.12396240234375
14b0bf4c4d9361fd1d3e936cfac9c27a,-0.2303466796875
bafda61ff1956f2cdfae59c4787cefeb,-0.19287109375
3fdb2732f33caa565b1ec6e0c7b868a2,-0.2822265625
76f9d6eb51638ab2fc5d9339d54dc77f,-0.306396484375
7099f803cd27f37fa6fb9131d49b8c7b,-0.2890625
49d58f46471fa020b9b1016b134c356c,-0.31591796875
22a5ce6a2693d6f6e410fac0bfa984ae,-0.30859375
860bf13f4c1f380680116433b3c9065d,-0.254638671875
64cb81e1c3ba17eff9dfa9b397b31763,-0.3310546875
6e07410954186ee3f1d92e5d95082761,-0.262939453125
789f005a8f0c3936b5220eb3fe09eb34,-0.1883544921875
bafda61ff1956f2cdfae59c4787cefeb,-0.19287109375
583f42763247fa1b2bc2b6a4d7e8a90e,-0.3203125
41d2c06539af506b8218ea4d1cf8d37f,-0.39453125
ffe80e0946d2c37c3fdf1db2ab3052c4,-0.34423828125
071ab18eb03c000a5016477b71774b1f,-0.3212890625
988f625178a26fb31a67a116745ca15f,-0.283203125
7d4bd98ee19ff854cdb2cf7eaff089e1,-0.316650390625
19d48c6600a4dfda8d72c4a1b93de856,-0.32958984375
a72c07b48c9b5fab7b03dcf751b88155,-0.22802734375
3b979edb5a8135b68915857e8a84ff76,-0.32421875
347e7ebaa7222591bc99bbeba3cde68b,-0.384765625
8604ebe23a38f1049ed0a76c6ed3dede,-0.16943359375
473a939cdd376cbec490ea26f4ef1937,-0.1671142578125
6da5c8ceff632dd7b2411350b659e396,-0.319580078125
80495b79cb9d095e74e0939e38ed2534,-0.33984375
90844c8e5e7dab981eb7b73a0280c407,-0.356689453125
cd7bd0f163df7df10a6103c059f5d43f,-0.26123046875
bafda61ff1956f2cdfae59c4787cefeb,-0.19287109375
70ad87062356e72d14ed3315d876a622,-0.244873046875
1eabfd2b67928d7133ec63c237fabd9d,-0.173583984375
4befaa46cc1f58dd8df591082658977d,-0.2369384765625
ca94cf6784a0dd184f9db81e8736bf65,-0.2412109375
777b7ab71bd9dfaf73632aeb454eb440,-0.3681640625
49015ec626b64e9d60cee6c6335d138b,-0.3427734375
0ff566e4d8608701f5c28c40181b4b4d,-0.430908203125
ffdd27b6ee98823a9d4f400178fec71f,-0.1898193359375
4af2644b30d2b57494f8dfa44453b3ac,-0.1905517578125
6496a3e850008b832ee4771ca1900bd2,-0.38623046875
a62ae32e9a2055b50c4b80b8ece30d79,-0.30078125
7b62c3766a31a2d321e8fd723e419042,-0.283447265625
15f84c5c6130fc2a917b5848b56d0639,-0.34765625
712369ab1cff59c28d5f38a3e2131752,-0.140380859375
13a31e89f67ee8f2bcc768e6d18bbdc6,-0.159912109375
a4e73db0c4b9268aa35e9b368c260c27,-0.11968994140625
1c17ce10a4af9e92ebb609b17a741954,-0.234619140625
b22766a329836c53fe85e8c567078443,-0.1519775390625
7b9fb1cdd3db14093cab13175eb10127,-0.2496337890625
3fb8cd7bb0ca55f3454d0790f414a22f,-0.23876953125
57fafd5ea577c8e34f9cdd82363ad9a8,-0.259765625
634e5f0114434aec8b65e694c17422c3,-0.16455078125
a0d896ad475c7f9ccb809f5e6facc921,-0.1851806640625
e42fb525c528d28bfe2fef693fc3c5b2,-0.2169189453125
564ce135c35110173976292e7dc70573,-0.0848388671875
bafda61ff1956f2cdfae59c4787cefeb,-0.19287109375
91d9a661e3359e2743c592a03d79df5c,-0.2069091796875
6f29ed36f2475cde93bb81b47715e72d,-0.10614013671875
35c740c45cce144dac18aa65feb4f855,-0.1634521484375
7c4f980ddabc555f7aa5e9d4f93d519c,-0.2271728515625
60284766d360640958f3cd329a14905b,-0.22705078125
7be24869d4aebf59e9e539ad616a1795,-0.166748046875
899259d8f147baba719c59daa9401a57,-0.059906005859375
827ce62da7ef1bd75e283f4d43546e9f,-0.1260986328125
db446f4222f187c3ddb778252521686d,-0.1600341796875
7efae02a3db0c51b14d6dacaf1df265b,-0.1318359375
8274179606a9967521afb6b4c19e23d2,-0.2359619140625
04620e3e768ea3708d7b7d6735b20ca6,-0.16796875
58c466ffc61b052e6231f1ce10378f14,-0.287353515625
53ffcc3cb4240c617442799d75718157,-0.297119140625
4d04b0aca23480bdfa4d572fa482630b,-0.31201171875
0b7cb9b34a18f5105379148731edee04,-0.1331787109375
15bbfae9289cf90cf60d5c170ecad7a8,-0.2288818359375
bafda61ff1956f2cdfae59c4787cefeb,-0.19287109375
8ca04fb7e245c9238c766eacd40a773d,-0.218994140625
70042b2ba221439eb5120470e26d0d4c,-0.1944580078125
6cdaf34c45988f25e3530423abf61a36,-0.2198486328125
338085f33b250cb03af662108d0cc1c1,-0.11920166015625
c81686c278c1f3e8db4370fea2c63c28,-0.2030029296875
8db278b9dffcb11a4a485f79966df4d7,-0.339111328125
d5f2ca451251e50e4cb6646d46c645ce,-0.1083984375
7a25fb39febecaaabb10e5ac19d41797,-0.2398681640625
202be6da10cbf728c7753381ea9360b6,-0.2364501953125
c04df9ef8283afebd3fd1fab644225c3,-0.2021484375
b9c196babc0657c08e95b405f9403ca5,-0.14794921875
db3c2c007b797d50db4684a5fd21b25b,-0.10369873046875
fdd85ddde74b522c74c9094b05ed446d,-0.27587890625
3cd99bd607dd3ea1b67c67cdd300034a,-0.147705078125
9d753ffe04aa61c7f40395350046afe9,-0.29052734375
a3bb2f90debd29fbae401f97074277ad,-0.31689453125
9231053ede885ce4ddd8ffaf41c7461b,-0.29736328125
4d29d3cce40ddafdfd698c18794d2fa5,-0.30078125
1891dd4307eee63b90a3b26c8890f701,-0.251220703125
f5a2c2afb26554f175415206c6964536,-0.282958984375
bafda61ff1956f2cdfae59c4787cefeb,-0.19287109375
1265a18b4921707dcdcb61adf18d96b8,-0.257080078125
fa5ece4bbadd5a6435efc364e147efe6,-0.282470703125
32ebd4fb763165cf4042178fd75618e5,-0.0799560546875
7873bae8cc0324826b2ea290ef3b3af4,-0.10028076171875
10a1b5108b477ff6d348e45490a58986,-0.275146484375
04e8e19b2009500991b6258fcd0f0ceb,-0.245849609375
80f9ff9d5e52131a7fb91bb5057462ab,-0.2264404296875
8d91b097c4336118126169b835522fa7,-0.2347412109375
fd45bfc22692ce0718611499f35c3825,-0.1982421875
3aad4a7821728d11085b3775154c391c,-0.204345703125
1fbcd8af3948fe3a6ab249825cc7e09c,-0.2286376953125
54b98189e4f0d249b256dad96ef85f74,-0.272705078125
70bc676c1dd4bc6f5097c1e2a0e353e7,-0.234619140625
d4004b39ddb16b117ab459efcebd78af,-0.27978515625
17d5f4f5449911e4745600c56a0de18a,-0.2822265625
9aa8d415a44776f047a030fa0521cd72,-0.267333984375
75782456a2303a33ac0e981bd1d5107d,-0.2210693359375
b99f1087fa786907ea13d85d136e38f5,-0.225341796875
bafda61ff1956f2cdfae59c4787cefeb,-0.19287109375
1bca90b1956c84091b0c167a1e8fd413,-0.17529296875
d0be24fe53678fa0fc59fe1c321d677f,-0.2236328125
acd9708b41917dcbad29b634b50bc539,-0.2587890625
92f4aa91859d29004c9680ad5e21ea38,-0.154296875
19c5606a6711bc4d30a12c9e797c1726,-0.1978759765625
1120237fcc568f3063c79c40c3a09922,-0.3271484375
e3adcd4b4816da4f38f319289e9a8321,-0.1854248046875
5013387a980f87028ee9c0513dfe55eb,-0.2203369140625
9948dff05fdfd98620641f614497396f,-0.2425537109375
fc687040dcb55566bd19deb4144a8398,-0.1934814453125
9dc7b608dde93f795b2d242111ce2dc1,-0.2353515625
1ec93f2883845fd150ef2c8228b6a4ec,-0.2119140625
fb5dea5f9c67e5cd994fba5107050707,-0.30517578125
94257ac72815f33a551e0a5d673009db,-0.2509765625
88ce23438c8f98d06da302efaa4cbcc9,-0.275634765625
9d6d95effa8763817bad6bbbd03bfecb,-0.309814453125
bf28f60103b2cbdf0237a9fe5e00a802,-0.28759765625
49b7cb4947764130c7ad3837a08fdd9f,-0.227783203125
bafda61ff1956f2cdfae59c4787cefeb,-0.19287109375
1e21909ecc8de8c1913ca44d186be479,-0.1654052734375
6883e8c1f80401a1c0ab5eb9ee7ea61f,-0.35498046875
4f00909ab56828d745ddd6072d10a37c,-0.28076171875
1ac75751174b38a30ae0e976a408e000,-0.30078125
6774dc9332273eeebe3d4bd771c17b4a,-0.2332763671875
e5fbf767ce4160062677eed6691f1581,-0.237548828125
d4a84d66be425e79699eba030dca315d,-0.3837890625
ffff56a212f44dabf1d29c80f0db84ca,-0.21435546875
0bf222a8b8f865d998bd5a3710a4c1c9,-0.323486328125
894058ee7f424b04101e444918969fe8,-0.31494140625
8283c5281556b20720af5f01aa835b4f,-0.189453125
3ed9d62d27ecd7d96d28693efd0e359c,-0.1907958984375
10d9c24be8829bce5348a8965c362e15,-0.2052001953125
88e19fed959ae139b673119622cb495a,-0.2486572265625
9acde3ac98aee27abd73131f2bd291e9,-0.2249755859375
1097f91dd3349bbd32d20098cd71a4b7,-0.347900390625
1c943a51b312b0c76f795a86a944f9cf,-0.35986328125
e1d31de8ad89db60a0be13852c0e2d40,-0.3271484375
eaf49001d8aa49345a4a8bf8a6833946,-0.365234375
77fd544f1f1a4d879512c37a8f08e2af,-0.29736328125
381676cea224cbff46c43dd21ab8333e,-0.25634765625
b3d7551ec1992165d56112c27a07d183,-0.23779296875
aa0d1f7bf7d97dc85805d033888f4fa3,-0.262451171875
13e7dcff72f852ecea529c128e3484c8,-0.2890625
a08ee08e60529a9e8403f27febe5bc22,-0.21923828125
0dfde3457076837af9e8404e799047ec,-0.204833984375
c4c5991297607ee4b4c652a8b9aa6495,-0.24462890625
d82986e9263a7fc1097b04af645340df,-0.230712890625
11c9de4b33c49252a4bcf24ee7de9cc4,-0.26953125
bafda61ff1956f2cdfae59c4787cefeb,-0.19287109375
d160bc9a07917fd2a51368b5e6012305,-0.357666015625
79270826569a9683fb6e44a420087766,-0.27734375
26d9038789d66b13d9f70cf8563c19f4,-0.1964111328125
a7411ea9042082a36500c01a6e922897,-0.250732421875
5cab669eed4ca6d77f31d0fd6622a545,-0.188720703125
bafda61ff1956f2cdfae59c4787cefeb,-0.19287109375
0c16f3b2c3cc4b6e26fd16057f2f8b8e,-0.224853515625
34e00c47b20d0af8ded915891edca455,-0.2484130859375
53aaf04f21afb960b40ee9c1f8b25a30,-0.345947265625
5c4f17232ef31fec14ab8f8636a07806,-0.340087890625
a18fe3f17238e36e79803f559e6ccf70,-0.23388671875
4117a3c09d9143ba2f482215cdbf1509,-0.308349609375
85e6780582527dce58fd9c8cdc76b1b8,-0.28076171875
7f15dba0baf90baf9bd6efc6ecc867ac,-0.2427978515625
1a0c449972bb18e7b4ca7ba02369045b,-0.31787109375
d8fdd43df28fcd057dafa1571c5b5baa,-0.259521484375
34be16c4e89cf067911530a52fe5ebe0,-0.364013671875
dfd24a9887bd943d75d210a77aa26195,-0.4052734375
e031eb49a18ff19aa9440d51601ec926,-0.3037109375
30161bc6384997325b36af4a1245bb46,-0.319580078125
e955565f27bbfc0d093211bab5e068a7,-0.327880859375
ac1654924554d6a8fc8b6bdf8858bdc7,-0.239013671875
b96f44d1dcb63bf02bed2eda8662c2f0,-0.1798095703125
bafda61ff1956f2cdfae59c4787cefeb,-0.19287109375
d45b064dc49a36898460428c4625dc85,-0.17529296875
9fd759d4d01d5dd4f0151ccb810e81cf,-0.2120361328125
21760d8755e4a6e5888c1e56aa0b27c2,-0.257080078125
83b3bf12184926d574ff43fb3148982a,-0.2276611328125
f314f9b7489fc6a8771a6c36bb10d49d,-0.376953125
df72c73e317fbcbbfd8426f3a508b6f2,-0.330078125
c961f1561daee364b7e01b0702243dd6,-0.2275390625
0d9899dd62c7bb6f7b7045dfde6d6a6e,-0.26513671875
2d809657d41417cd26df6bcedf03183a,-0.2388916015625
91ccb6bd854675498b6e33ae840ad6e0,-0.2176513671875
83075a5f7f83a3c1969ad991c20f86df,-0.26806640625
a80f432258c837610853b24059562ace,-0.239501953125
5582696c5da0ad7cee13175dc545cccb,-0.414794921875
ccb79b98553508b629d6b92c7dc9b559,-0.3427734375
b9ae8ab1663727743d8b7bc91a6ce4b2,-0.291015625
05f615af521ddcba389969b4dc700708,-0.29150390625
5a5bde6eb641e20f88fdeb37ba9992dc,-0.417236328125
d31e630aed9f7c148f905248895eabd7,-0.2275390625
7c45ddbc3ba0cf664a5e2f0d6047c1a6,-0.368408203125
4d32d0597c16430471c6c857130fcc4c,-0.467529296875
164cabf60f36ddadccf6417afec3f336,-0.396484375
ee4ff93af12de6db425d771a1aba222e,-0.477783203125
f4e763c64bc989e979900ff771b744e4,-0.5625
a3b4facbc8997d466c433b18705fc395,-0.54638671875
8014093ab91b1a800dc08f39502a9653,-0.4677734375
795efb5f60aa2b5559f0eb8a87e2e2d7,-0.418212890625
c3f7b019ca5b83e128133be12abc96d4,-0.44970703125
5045b87141a749c2c7388729bb060940,-0.53271484375
3cdeb08e276f885fce1434105f243255,-0.4501953125
790b31cea8c114910246ab49177df994,-0.441650390625
bafda61ff1956f2cdfae59c4787cefeb,-0.19287109375
8f8d282739716a608a01f0ccfaca19b2,-0.28173828125
06f12682b80741ff7e883aa70a85b4fc,-0.487060546875
5d132644d13203782211d13359b22f95,-0.344970703125
86a69fb3c037f2527fb7c68e35a1c4b2,-0.50244140625
33fd83eead8c5239bbb58e90a8426a2b,-0.505859375
c689323ad5ca775b29121d909eb8180a,-0.2437744140625
39a39819b8245828e7e9456781802dc2,-0.1822509765625
de53d088c7d83829fc2c69ab8adbe0bf,-0.1435546875
1de399b7a65ed330b6e7120a43a5b97e,-0.188232421875
54234586a3d4cdef1d7006f095fd457a,-0.1954345703125
ab62219c3bd498851faa80f5fd9c22c1,-0.28125
26fdbabc101ed395879c2b974d88c1c7,-0.3486328125
b0590147fe06f74e5314441817951ae6,-0.294677734375
88af4bf295f933c0511aa0aef13f4619,-0.242919921875
acf4af242e1d390a58cc628542cd77eb,-0.302490234375
bafda61ff1956f2cdfae59c4787cefeb,-0.19287109375
df9411233615d33b9a0dada6e955a5cb,-0.220947265625
749a79ce0ef5251090dfaa47dd7c8309,-0.2095947265625
23031fb52922606f129e3caca1a845de,-0.2025146484375
1d538cb36ff790ed09ae010d0d4a973a,-0.1966552734375
1f7ae75088bdddad841639948173bd59,-0.2135009765625
3508743ae77e560db57f3c3b8785fa24,-0.365234375
d87002b545de41af60de364555742f47,-0.1923828125
fc652daa6a0c54d167b92efe5f1be333,-0.2626953125
d40caef6949543c9a0642674a3f7b249,-0.286865234375
fe2754a7be64991bb6361892a42d7fce,-0.1929931640625
10f6f7ced927fb52fef9c1607d957aed,-0.227783203125
859c673d42cd7f5e1bbc20f468923a82,-0.2156982421875
7c8c9ccbfb8a76ce2bb69bff09b7d739,-0.205322265625
c69d4a781455cdc9d3b02f5dd53a2fb8,-0.1947021484375
50544666165d56769f592f5645eb05e0,-0.1219482421875
6261b1caf6177ff7cc1705d03ba02535,-0.1634521484375
4016f606a6d8f5474a1ae92f994bbadd,-0.1922607421875
782d4426b5acc5bdf15aab033c9033a7,-0.2261962890625
bafda61ff1956f2cdfae59c4787cefeb,-0.19287109375
a38bd21b64c885a64eea0f9b64117165,-0.2139892578125
b9db698adc5393c8f0f0ba95acc34d00,-0.271728515625
ff79d087a1f6cbaf194e242512ad78d1,-0.2215576171875
93b2331a61eac68271eaac8ac2c9bd48,-0.21337890625
b77cfae4990dc309b52d4bedaed945d7,-0.180908203125
69da7fb37302eb1a050cbb660eb044f7,-0.175048828125
9d48b98712133ce4cb973e859ab30870,-0.243896484375
7d52f8b9f22694072dd20c2d9c66874d,-0.300537109375
38d3d8978b5a63facf92bb6013a5a330,-0.2327880859375
267a84fdebf13c1d08d27de2518d519b,-0.27783203125
bafda61ff1956f2cdfae59c4787cefeb,-0.19287109375
bb6119ccdca58e328d461960ed035fbd,-0.24560546875
57495b597c45299bf94860cfd72ca6af,-0.337158203125
947a879e157e9c2a1eb9771403e0eeb1,-0.41552734375
c98f6eb4000d55ff92abb6cb28dbb7a2,-0.398681640625
291166818cac796378fe88b35a1335f9,-0.3759765625
678bd09fe3cf1d6f2941b005de208d67,-0.45166015625
e45402408af2173875a25fb3681211fb,-0.39208984375
ae2bd98041bf4dc81d9ca839f7cf4b41,-0.360595703125
fe10b6cb1c5a091b57b644a3c5d9a25d,-0.3935546875
148ad88189bb2cfa972a531d8d590735,-0.348388671875
c6b176cef420d024dc79cd9ad82443b9,-0.453369140625
e9e6963336981ab2e93322905abc0fd8,-0.406982421875
44e6ab4a0ae72abd2865e4c62715bb5f,-0.3857421875
9eccdd0903062c7f421d0e035023db13,-0.247314453125
f9f3a21e4d925d7492b16b96d35cbec0,-0.311767578125
d4b9108c89df0e42fd2d4c8b2e66112e,-0.426513671875
774fc76f3ecbb7bab5a4a3f6888779af,-0.34033203125
41e33dfadf049469c4a8f30b894ff453,-0.428466796875
da1714c5e024b9dc0b04704b6d50e5db,-0.46630859375
d1b0bbd3d71e5fc8fe20cd3886e2340e,-0.295166015625
51d78f536e2e3dd16a59d6dd5e78c36a,-0.25341796875
bafda61ff1956f2cdfae59c4787cefeb,-0.19287109375
2f94312f349f979bcb539601b1dc8841,-0.2257080078125
3343f3b41882d1740203344e8de6239c,-0.193359375
dac36e26fd1d826fefbe6c9954f989d2,-0.2379150390625
31ba5e6e88b87ffa2e2236b8e722bb51,-0.2607421875
0454e61c6e092f4c9e6e165472119408,-0.238037109375
05c056066e3a64ec672a6f8964222978,-0.2998046875
5be944c085e475b58dab3cfdc2d94727,-0.3095703125
3be9ad63150ae0579e80881f62ac4282,-0.2484130859375
029d11f2ec8508a2be6354dfdef25f45,-0.2705078125
8fbd22293dd31c374a0f5d01da9d22f7,-0.262451171875
261f41e8cb869f3c402ef8587ead0192,-0.26220703125
8fc30bbfae4059f705ae06d448d9008e,-0.27685546875
1c51ba5f3a804bb57df47786cfb6333f,-0.2451171875
eafa8083f892dad9b93bf0c9407baf03,-0.30078125
dde99a3c70ec143fe0abeb161c9d57c9,-0.339111328125
ac1319ccd1c17adcb2e386ea84c731fe,-0.263427734375
a52a9837aa816f84040b20eb189ae206,-0.296142578125
324b62b34a0f78b17a575a43ebc73672,-0.201416015625
cc0ddc985cec0153671e5038ec64cfcb,-0.2166748046875
7058e5e6fe97fd65e7fbf7e7ae7ec5a1,-0.224609375
22e6e32a85189b6c8f6506073dd709c2,-0.212646484375
bafda61ff1956f2cdfae59c4787cefeb,-0.19287109375
b76d1c56b360560e2fe2c1c99c612645,-0.179443359375
e58d3b7491311b4f8a36b92ed8f5ca1e,-0.1304931640625
c0390389cd326253f07c2432deeccc82,-0.1854248046875
3fcac10a35dd7a372e4a185bf6ca7533,-0.30419921875
51ce3cff5935120c55ac448306f9923b,-0.2371826171875
b87352e5a85fecbf817b190aa39008f7,-0.272216796875
4fa98c517e7cb599b817b1a4a177595c,-0.247314453125
857145c7a43dbbb8ea0916ad8480f2be,-0.25634765625
e3347f9f893236483dcea9927ada5ee9,-0.2474365234375
c5fb37ec26a03f11246d84ff425c6bee,-0.229736328125
b98bfab220a2200bb189219215cc2212,-0.267333984375
99106c02aba9fe6e6978b73d943aff7d,-0.261962890625
bc3af720d4c0c7221eec58f44e092057,-0.26220703125
038db8f587750db3446ffec2a2c78122,-0.235107421875
f14984abf8e2c8687b40632f2713efe4,-0.1990966796875
a47f378b041ada98dd69a96bafecb85d,-0.257080078125
bafda61ff1956f2cdfae59c4787cefeb,-0.19287109375
c4486393271de64669c9a7607306395b,-0.2333984375
217df668fca598a153b41fca7f77daa4,-0.35009765625
502dfce3da25170ab0f00d0ed166a873,-0.29052734375
627796395b05a9eaef79f0810f7a4174,-0.359130859375
694ec8e46315cd729c275cf81b79a76b,-0.3203125
7d217c2dcaeb8663104e04ef2d467395,-0.368408203125
2aa0ce4823e96a86611fef0626b9a4f3,-0.360107421875
fab46a0adb969ab2762ef8fb51c81693,-0.289306640625
50fb80097a938f972ad90974017525b1,-0.336669921875
ae434a75d1b9b27b5b892ecedef3e264,-0.380615234375
d9754330faf2d4fa780ec214559e2daa,-0.36865234375
5c587fa4947df67f9d395487ec7ad0f9,-0.337158203125
f475a835a6df1e76f11e0978ec6cf523,-0.220458984375
e6ba9281fb351828c315788a96c4a7c5,-0.28662109375
3147fe1d652f395e207abf5d4dbbcd47,-0.3017578125
83c0346353be85bfef21e5262ce821f5,-0.2587890625
78a9ddece1c66927562aac0caa02704f,-0.346435546875
a081d73e971b2af5f3dad960685d45fc,-0.389404296875
ab1b55aaadc830471f91b1cac72a8de9,-0.237548828125
34159ade0fb670d7f05adec9de9f2dae,-0.259033203125
67ed5641484307e96a2373c5c3650e07,-0.25390625
e4c302c6319ae45d435770ac7343f494,-0.297119140625
40dc42fdb7eb2d65c32e8c48ec379f1b,-0.26123046875
159a92e8c998598f6a272bf6b65aeeef,-0.27099609375
47d62edf67cd269e90baf661b3e2905d,-0.23388671875
96671f70df8731419698cf74bc92c8ab,-0.251953125
8f77737858b96e29dfa1c2b1f315725c,-0.26611328125
1b6735ecc19fc2114e8df4a580a9f73c,-0.288818359375
589c0f9a158c0dea1faf15e0ccbe2868,-0.21630859375
4ec0bb0e715448bebe3ac8f655613016,-0.26416015625
7bc6dbd3c77639f83496fca48b247577,-0.27294921875
701016b7522c289f03afe5e72f4e4c7a,-0.255859375
bafda61ff1956f2cdfae59c4787cefeb,-0.19287109375
abe221a0c22c4649af38f7e71c976f20,-0.271240234375
8186a43cef9d27c7be0f6312d384a49b,-0.31396484375
145856ec479cf9059ca53303467734ee,-0.1685791015625
c4987536b8dba04a9b79cb0a28f373c1,-0.275634765625
9842607e702e2abed036b158230a5901,-0.235595703125
2d7543669893f53cea06fcce978cbccd,-0.309326171875
beaada4c5b8101529b60ca1f632f3886,-0.1865234375
923a04f60dd3435627d009800f55c32c,-0.2320556640625
d6fd0e3496d7c429740557a41b5ee48f,-0.2196044921875
f2a645c5e13cbb62225cb29e8317740f,-0.1981201171875
c9845fc3bb6c6bd82eb46e9b701dc21e,-0.29931640625
4e90d2d58163910ae0c1f3a2f491d478,-0.270751953125
0569ea9162c3297dfc00b541601e5087,-0.273193359375
9b9cc46a9f9cef6f3f0bc2d3d40e83b7,-0.2978515625
ffb13bf8ab5ad399cbea015324a69e2d,-0.261962890625
7d5ca68b71d4ddf55996281bbeee6e75,-0.3134765625
bafda61ff1956f2cdfae59c4787cefeb,-0.19287109375
021a515bd89bfe299755501398a9178e,-0.268310546875
0ecc1ed42315d7021e0729a2604c3396,-0.2286376953125
68da98dbe6cc40e72b91b60bfcf1038a,-0.1595458984375
74784d432e852c1d5a053a9849486746,-0.148681640625
759256a0cc800308f7f84bb661704f9c,-0.380615234375
9e1136af1ffd035fa5d87e72f8ef0260,-0.1290283203125
b3edc026256f5db8e97a5a107a02a2c7,-0.2352294921875
f306c026efeb0f493c8dbdd4c0092a32,-0.2509765625
bed3639873a2ec23c5eef21965582a85,-0.41650390625
a40db44bedc8b226f57522aa1dac8b6e,-0.3212890625
0d6547ac8033990a5b0458d3ec5ea859,-0.31201171875
e1538754562aa4adec67af92e92fff6b,-0.448974609375
ab375ed1c9c0c25caa135b0b8848e9fb,-0.288818359375
33834bbe6d7d8e3385e2076de35dde2f,-0.43212890625
70330e56d49922a91d972628998e2192,-0.453369140625
67a80638370847f03afae1bc0a5f2f45,-0.49853515625
7846be7080c92ffee7f3183a7f8a4a34,-0.3349609375
cf1f42d2ecc6ffee20b6ac2a58748f11,-0.35302734375
e8e3dc3dff8bf979c196c4919c1200eb,-0.403076171875
e6d896fd4c2b31624a0d4f6836faeb4c,-0.492431640625
55a2dec54dca0a6cee344b63a28a5032,-0.425048828125
344b1aac3430129582ad350e3982cfda,-0.29931640625
c81a209053d9ee94a0361dbb1480aafa,-0.2626953125
bafda61ff1956f2cdfae59c4787cefeb,-0.19287109375
fcc97cc32fee2908b0b5296914240b9d,-0.39306640625
3609326ba92ab63a15c7c8b5068b0067,-0.64111328125
0e2748427714795a75c03309d6dec605,-0.440185546875
209d8c5d6aed4553cfddf69a0beae212,-0.45947265625
7ac7b7c5032d6a6be354436e1bdf4ef0,-0.376953125
19a9a875b449fbf20508b497eb1c87ab,-0.1524658203125
162a86e9a5e6da0c89a1e8c3b21f602a,-0.2490234375
e72263b0abee2eb1891d07c1e471f1ef,-0.1881103515625
de47b0cf63db5c5d5517999c1e8fc873,-0.251708984375
473a179e895d6708a5d0f011cb039aa5,-0.2144775390625
70e22ea8631b85bc45b57581f675a959,-0.338623046875
a6b350819857c597e0128efcacc19785,-0.444580078125
482fb073f082cf14c610f42113c0c441,-0.681640625
c0ae50fe2dda62cd797e67ff6f05638b,-0.53369140625
299ae40c1a5905ebd54def95df54be0d,-0.69140625
51373bd084084c1a33abfbbfd6a20d7b,-0.658203125
0008bb7147c277ac5e7f671f84094e4a,-0.52734375
bafda61ff1956f2cdfae59c4787cefeb,-0.19287109375
d6874ad92faf53e8ae7389827e3ecef8,-0.308349609375
7139457a036f3f0e8da0544cdc231c65,-0.270751953125
6938609bbc69ef89d94607cbc490f739,-0.36328125
1b7a536945572281406423933a5a97c7,-0.43505859375
954b39438456dd40b8ecb2a19b3081f5,-0.57958984375
b2bc06466f3516fa4da8afc59aea16dc,-0.56591796875
8acddc66b42357bf12ae06b9d16ebbe3,-0.389892578125
69cf918d95dcef5231037e6711bbc7e2,-0.2548828125
fcf5c6c2e6b8d7b3980e6e289a006f32,-0.195556640625
1a46630a686096a9fdf9ce50a48dea4d,-0.29052734375
9b4f000386f3f810044f268b39e8c817,-0.1641845703125
3ebe3106815991ac1b3a996212ad7f85,-0.42529296875
4090c5d8f3d8e1ff7fd32af26afeec4e,-0.34375
527ae3c607e574dbd0d93e523b8249e0,-0.314208984375
8155dc4545e965addc2def0643957a40,-0.295166015625
bafda61ff1956f2cdfae59c4787cefeb,-0.19287109375
3c65e15560e9a5d416aed2117024360e,-0.33447265625
17426705d10ce1479be602982be03a2d,-0.396240234375
4b41a7d606f2dc3266d56ac07cb7acf5,-0.327392578125
5f1b8c1002a32a6bc3ded06e00f5831e,-0.2357177734375
3a7cf17126fc1224b75673ce4c75e1b6,-0.2061767578125
1b0ae755efcfd4b2b46d6991c7351357,-0.317626953125
0985478280b3e7a80ce42dabe2fa4450,-0.34326171875
fcec13ec3c9ee8d02daaecc8900c275c,-0.48291015625
cb60e2599149db086a065e18753b9ce0,-0.322509765625
05d3d5dcb512e65a0763582415c78495,-0.288818359375
c55e891f012ca2809862a24d343b4b85,-0.52685546875
5e9ad4b775fec5318beebaf7d61300ff,-0.40087890625
5e7d1703e4da810fbb319f7d48c0941e,-0.4169921875
3c96fc89b92eef828ee9ee1f9378fd49,-0.73583984375
745ea60525ed916659ae586140c640df,-0.404541015625
108d236e29eabb7ca0860c445011ba71,-0.75244140625
d001ce1fe4f6087f4984367628b93a23,-0.787109375
ab2dc72f50d3763da69549ed424b8fbf,-0.76904296875
959b0a5b4ddd43af6efbcbba4da54929,-0.5322265625
c1aa0a6024a91711e36f7e2ef0f48c7a,-0.57861328125
a1536dc2187f51549fd06585b38875fa,-0.74755859375
80654cf7dba086d8eb02d577c859741a,-1.044921875
f71acf24a0a14852da693bbfa3234d6d,-0.8310546875
9f585b33421715bf8aaab6de9d5da7eb,-0.492919921875
a9f480a3277e97fe32d8fda7c63a01b6,-0.3681640625
bafda61ff1956f2cdfae59c4787cefeb,-0.19287109375
b0c3c5831d89f62d33415e060181b800,-0.5380859375
6dd6707b6a383e8b769b8eecb3bfe552,-0.6005859375
50922bc0e667c7fb0d4d048b4a0fa69f,-0.7744140625
3f49a95abaecd02883b2064ce8a5d945,-0.986328125
2590357499421126eec47fe3fa2a1f2d,-0.62548828125
c671660005988cd4feb57dd1ea8c06cb,-0.441162109375
82d7035bb60705239f543ace5cbb6a38,-0.479248046875
d836be7b01f1fcd3613267eb1a9d86f4,-0.2158203125
722c4649c2e2bf61970f7e707eccc5ac,-0.362548828125
51c686b70d25ce71d8d49f725ba52a2b,-0.412353515625
33ebe531acccc3ef91d9baf8c1f7053b,-0.36572265625
d653f7cc5eda48aef14622c0df305df7,-0.408935546875
e1e0811f5a54cdb71a4864fa56fd1f2a,-0.74560546875
a7b766e6a310a3d2b31cea2cd987695d,-0.424560546875
0661fcdae6a9f39156b93eaf1485445c,-0.8427734375
19bd445df5bf9ded36aebc91c665f776,-0.92138671875
d80c4916705a2da59d44429c79385f81,-0.285888671875
87ee2ebcdce0b960c0ed5066ef2093b2,-0.2333984375
a5ed43e518bf190f6d379f5168be1835,-0.46240234375
06a66e8b7d31480161d1f0905e5f10cb,-0.401123046875
70104efab86221d9d40e92b1e52b1077,-0.54150390625
928a147b480b5e585947701ce69f734c,-0.72265625
bafda61ff1956f2cdfae59c4787cefeb,-0.19287109375
b3d163302f5a3494fc6391dbd4964a30,-0.7314453125
c00c211274c6909e0188a989798150f8,-0.74560546875
e2e2f290b2bf1abebc9bba15227f80e1,-0.484130859375
866c6ca6672e3a9593f2b78cec5e263d,-0.456298828125
bafda61ff1956f2cdfae59c4787cefeb,-0.19287109375
0ad104befa6a3a0546ae954b9c229874,-0.27783203125
16da6ac304deefd330936238e16319bc,-0.433349609375
aa7147e30aa2e18044a769c70351d298,-0.50341796875
24614cd1267cb99e8ec2eca3db64e828,-0.62109375
004b93187a7ceab163f7e1c9c9916159,-0.724609375
b2d946c2eb27d9cad08188100d9b5254,-0.68408203125
b11f4900243811e1f5ffb482d509f7b2,-0.75390625
446a99afdc253396e94d526239b61050,-0.71875
a4f7a8b9d1abd73e1801dd71d7aca270,-0.61669921875
57e88221bff66f30202e0f8aec76f75d,-0.1953125
34c4d7665c097b5f590491d9b663f3fb,-0.5693359375
71cc06375f501f5ccd3cbfe29885904f,-0.56103515625
ceeb07a2f613bfca742c48d2f53527dd,-0.5263671875
738f9f376c242820637fb785601b655b,-0.84521484375
b1f11769808e7eedb2d1594a4451e51d,-0.66748046875
f91d8a0027f740a010134dd648feeda8,-0.69189453125
366b864e6e0abb17907d6abb45c0c0b4,-0.79248046875
9de76a8ca0d469d5d6bc11e006490a56,-0.66796875
b1471a189d0dde79253bca65272e8aad,-0.63916015625
422b0a9359004a562505e22f623fc778,-0.6025390625
b110a50653641e2dc9dff8104ceb9b72,-0.603515625
941ad9d4cfea38db2bb8a8ea67597801,-0.4365234375
453c283a816beb3d8257ec5a35e859a1,-0.548828125
8db4d9cb20340f79c0ec85f0733fd684,-0.364501953125
2aaa8ebc03e7cf28d3a3cd0abbf6ecf4,-0.9208984375
0f23123da0c4cdff5f5fd6e1711a48c0,-0.751953125
b00bb85f305fd26a29ba43b46c918316,-0.865234375
b62f7c9c3c1c0a8940d206d58b1bb8c8,-0.69140625
aabf5b5c692a0fe50184692407c51eb7,-0.6337890625
5f9336cce8c859f6e19e5a0a03257528,-0.5146484375
db19ba2406a20852434eb69937a46281,-0.7783203125
e53b3edf498bd3d35ae57a737feb5279,-0.68896484375
50b9fb020894755e9a4adaf99f9b3a8c,-0.69287109375
1d3c347d541d30b553beb9b75180f047,-0.81103515625
bafda61ff1956f2cdfae59c4787cefeb,-0.19287109375
f245f2c7a5752ce8a3efae554405a107,-0.63330078125
953d54221f2f9ce2833d5c12d5234d88,-0.80517578125
f733e87a1b1fb4ebb08c1e7a508c0873,-0.5615234375
bafda61ff1956f2cdfae59c4787cefeb,-0.19287109375
df10367a66255837f945aba391b02118,-0.2071533203125
075df3781a8e9016dae06470ddcd35e7,-0.1324462890625
cba7ec7c76c08750e65ac0a372bcf0c5,-0.4990234375
91ac4d57ebd997c6ed7107b8514b5f9e,-0.65283203125
fb74e1899dd3d8b94b2853d4652fe1e5,-0.68896484375
f1dabaeb8711126650fc65a11a2bc2c4,-0.861328125
7de21e91462a2d4c57568560f136e860,-0.74365234375
de75239e0474b65d77d18267c3cb1399,-0.87744140625
42171be724b61b9e59d8fb0d33eb509b,-0.8994140625
26719c7e13719ea88b56bd8e8f847b60,-0.75537109375
3990b6804f9b6c20b6a10fcaa25ffc3d,-0.366455078125
996410406e9808d12e919844e2ef1666,-0.748046875
8788ead14845473a8fa1f60f6c1eb4b7,-0.52587890625
f7f01fd8f36048766be445248ea7d076,-0.56591796875
bee4aa1a6701011b276d592f91c5ec72,-0.892578125
4824715b20034cbc5f97867917761415,-0.80517578125
2a4a214a9e47b223d71254afc08f4588,-0.88623046875
64040164c49d3858b6cc381b018b22d5,-0.88916015625
5672ecbc092b7a49a2720cc6673df3e3,-0.587890625
7dd4869ba10dddae18ce6c1ceb4c7aa8,-0.3896484375
bafda61ff1956f2cdfae59c4787cefeb,-0.19287109375
bee5c9cd77c3ccc1c4e3b03d59c17b2a,-0.2469482421875
e72178b039565aa742de7aae7d4f7f99,-0.305419921875
aee24ac9a9dcf27db542dfc2a99a3fd4,-0.55810546875
d0b94882cde7bea338700e0d4c28381f,-0.61865234375
95ea8185dab8d74b93d092dcaca888eb,-1.0
d85ff5bcf0d73de827d5247fe284a4d9,-0.81298828125
de548b76ddcaa925b28669cd6f06278a,-1.009765625
c80f02d4a7ead75418de6e17580d79ed,-0.9912109375
bf14cdd0cff95183fd6a6b769b8e9be6,-0.88330078125
ea33036816bd796363077e636bf4e8f1,-0.2724609375
c70594f8e6333a92d97ac5f2655338c0,-0.87353515625
dc17d8a5fd5b8537f07fb5fcf6f795c4,-0.64794921875
427a842eee15bd4d4c5f793423adae28,-0.7607421875
996d8f70968da8c7aaf7da62f9650f46,-1.107421875
b73ca928d9ac88b823ef9f3ccc2afb07,-0.873046875
d413cdeb523a720c6f8aae8f35658ec2,-1.009765625
c86263630611b1df8ad99db9a070ecd6,-0.43359375
c7c9c4a0c89f5143a4da21491ec58149,-0.35009765625
2ea0140420294a1cb511b1da12adbeeb,-0.447998046875
5d916d2f2fbeaf5bb426dc1e24711ce2,-0.4345703125
cdcb561d1e9330aabf626daaa799043b,-0.49658203125
b106cf685738eed8726c62a7923844b1,-0.58251953125
daee5e39340a65e2477acc8ad7963364,-0.445556640625
b4bada4a5cb2645af98c1e1cdd6581fb,-0.486572265625
efa1cac95cf5dbd8dcf11f7888232fcd,-0.412841796875
17ba363cb2f790ea5ad29b442b3d2907,-0.397705078125
bafda61ff1956f2cdfae59c4787cefeb,-0.19287109375
8908051a3127d3624cf0c09c48cf99dc,-0.50927734375
3d8a61f0309c0e9474b5b892fd332689,-0.33837890625
26cfb9fd4eb643c717d0f29b02c33f22,-0.434814453125
542a5c3a6eed44aaa807a4817a143b36,-0.333251953125
dfe7b632ddd41e59dd21fc0c5d552559,-0.4990234375
5c2735538076f1375318fc26c20dd6b3,-0.62548828125
da0134588bbfa9f69d342e77449629ed,-0.99267578125
2598aa4629c134e2fcd19acc13e9fce0,-0.38525390625
5e85a0627c0afa63f910efe1f3b723e8,-0.38671875
759e8d785910bd030cba14dcc012e924,-0.301513671875
19459f9b84ed1b827e698cd36f88f14e,-0.0848388671875
cb16596c86b4df9356ab4604407aae48,-0.498291015625
3e912f7864af47d58acde434e145cd79,-0.673828125
08752d63ac79e6b9b6999eff289804c3,-0.6259765625
3a0120cfaa5f7b75056ed8d47e4f028e,-0.6064453125
80bbfc42e735ea986ccab895e1eefbf7,-0.62548828125
b09ae10955102327081f42bf7005ff84,-0.72900390625
c87b31350cf28ef8d2af23cd96048d19,-0.94287109375
50896e3b01b8ec9664de731a4eca3e42,-0.67236328125
a8a33daa94da5d5807e70dbd75cb9052,-0.94970703125
a3320db5715a3b7e588f973b82c5d88d,-0.994140625
4b20cbb407c89c669ca2c8b0a7696b7d,-0.7724609375
532a469d00900ab1b6b54700472a2aa3,-0.50341796875
bafda61ff1956f2cdfae59c4787cefeb,-0.19287109375
7732b22d51510ebc17807c47849fe115,-0.5078125
c79c5024f2e96ffb97d7a8f90971146a,-0.434814453125
1e06a58625f33ba08a2cb067e6cb2e35,-0.453125
4adb3e091618ea6e0718869b71e34be6,-0.78662109375
d5cd6dd4f58be475ec05c230e0f0f559,-0.87255859375
13ecbb478e2cad385e2157d8090893be,-0.9912109375
fc1470184dc0def62a161f11d4d4e795,-0.7216796875
e06e7f141948930520afaf5c0a61bbe3,-0.59521484375
a8a5dda7521c56ab849a20b282188bff,-0.417236328125
93d39b4aa5f339746cef3ba017767ee5,-0.64697265625
e555ff9bc1283df1dd867497e032dde9,-0.302490234375
cdd313aa45d71d366767d7cbe4cdd181,-0.329345703125
bafda61ff1956f2cdfae59c4787cefeb,-0.19287109375
f2171b30d33ada69f78475e4b87aff21,-1.2919921875
fdf923c1b4de11a2a604b479b0861b70,-0.95703125
3fd23ef3854d0438a501232ee26e4b7d,-1.169921875
6b875df2e3452c8b368b8153ebaacd6c,-1.0224609375
6fd36b1fc70dd42ab306a3b83ea93963,-0.9990234375
b29a5867a4ac301acadc6d6115738116,-0.478759765625
e6383de860318e59654f14f4b7f6642b,-0.8857421875
972bf78ffb7c520aeb3f7095bc286e1b,-0.80908203125
4a2dd360c13b728f06e1d369bf35c13a,-0.70068359375
fb467ac7bc10d5718a995b82a22b3c90,-1.4013671875
46eb2dd553ed815fc8aad00a332b68d1,-0.64306640625
ae0b795cd7e64f4bccff782084571509,-1.125
c3ae38019e2c9835f2f3113e30eccd31,-0.50439453125
3e2a78fb797198f09d6be856a514a690,-0.273681640625
967241c43ad27e45c00b39afb76d27d8,-0.193359375
11b5c0083cb9454a25f2d56c350d7518,-0.220947265625
2106b7211754619e0db4241a84c1ebe1,-0.1240234375
a6cac44d1de53aeacc874fe7a368e22f,-0.33056640625
c7f4d7b191609420da484509439d6aea,-0.2607421875
6bffb58e5748bdfe7d1d8ff12606e685,-0.36865234375
e3edae2f4e28fee8616e51d819bb0389,-0.5595703125
e04d4ea015fa950ee70c4c6340db0b52,-0.458740234375
795bc6deea19b00bcd76b0a9db569c8a,-0.60498046875
1f1a378fe58c28feccaff4670eba74f6,-0.7666015625
c37dc3748089dcd877d2171b398b6534,-0.61767578125
6d88faa9eb2d581fae7153b6a0e672ad,-0.282958984375
d57bfd71c56d9ae050bb1058e6017e59,-0.324462890625
bafda61ff1956f2cdfae59c4787cefeb,-0.19287109375
6121f4d59f74155fb359aaa1e76c6e48,-0.2783203125
395e2c8b2d5033f40b490837827aabeb,-0.85546875
912c95cd98926c7c980478ab41116643,-0.56201171875
7c48e525bc9ac61f1623039809605ab1,-0.59228515625
c56e1662ebd36b2a0f8fa97f51f3967c,-0.35302734375
5b7886d6dcb887be280c3112a484614d,-0.205078125
df318d9a56882fd8645f4d8a06b08767,-0.1153564453125
2b0386a17498a6880e408c0d953bd1bc,-0.17138671875
57fa83b1187ff2a38aa5199ad1fdc8c9,-0.06134033203125
4a1ef6ad5246fdb07c83accaa83452ff,-0.28759765625
050455fcdba393d44798dbca28aef14f,-0.34619140625
16083a6c27da876c051cbbe58ed4be19,-0.238525390625
4e0c5c021d0926b68f948e4b3846a420,-0.388671875
bafda61ff1956f2cdfae59c4787cefeb,-0.19287109375
1c68eab3cf1cba553e05b3865233d1e9,-0.3115234375
506995248132100babaae46354111f61,-0.287353515625
6806d491d7ed19f4f1207ae231172108,-0.3271484375
64cd5d7e4db1bbbca8f3a21f08994ccb,-0.1884765625
ef5167008c9a00ea8a29724a703fdf08,-0.302978515625
d43706c3b1d97850c66f71aa0c6b3049,-0.166748046875
59be09293d024b0983af7fb8500d33a6,-0.288330078125
c440f54b17db260b748e388f0a30b248,-0.68310546875
adcaac932172c17599fcc4fd39a05fb0,-0.305908203125
2fd6a0a17cf760459dd0b7455417d87c,-0.1571044921875
c6d7cec431b836385c96dc0dc315b8c0,-0.8173828125
d4a47d1cc866eaa0f36c421943b5d94c,-0.52001953125
05df18edd8b2df24bd37803e00f1fd8e,-0.4248046875
bafda61ff1956f2cdfae59c4787cefeb,-0.19287109375
8b6c621cf43c6942ce3596a0694da468,-0.361572265625
1e22c8c1fdc27d7986980927f9b22b59,-0.310302734375
fc01baf5f4c77b44eda9a35ced968a5e,-0.55029296875
e6192f13172e3ba00f29feef5fa5c7ce,-0.5185546875
67181c1e1868bc79316a3326b6547361,-1.0322265625
cf34b056f59e4dd791719b680875df24,-0.880859375
29210e2c53ca510db360a1b0eefe815b,-1.029296875
e730b1283a07e781959ad70ff041d133,-0.96630859375
605d6716928d92eeec2a2c744c65e448,-0.85107421875
a4b3d55725bc93ae258c8da90d424bd0,-0.30419921875
1d7f2c024245dea5013965289478a96b,-0.71435546875
50c45d491b9b392941dd60020fe827fd,-0.64111328125
5470350bb0521eb47495c73f729c8022,-0.52880859375
58c1a279aa736b051cbd118fd742731a,-1.056640625
b1e1bbd492f68945fdef1699a32bd0be,-0.82421875
c155c5d744d4ad760a9cccf4b65c1b06,-0.99072265625
bd2f0770ef804988cba3b357f3c4a81b,-0.55224609375
35f351689b88223f0b48c0d28bdb4f1d,-0.28466796875
fac1b0d288f569e43960cf2dc69bfe41,-0.5673828125
65f057cbdefd5ab8420c0ec80166acb9,-0.59423828125
209ea909124515d3898278dcdd79b068,-0.70654296875
50c0d3902ec1418664bfe47473d06ac4,-0.3408203125
b91fa886009d60c3dd0be22d9e0844d5,-0.30517578125
bafda61ff1956f2cdfae59c4787cefeb,-0.19287109375
a0a61968dc58d24e995b59aa8eb407a8,-1.11328125
3053b8bcfe284d987f49aa1b64056af1,-0.66552734375
5920f5e3eaaea52b974d20f71e54e50a,-1.052734375
06e122e6cce4f11d35ffd12e1de8d3b0,-0.8525390625
1e0e2452e4d0cbf3667bd088ae1f369c,-0.79345703125
59fb459dc05419f1d21dd674ee994922,-0.46630859375
2661a65af34b93b3bf085ba46e383065,-0.599609375
c1a59ec69ef691d64a2c65862670066f,-0.69091796875
1407449a0a28326bbeed66c21fde13ef,-0.4833984375
8b3f182e8f9c7bbf65f228ea36304162,-1.2314453125
e9a77abcca74dc1e25fc981b594509a6,-0.54345703125
715edea3a96dfe2df3887d817f9b7ba3,-0.7646484375
f746750aff06645582a9cbf7fcc6e6e2,-0.40869140625
901818912551456fe1e7ab177c1a8aa9,-0.271484375
9818170b829caa3a2caf3491194c01a8,-0.30078125
0bf2a879d0d464bd76c168389dd54d04,-0.318115234375
f6f34f0d4da14720c1abe36a63b6373a,-0.2607421875
a4704a97509cdb227ce427084e191080,-0.347900390625
28fe12d878d3809f32a83a6ce7862d71,-0.423828125
c43ea4de0bf4d9e07ef569a4f1c1e6e0,-0.277587890625
b082d0662b0397d9c60bbbe070b33316,-0.50341796875
718896da39d4bb378520c027d219d66b,-0.300048828125
6149ac7c30356ed01682ea70d0492173,-0.291748046875
8ce24b710a0b1e7a3d9bb2fece62079a,-0.1883544921875
030647156859f06e0f9ad6be19cc3d3d,-0.296875
f56c266bc68ce54319360ea3d1927105,-0.260009765625
b183d49d44058460c8e1db220a547c1f,-0.31298828125
7f6ce14b13010801d3af761f1e6c07a5,-0.3603515625
b1561bed2ba5e533554ea4bebfa3293c,-0.312744140625
34213d579fd1d3826dca86b94ead7d6a,-0.41943359375
554669dec012b120dbeed8c6b3d4e2b1,-0.268310546875
bafda61ff1956f2cdfae59c4787cefeb,-0.19287109375
a1d211310e59f5843aa65382f6d3e749,-0.306884765625
37b49ce4f289a59ab4ce7ce0f323b714,-0.007534027099609375
b20add6bf77ed6936c468d5d6bc9bb1c,-0.0599365234375
bafda61ff1956f2cdfae59c4787cefeb,-0.19287109375
e2bbdb0203cc392f070acbd448ae1432,-0.08441162109375
f5695439ceed987c3d1597bf3d875614,-0.261474609375
931a60b5572fd7c7a5658de1cb37bfeb,-0.299072265625
4de8779c45305a5a16dfc197b4bc03b6,-0.24609375
27de7849f3144216704c7547f0d19896,-0.487548828125
56b82868611ba78ad7e93a0e74f3013e,-0.19140625
8d4fc917f35b07deb4860a3ba8867fa9,-0.417724609375
cfb83f36c9481ba4eb251907540689d5,-0.30859375
205f3a6927d7de3b523bdb2f73bf3b7c,-0.27978515625
aa23fd671a4dbc00a1a8938def93cd0c,-0.249755859375
e001980e0c5419f2fd6dc823fd5e2af3,-0.2012939453125
eba3320d4fbf6f6827ed1037a2356624,-0.1820068359375
798cefab9e8c566a4b56e6fd82eb7284,-0.19677734375
eda3b63c8acfe5ab50fa0f2d25ef0adb,-0.48974609375
c07baf0c2af34436c51fb171cfddfe39,-0.2213134765625
23ca4f62597df8ed890289973f27264f,-0.261962890625
0c536a181d1be04bb3b100b194875a1b,-0.626953125
7cddf9d7f913617c7842612226d01b8b,-0.4345703125
8d20ba484963af7fe02c0a99162f58ef,-0.380615234375
bafda61ff1956f2cdfae59c4787cefeb,-0.19287109375
1f63374bab584db686d1871487430e2b,-0.353515625
95529c159d07a34a1f092dffb8d2d803,-0.040740966796875
fce8fd99578a8b69d9781ffeb36609ef,-0.050384521484375
1a5b6b6e6337a2b8859477f40817786f,-0.1204833984375
0f043da4acf486d7566d204c3cb0bc0d,-0.7529296875
11e62996f1586983e1986c087bf76425,-0.6103515625
01ec47ec09b1dab23481e2d743c091d7,-0.58837890625
2894a3a3336ce62ec5e7749e8a71f107,-0.6455078125
11f694ea65e0c3b380b05f92b829d595,-0.57568359375
3f5c39cab23694bb4149c5515f45b909,-0.285400390625
f611af254fea9650be2fa5438f5ef219,-0.406005859375
1507286bb8091d5ba977c44e53afdb2e,-0.1668701171875
a178f0ba4cf931b5baebf4a924317b61,-0.377685546875
dc9bed2cb2178d2c4095b70b5f45ad17,-1.0078125
924f066a90b082ea5746a93a99204014,-0.41162109375
7f584af07f046277c43c287e8e1a82ed,-0.61474609375
699796244847ed422330a62d3fbcd8aa,-0.16943359375
58a25b255745d36affe2525416715cad,-0.299072265625
249499996cf72c935813bbfcc36fbbde,-0.5302734375
3d7b0131ecd511b390c8cee50c4dbefc,-0.37109375
7d8fcb347e9db606b4930e22bf782c28,-0.62109375
b8df5158a6ec74a81f1e33d92e06d9a1,-0.4375
dcc83011e12d5502303b90164fb039c9,-0.61669921875
357786c7d177bf0e610f6444691051b8,-0.4072265625
1059951f4d8d021b750b36b591e9bc8c,-0.3583984375
b5a55cb06254551fba6b76ad259c3774,-0.236572265625
9293f42076aa7a5f22ffdb0c690beb62,-0.308349609375
bafda61ff1956f2cdfae59c4787cefeb,-0.19287109375
1da6fd107fc8794cc0536bea42c9baa6,-0.240966796875
9ae786a89d64605c7756406f5ec24ac5,-0.287841796875
eba4826d42bac9609d9ca0f11507a2da,-0.34326171875
ce84c11ceaf981c4c558ef746978dbc3,-0.5224609375
93c2f2911ec05c39cd760b2140a4e569,-0.27734375
02a843ce2df9f4b04e25fee4122da45b,-0.59130859375
655bf3f37d871d1bfe38a5031ce92d9c,-0.280517578125
26111f92150926270ff53f0bc7573225,-0.2398681640625
ed3b5939f5f18e4a01882004c9627d62,-0.380615234375
c72e900d2ca54f46e61db94e0eeb5cc7,-0.27685546875
41f63cc856dcf9c34d0018d8cbbd1d13,-0.267578125
bafda61ff1956f2cdfae59c4787cefeb,-0.19287109375
eabdb73976c06d24573f88fc56b2cf80,-0.261474609375
9119b7960706196e708c793deb3bc5c5,-0.280517578125
5a0a34e075de65869eda2b01b4b70bf8,-0.32763671875
37971eed1dcd8bc4c605c799100b9cba,-0.260986328125
5b87ad9738d5efb4aa38d0d983e253ef,-0.2359619140625
b3743675aebc1736148264edb7f34996,-0.1832275390625
4eb8232965a588ba2a1af20caea3b212,-0.2425537109375
f899790738a28f56e064588a0bc2669a,-0.1861572265625
1f1bcfa885a58cde341498856faedd70,-0.2340087890625
b9e49f14258c76323a7756129cf0a238,-0.2110595703125
3a87c3f58f05c0745a8b37b373274fa2,-0.1834716796875
796f9ca080c74faa753801c2ad4ff011,-0.2408447265625
9184bf16fa409c4f243910388a3c66a9,-0.378662109375
7046255a2aa85c08ab0c00d9988e068e,-0.52490234375
0063e6baa7e05a156170f3f5ea4e9c03,-0.2320556640625
5f13d6911c7b6e021e20fd1e8ce3ecb8,-0.08331298828125
d250fdc8634fb40718aa26ff99ff69b7,-0.2578125
d9e876d8f3fa56830c85e51d4a5f2bf7,-0.211181640625
cd72c773297a99b1bfcff419eeac92f5,-0.178955078125
97eda3bb316ad4367190f854bae95064,-0.310302734375
342aa61030815997781023e8131cc1aa,-0.252685546875
0e999cceb14807dc13245fadcdfc2d56,-0.2403564453125
40c552bc10f6a7d904a9a6d1463b9d84,-0.252685546875
6ebac7b934c870936db7efa32d2222bd,-0.2069091796875
bafda61ff1956f2cdfae59c4787cefeb,-0.19287109375
961cf69821db19cd390ddf5d666f51a6,-0.1956787109375
e83038ce4149fa1a7d16221ae04adc3d,-0.1480712890625
0e5933bbd3d6d197b9f01fea81c3e896,-0.16748046875
17d8bd3dab8870d98e2f98551ec3cd19,-0.165283203125
fd5454f648991ba8b98444e3c3dc0b38,-0.291259765625
0415ba89a86919c1e8b00b4ac155565c,-0.1865234375
304e8ef20edefe15aec649e510c050b4,-0.2022705078125
d972a9f0428c0791fff10be5479d5a96,-0.300537109375
41448f38321ec7bc1b428a227ffef684,-0.157958984375
6d4ddb11e817b4f97eec6e8245c17aec,-0.18701171875
ef25fc08cb0826b95ead2c5364498a64,-0.1622314453125
9d037e52a0607e3a3a79c5fcd8f9c1ec,-0.276123046875
8e8a5ba0ae4c5638e6ac3fcb21de139a,-0.21875
e2200a2380749457517bb1be018e9d28,-0.2452392578125
f26115f927cc1ce8a96b1a5e7bda08ea,-0.304443359375
35349cb9e9d11b88d622c2a71ad1e068,-0.2978515625
4569d846d3a9dc1afda689e0479f83b5,-0.244140625
d7b9d4b1cfdae0e94123dae46fe8a0e0,-0.1917724609375
49ee332c2b277fd20be1b7c50ff2336d,-0.1912841796875
bafda61ff1956f2cdfae59c4787cefeb,-0.19287109375
b1b647f00c47fd6e621551bfd878b77d,-0.23095703125
a1bc08081820d21e5de7257a160c0024,-0.1761474609375
cae8f1e9d7ac3361947721b7e0d7df75,-0.25439453125
eac3ae358823890794abcb85aff5de7c,-0.270751953125
af8573bd8cec799fa1972b7fb2b11d6a,-0.31005859375
e9d7a2688222f2df8fae15cfcc556d06,-0.1761474609375
7a73a4cb1afaee94a7e61d2576741724,-0.256591796875
403555e4deee0d84ceb7914c92e529cb,-0.263916015625
faec441a40105f4ab0d59197e9a9f2de,-0.294189453125
fb89c8c7ee1550eb5e24e44281adcf38,-0.2122802734375
7347762bb70e5285a837e1083d268a00,-0.216796875
ec229aef15f3720ff1b128cc0efadfe0,-0.82373046875
36878a9c6cefddeeda07e9a0555aac4e,-0.423583984375
bafda61ff1956f2cdfae59c4787cefeb,-0.19287109375
5a8d8d1c37ab74d777b0e4885c61063a,-0.35888671875
8c82bb63be6c4e9c046460c7b6ffaa2b,-0.2279052734375
5e928e966bddb781bf1113dae8b0d901,-0.370361328125
73004d6545fc33f7a15f242a76344607,-0.52685546875
5b1e80643486886c4c58d0b344bb8881,-0.420654296875
097a53c963fe04b35052e29f8e34080d,-1.0498046875
77935d19a2e412f8e605d578972cd9a8,-0.77783203125
40074f20cae5ede3d9284a07f6c749b9,-1.0693359375
ae25f41825aa4b496635eb8aa549eb22,-0.96484375
adb3c6010d8189e950b41dc0a91dde1b,-0.8095703125
a3171d19046099e1740cb63d3e820308,-0.384765625
7e77a1fc5adb1caaf9671c5f343fe73a,-0.646484375
2c7df15f5cc2a417bc874f2063ab9760,-0.43603515625
a82ef8d1bbeffe7249da956bf19fdc8f,-0.409912109375
40f409b972ede417e78fd64b3020ce4a,-0.81201171875
87e611f3963c1b5233ceb7862ad88086,-0.67822265625
d2c4893634f9b30010a9f36a2a13d196,-0.94287109375
b55af4008cf5b8176bdbc488e3e855c3,-0.34765625
db136a672dd8b18c226a9b369e75a7de,-0.180908203125
8366371f5dd67ed518db8e77123f0004,-0.361083984375
7514bdd4f2ec0b4edc3f3a3b28743da2,-0.313232421875
fe15c30d17180cb8b4638bbb5ce8265b,-0.423828125
e8a8cca1545de835833f5e493ed2bbce,-0.26318359375
105ca67ab2c1be59d7cb4a9acf5a609f,-0.286376953125
bafda61ff1956f2cdfae59c4787cefeb,-0.19287109375
a42e99e9e8d8272e09f24d5a9fb6e232,-0.537109375
d0a618b39f376ca3ebe9f6db8359f0e9,-0.482666015625
8af04871e14aeeb4d4bb6cc1ec813ae1,-0.3671875
74239f2945b70773f13436bae68bd62d,-0.1805419921875
1613052aebad8adf2e016091c442cd30,-0.340087890625
25b2c7f71de2773acbf9c8ad8cf127e1,-0.3642578125
22e4446f2bc92e8916a03a398823f102,-0.395751953125
0867a2640f2d89d604b0b3fa90bd2cf1,-0.423095703125
c9db69f5d3d02831a23e06ceab95f396,-0.377685546875
cfd6cff5d5898100dfec0a58a2a446f1,-0.5576171875
b9288363509d7c8e3eb740e5ac368dba,-0.3505859375
2205475821f0bd70d9fb67120c48c843,-0.163330078125
5359947e66470ae0eb80801a1a3169f4,-0.2861328125
f6fca5481a7f6613ec1bfd5b6429671b,-0.1939697265625
0876d1a81b341a2c2fe83ddbb06ca2c9,-0.2161865234375
52d62eb7b8b9bb33c218b9de5c7ec7ca,-0.2169189453125
c7030ba8715b97ce502796be9bc97595,-0.21533203125
df57b5b8d3378213e409b6418164899b,-0.286376953125
8c64e27b668fca6ec43a53035c1a85ca,-0.3134765625
10a9a35535bd5ee0176fc49a069e0a99,-0.2386474609375
8a4c6ccd4586c31b0cb21f3d644189da,-0.257080078125
0c98110f0fcbc854ec71ca2d030146c9,-0.2120361328125
bafda61ff1956f2cdfae59c4787cefeb,-0.19287109375
278c0a0e2d64ee9e4729281362cda6c2,-0.1805419921875
61e04e75df006651636bc1c3cd695272,-0.2030029296875
ffc7483b78be199879bd20144c7d768b,-0.229736328125
3925235f6c4bc20f3ad92a03b341c97c,-0.202880859375
69ba717688b2b98b0845a3387da2bb48,-0.2227783203125
d9864448c972b2130e50ce0f7570b3da,-0.22607421875
3bc9a8e5b8d9ce9208abfada3f1adc4a,-0.3759765625
c105556eb0ddb5f534c583e28ea53d20,-0.2269287109375
86ed3db45f4864ef094eefcc6f2b1b9e,-0.166748046875
90a946b5381b57fb06a87d71e3d6ffe4,-0.296630859375
bafda61ff1956f2cdfae59c4787cefeb,-0.19287109375
1ad6a9ae7180ff7e89d9898566a2e7b9,-0.330810546875
e759b2efe8cfee6d8d980db438af87ce,-0.35009765625
d6fd555cd775164c491216ac6fa491ca,-0.38232421875
098f741f61ea6fc7a59e98bdd1eb5725,-0.369384765625
6d96180f208dc3aaac5434e210179dca,-0.2919921875
6c912d875220918b58da70e6b537e47a,-0.281982421875
9f74bcbc8834c63a9ea98f963c8f46e6,-0.4326171875
ce06ab4658f1e96c31616b277dfdf589,-0.2435302734375
440894042419e4e61f1b1e219d39549a,-0.40869140625
4d84c93354f504a9c68b82289cd8180d,-0.1085205078125
3739a859aac4e2c658b925490484952a,-0.2337646484375
10654a240afd9bf42f90d10ca1e7118a,-0.316650390625
ee18b96018fdb678913f8d96329571b4,-0.2205810546875
b1f37498bb7284c1342cbde009e8735b,-0.39208984375
e2775e8d1b5937a0ffa1f3255177c62c,-0.440185546875
2958c190c86a03c22c3bd8941dee5641,-0.62646484375
de436159f756556f45c2796064aa0db7,-0.283203125
9260c80cef49218ac7165422f8d24850,-0.07403564453125
e25ef65c5b60a2142cbfddf80c7d3332,-0.85595703125
80cd5dab5e9b05dbf1edd688cc11fd07,-0.68017578125
152a44d799bfd8672e0f98b1c7f698ec,-0.341064453125
bafda61ff1956f2cdfae59c4787cefeb,-0.19287109375
8327c1530e3637acfc07e6e81eeb1a78,-0.281494140625
4a4b010fcea54d83a374a62055536499,-0.451416015625
80c045c0f91ef1bacdbd83ea906e620e,-0.48876953125
6723c1744c4581dcce9f516e0fcf6384,-0.564453125
cf6dd6625aac42cba851b54ca2e33be0,-0.87060546875
0062f9211c91fdf8c588113df4581c67,-0.79443359375
3e2126d0cf23b3d053d12b75460bb6c7,-0.90087890625
00428d0a0a0b6e9b835728f0bc288523,-0.951171875
a9b6abb5c3b7edb37a8f1c98ea670e0e,-0.7138671875
15d1c1894882e963c2e2dcfacd9a72cc,-0.298828125
1cdd433ebd8c52cca41bf49c274df50b,-0.72119140625
17956f2dfb998ec00848bd25cb348b0f,-0.56884765625
dd5ae001b90e5b0b41efb47999af86d8,-0.53515625
71f5c118aaa50f1a8f565c2a447881c8,-0.943359375
c3156c454741137235b7f91721c394c2,-0.7197265625
0bf712ee41877ea285c921152a09e477,-0.89013671875
5279e5f734bc75fe81d333112361de6e,-0.313232421875
5c64e99a63df498be0ba89fb4426fd8d,-0.2001953125
6fddac3e8298af2345dbd8d494a36a15,-0.1611328125
7e85f382abac70e81d6a2fad8db2efdc,-0.25244140625
8931e09cc59d5380dd1629ea5fedaca0,-0.2313232421875
456582c619423cee9dad6fffe06b372e,-0.333251953125
a988a0274ab9c3181fb96d2fd6c7e28f,-0.377197265625
70a54af59468aa63fb63fb8a3cd9849b,-0.28271484375
433dca307da2c90200ccbd663c638559,-0.2271728515625
5233e893b98719c8552afd19c97e60b7,-0.2493896484375
bafda61ff1956f2cdfae59c4787cefeb,-0.19287109375
5e8f307ef9bca08240cffbf0a105fddb,-0.26513671875
72e08f0c13f76ad58e7ad81d1c1c2daa,-0.205322265625
1566f707adcec5fa40828b51bc3821a5,-0.2437744140625
2849d085919633986b1449bc94c04e3e,-0.210693359375
2bc1e70116ea81bcd45da543fcaf6465,-0.2216796875
f3cd9e34127681e4e528b7efe43d5c26,-0.2393798828125
63872d3f8270382577452667cf51001e,-0.64990234375
59989d1eadd76599b883925727cda7cd,-0.301513671875
c53c12eeb0bb47e38597cbbf88af9ecd,-0.209716796875
560c6b4b9597ca415089e939d60dafc1,-0.293212890625
6b326feac0d08c624964e29efb95edcf,-0.16796875
1315374060e4af4cffba66aa0ca37f21,-0.267578125
b69cf3dfc24cf01064cc41034cd125e2,-0.306884765625
171e2e49c7298ae3ea3d8dee29d308e9,-0.359619140625
9aaddd664ce7d227df1a40d4af875767,-0.421142578125
bafda61ff1956f2cdfae59c4787cefeb,-0.19287109375
0cbd279da820a3c4a288210499124964,-0.286376953125
163513ec5d32d33703519bfa88bb1a86,-0.25146484375
4e6f5aefbb2c4fc8976197d4e026b298,-0.1661376953125
d95b72d49e103176409839ed4e471d2a,-0.205078125
4e8f296e7be77f22a971859bf2c04ee7,-0.0982666015625
a342102a10e6374aeac38cc1249e2e9d,-0.1995849609375
6d6d71c068cedb5b7d125ac4a906f9b4,-0.32568359375
760d122e5f58f7dd61246f8a82a48ca0,-0.2025146484375
723a7846cb5e4f6582cfbdafafc9c306,-0.2003173828125
fd1a00e888e6db4267ac04a6b619e2c4,-0.2958984375
34d50c1a4b788fc950f915d3a428fc6d,-0.302978515625
bdaf81f9d29f8e1d45c3c33243c88f9f,-0.287353515625
67b09b820400c29e1942572ca992b6f3,-0.06854248046875
25f6e1b466dbba6bb0074d011b2fb9c9,-0.51611328125
7af1634a3f941a9fec854843a7f19f09,-0.326904296875
316fdf769e07725dae88a6ed816adcd0,-0.2298583984375
e521d0d185440a0c3036b0c0e3f5a5ab,-0.280029296875
bafda61ff1956f2cdfae59c4787cefeb,-0.19287109375
07c1e8831f4204b8be36048e950e7349,-0.5
fd16f5fac590a43bb3ad4a33276c4a29,-0.5087890625
693e999c3ffc8767e83838b7d23c8d1c,-0.63232421875
0953b163d1201051acbaa69d6368ffa5,-0.7568359375
d236f8f8db23100881f3534aced96776,-0.462890625
63c8331f17c1642b2eb841756d84bbe5,-0.75146484375
d2cbc9e62c946b8a9829d58ade66b29d,-0.98095703125
5cd1faa50004ce25650e7926c8a7163a,-0.552734375
b05042b42aaf359d54b78397c6ad79c8,-0.27734375
d67e4c04da8232fd7255112097e7e1aa,-0.27294921875
82e2f828bea1af338197a320abb06f8c,-0.181640625
08f327445a0511f77e891cf8e5cc5629,-0.329345703125
2d81fe371ae4963dcb4097a50af7f38e,-0.6884765625
a6a2c319a7173211ea79cdc71763c729,-0.62353515625
8bd71b8cca02a18334ab44bfe42a8eee,-0.8095703125
e73420c562e5802d394f071ee1faa53e,-0.5625
20e435ecc96aa56a976b86b6911b6cde,-0.261474609375
bafda61ff1956f2cdfae59c4787cefeb,-0.19287109375
46af412a9575d13d5f8b0833fddf46f2,-0.28857421875
9cde83204342557dbb813435cfd372cb,-0.220947265625
2b43a481f705f6d009a93e3e2be07b42,-0.46630859375
6401b062974cd0b6a6c239beaeaa040a,-0.59423828125
b9ac0ca02a2ed3166a2920a51b01609f,-0.55712890625
04c22b3eb03790a401834f6183aa7e2c,-0.99365234375
91bfc3d9526187e6821fa7d0bcb1d737,-0.69189453125
09b037b6f0c5f975dac853cfeedc3533,-0.93310546875
9f7d739706ec653fe242d3c479043673,-0.92529296875
18e87047fe1440b1b1ff43b8f58ac3f1,-0.7685546875
79c2a217ae9bc783b0e6b6d39d525f00,-0.357666015625
c1d854ebf1c5326765b3f26252b0d80d,-0.420166015625
b1547db0e413a01a56846673e3220836,-0.27978515625
dbd04e4cebd18cacb3658158bb0647f9,-0.313720703125
e5c63e8229d9db530a16fd81f20ca983,-0.97216796875
3d0243064a9aca05d09fd88e0b6e2d51,-0.73876953125
4a1e20a0769bda0ab694c7c53e3d885c,-0.7802734375
b41f49f9a4c959e186f04f52149c01b0,-0.375
949193ab47aac476127effeb988ffdcc,-0.30126953125
3eed158a04a8fcf94ae854d4b71f8761,-0.316162109375
1b46659c60970b73ed8024cd0b367bfd,-0.28759765625
88f801d69b41d3c9f5436edbcdbcd2cd,-0.303955078125
e212d973c5f7e73f7f249cefab890531,-0.327880859375
2fd8a777ba05857cccf0e7140ad5f805,-0.2783203125
27e3a4710bcd26a9841275c41e715fd4,-0.2275390625
c7d0b556938a4aef562bf24d54f80599,-0.54052734375
d0cc004080cc2ce15e03b463bc452603,-0.34130859375
7b2338fedf384b88e08a5e5d8e242a31,-0.34033203125
3e2bb86133febd0d910b7fa2567f4fb3,-0.2025146484375
03fe49a2805a935d878d6f9d716cfb2e,-0.289306640625
27ef0fff2d253eb5632b86c2a9749885,-0.279052734375
a3bc0849f676ab5fe1f30932e1d63b1d,-0.2763671875
465e92b329e33cf3fe69f8704d6820e4,-0.2841796875
9b88413d3ee2942abbdc60a94213930d,-0.3583984375
b2096361df1dad0ac3ab61d45fb55076,-0.66650390625
a4642be9db64cf8d1c086d7d02a2070d,-0.27001953125
bafda61ff1956f2cdfae59c4787cefeb,-0.19287109375
dbbeca630e1e6666b3cef2fa4206a4fa,-0.39404296875
a0764052ad33286d4f12bd3d46c36df2,-0.1490478515625
5497e05ec863e5fdde8d300f2f3ff0c1,-0.134765625
bafda61ff1956f2cdfae59c4787cefeb,-0.19287109375
85d504986249532de12beef0618b401f,-0.12066650390625
30df54b909ac2f754dd5861556387ebf,-0.2286376953125
548456680593974302b011a9bfd66a30,-0.31982421875
c1dc087204e6f42240b2e47d7c8f5c61,-0.232666015625
ff1b7d131cbc58d36df992a9b776d7c6,-0.236328125
cc3d7059b4a68465f5bea8b98dc569af,-0.307373046875
66915b7071745c008c15b52cac930926,-0.28076171875
f5e214f07f868126cdf36bcd354bda59,-0.41357421875
4b49b7297d6de57d675a022b5523e262,-0.2288818359375
3cd2c5a35036321794a288da0a0b91e1,-0.2044677734375
3dc54fddd7aa2bf42765ced2731c33a7,-0.2474365234375
bf8c2da219fc094105b9b0ff43ba5de5,-0.17431640625
d4d399a70e79945566af47add2275277,-0.2451171875
7a409957c9110746903de21e88d3a24b,-0.7158203125
9e86a5d552a20ccdba46b957616d1499,-0.31689453125
011989fb8a90ce43231f183e78a9fd4d,-0.362060546875
13548430fc9a3214636320e69181ea72,-0.6376953125
75b5efb5ff0c2aabea65da9c8a345313,-0.354736328125
3c827ca8fd44913cde2b05d9be580a91,-0.2113037109375
821282201a874894f48d2c786254f670,-0.1563720703125
c1fc8e0eb722f445e4975d98cb521682,-0.119140625
bafda61ff1956f2cdfae59c4787cefeb,-0.19287109375
9d259793820fa26605ad76e219bf3058,-0.314453125
b33990b89e3c10cf866f64db5bd60428,-0.287841796875
99bc32b13843f9a7d1e853a5da231dca,-1.005859375
cde3d371cdb6b29fd645dda02311e784,-0.62158203125
fbd6f61e2c093f546c996271f1286114,-0.8564453125
8a3279cb5ca70e25e47b8c00811b10ed,-0.9423828125
6a8880222bce5a0a0d4e70903e05af28,-0.59716796875
872496c3dd74255329d0da09289f1e34,-0.135009765625
770f58d47bdfaa84d2dbe3a741f7266a,-0.50830078125
0baed9900da60b24e0780159181f06ab,-0.236572265625
42b81153edbe439984a156c7e4ccf651,-0.40234375
de9b71598647f5559ec6d64ebcdad942,-1.130859375
efeeefd60985ff51f2b7b3bf8251aaf7,-0.60693359375
62d7e40737d291f2429ca53a52120225,-0.86376953125
7c6cdbddaa5a1a9cdc5cbcc741d2f6c4,-0.4921875
56fa5900855987204bd4d24baf5edbf8,-0.324462890625
bafda61ff1956f2cdfae59c4787cefeb,-0.19287109375
9cb8f84881a6f11b3b351f765b987cd2,-0.2666015625
6eefa069a3acc542c1c624da13ef0714,-0.1845703125
c9bf302c678436af139a9b5b7f6c92ce,-0.3583984375
894bdd59c618db210dcbbcc6e841ff94,-0.413330078125
6232e6d7ec7c28fa40648472b3ad13bd,-0.29345703125
f9868ec8e4f7cdaa5a53a1031498c0ae,-0.78515625
08d2cb3f506c41cccac8c981000f2d07,-0.52392578125
7f3af84aaa6207f145073fb9d29faca3,-0.71142578125
52951b209dbd1e8294cf05731cb656bc,-0.28173828125
8a55aa7dc80452a6730d11f3f511e728,-0.5283203125
be8e4b0fad52a3ca2fdd636859b6d6d4,-0.321533203125
d653247c63094ac1f0a7a9732af01876,-0.421875
86ff7e3a27feef07833ff3cffa89481d,-0.34521484375
99c682beb73fb53b4e7eab284f055466,-0.443603515625
5aafc3a0406a03e88a2c1cfabcbfa853,-0.8916015625
f9fe304430b962b914eaf8841cc423b8,-0.424560546875
be192a453cbff1cdb655e67a836c45ba,-0.2393798828125
ab77d9303e91f5d9aac9075381d5baaf,-0.3564453125
29e46000140dd61218d8780838fe6ee4,-0.2177734375
6920f0b26d04ab05dfd140b3a17bef06,-0.306884765625
6be506fd9022aa3a8520ea839f201319,-0.2232666015625
5bee3ddc50585a53d6370238628f8304,-0.301513671875
1fdc53681c114da7165d50cdfd3dd46b,-0.336669921875
4519191c4a31ebf414b6f4f4ab98b728,-0.3564453125
ea2265c0994c5baa5ee84d1c39acbbcd,-0.3974609375
bafda61ff1956f2cdfae59c4787cefeb,-0.19287109375
9cbb069ab2158608c31d25b1a042129f,-0.290771484375
2918e614b468ed265c5c00fc6620285a,-0.20361328125
9bcd018d473e0fd721adf4af3fb47d31,-0.2398681640625
769b7889fb448b06f78a8e685c8755b9,-0.1876220703125
733a8905c1f21c138cd9ff25d0e787b8,-0.2320556640625
33e3ef4029cf72e6c93eed07a78ec89b,-0.2037353515625
489f15e20b548d529435dfcc51d26459,-0.23193359375
447bc83e8b069d24bee4c61b4103c425,-0.2406005859375
82af1a0db64a2608d87d69568db7f00e,-0.5380859375
202aa493741fc1838e152316d06d30c2,-0.3134765625
24e44159de4e83e8946e7f80476bb8b2,-0.2095947265625
afbf7979e093f0b64dd2ac856205702c,-0.405029296875
423f98cc8f7ff311c145ab60448ff2e9,-0.307373046875
e07ee32a76baa5679b572edc8628464d,-0.38671875
7d0faaa372fae97b03ed13990dd2cecd,-0.424560546875
bb6f4193dce8baf291e1483dbda8b1cd,-0.438232421875
3c6af375cc38f6a8efac578c1356306d,-0.370849609375
1b085006a629ba36e10018ed7c101bd4,-0.52197265625
42f997710b5d1204302e6e96b96ce837,-0.366455078125
3b86a75247eb97d339876ad9f10b2dbb,-0.5556640625
28139e0f0dc2389135fc4d5ed6bf5d71,-0.280029296875
789f15ccb6810ce63647a44baac6f7c1,-0.43359375
bafda61ff1956f2cdfae59c4787cefeb,-0.19287109375
eca9ed77a332b016e3ccdfd1f1bc7582,-0.353759765625
38c03431fb5398b04eecea5bbb23d9bc,-0.4013671875
72615f0b2cf2fee0c13dc04b90b071cb,-0.344482421875
0fde20b5945dbb22a8643368b96d29d4,-0.35400390625
017b5a31061f256620d323242f3cb188,-0.419677734375
1722743cf3f89576b772e69905ff4ccf,-0.66455078125
37a9749b02b2adcc77daaa9705a4e98f,-0.26171875
64f52afbab9a9386540f8b484ba9a88f,-0.2333984375
ab71095589b30c1f4cf4bcb36e19d9f1,-0.476318359375
083ab677d83b056dd8b59a717c6d28f6,-0.29833984375
c994c7012d213ad9ebce99c7b5c4dabe,-0.2076416015625
a653a0a3e03339300273ac3486a13c4a,-0.249267578125
bafda61ff1956f2cdfae59c4787cefeb,-0.19287109375
3514b4921564540ecb7d13ff5d3d1339,-0.167236328125
b11678dbc7dac61102e3c94cd554713c,-0.43310546875
cd1790bfb064bdd7c836c85fc340bcff,-0.36865234375
98e9ec4c23d784bf853369211b251942,-0.72607421875
df4b08aa03090910e1327dc28367e192,-0.5185546875
96cb89ce02090967a88161cbea5867c4,-0.7666015625
9684f860fc88e1c480079b6d4d9bc406,-0.71826171875
d60a0ccceb18e41054f2d6f724f4984a,-0.6298828125
652413051827d832e53f1be8c72db2dc,-0.31005859375
61df10eee2c4007ce69e55a790064d95,-0.458740234375
31d22cc1b3eb0368b80125e10e79f986,-0.35888671875
19d62ec0f384da5d1ff5ef3e8f7344e6,-0.31005859375
9222a8f54e8850e3ddf151ae9747d51d,-0.85205078125
54931dd64f88b566745f230a21bc67c2,-0.5107421875
6a09473294842a694c69db4a7c81036d,-0.75
679349762711ba5024c90051fac2c828,-0.42041015625
486e9bf7a46128460b9cfc8bdf5a748d,-0.232421875
772a1faa24b3c4daad221282cb3755ba,-0.1697998046875
7b4a73cfa5f57016df4ff60f3650ab0b,-0.2255859375
2d4561ca713196afec84cb122b927518,-0.208984375
2f171c94837137adc444aa5f7e7bcc16,-0.29345703125
a41a2e8065efb3b879d559b5bceb3be7,-0.276611328125
bafda61ff1956f2cdfae59c4787cefeb,-0.19287109375
ed32c29af742d8b619a18b139b975ff8,-0.603515625
2dbec1cf66ec8bfff4339185d87c8239,-0.50146484375
3076e1df85620c40fed735d50dc9483c,-0.62646484375
d9fa84eb8e5cdfcbda4d4bacca9a34f0,-0.3720703125
348b92babeb13e8e63316de6f2eda40b,-0.499755859375
a6f91fdce2a5db195ae7132a4ae4c663,-0.305908203125
5d51183116c80ea91d288e48becd0911,-0.37890625
16a43c23778bfe7a64574ffbc0792341,-0.3330078125
13cf864832929c0651bc0a448aa8a85d,-0.36279296875
a6cee5506388c81e584ff028351755fc,-0.72509765625
d85b6e3178677e5210175e0b4ef50d47,-0.40966796875
7970d43d2d32bef927f62ef497d8f8dc,-0.2880859375
9995055be6dab7b5f5ccc4e2b686ff30,-0.318115234375
6d240f960936458ed0ef19b92719d246,-0.162841796875
563733338a4312d3aa640c06eb55ee43,-0.04510498046875
35b2b663aa3b2281c2174ed7fbb38626,-0.10308837890625
90de422ff9088b88397ee5055730234c,-0.0428466796875
8ecd63877625299ae3e13ffa579e7331,-0.1588134765625
e41ba6322b56d4527f88040e55e24c23,-0.115478515625
b131f7300cfae5d85e85e76fdee706b3,-0.142578125
359e0d11804ed8639a8047a8c463db8a,0.036956787109375
6cce0f85feccb3fe58a72d659d27466e,-0.07537841796875
fb2a94049a4c06c4be2e779bad17c894,-0.05859375
bafda61ff1956f2cdfae59c4787cefeb,-0.19287109375
49b0c48b7a1a78a2ff95f685bdc0ce0c,-0.12042236328125
8f701bc4e598784a3bbd9da617b2b27c,-0.1473388671875
a23f5e375b3b798b3100d46ee6a8c93b,-0.14697265625
e449d52b37eb9404b6be0886534160cf,-0.09979248046875
76485d867b661b3a1642870dcb018019,-0.0889892578125
a34d2373670bfff9d19cd7ff5250a055,-0.505859375
9c0893fcebaf3f6e3362ece0488911a3,-0.10894775390625
3cba734f21a742bd07fb188a6814b8c3,-0.1473388671875
5a32947454bbd7c6e48887cf3dcf5fc1,-0.23388671875
b0ae6d768c01ec204d225f14f22ee172,-0.2271728515625
4c451f75cefe0cb70411ff3e95ece7e3,-0.247314453125
c970665800e13ffb3313c9515433c540,-0.28369140625
f549f52d239b7aec0413cee7318fbd31,-0.2362060546875
e3eb060b5085838dd451b3eac97968ef,-0.3017578125
df09b035e19b990296a52ade5c561a89,-0.31298828125
f4322ff11cabe3397fafe25b2e96ecf2,-0.258544921875
6f59a6010a24a93cbbf4cbc0b47310b9,-0.322509765625
3d64876862b126dc66729a9be5380202,-0.223388671875
093d421607cc83dc57cf44889d4abb4d,-0.270263671875
bafda61ff1956f2cdfae59c4787cefeb,-0.19287109375
ab2d2cf7316ff5e30156964750c6bf5d,-0.253662109375
567449a83d8b2f96ee6ea6e43af6b6f2,-0.259521484375
5d7aed942842634a2cf17b28004ff153,-0.21826171875
4cd986cbe33b205570936a942aea7c0e,-0.2459716796875
b50f5992a8b843ae227a87609c65ef6f,-0.255859375
a08fb8ff7a319d8147f05c0ed87d94c3,-0.10565185546875
d4f4f552c05b518f0b3f5b2ac949ef65,-0.2454833984375
ef6ad498efd646a259623402de75f1b3,-0.1802978515625
bafda61ff1956f2cdfae59c4787cefeb,-0.19287109375
43951f20cd26eb3eb16646cf6ed17431,-0.296630859375
b89f51e2ecdb3402a4a6412e5d289b27,-0.424560546875
2c7b162bd6b5a9efe01514b92483dc03,-0.472412109375
f613394cbe8830254d8179e4640c7bdd,-0.4921875
be8dd06ea559453ebad72401787f004d,-0.462646484375
ddc04ae3ed3bba8ff614a1323dd7f045,-0.47021484375
ebde6c6c949045a26d7c37873fd93fa0,-0.4072265625
9c57c4c8ba5c20aedcc95f134e648ec8,-0.1942138671875
cf1972170f0f94e99791a401e84b16b9,-0.29638671875
a04f6b1bde99facffd51bd14fdfa8c1e,-0.156005859375
cb616bd07d6c1cc436ddc21f76566150,-0.3349609375
285bdef63da1802bced1b3cf446ca739,-0.2734375
6810f7e754f4d183155e903dcaa6805b,-0.47314453125
47f47e15c3e5653d7cef8ef037deadde,-0.206298828125
a4cc70ebe1e97723945b72789e761b23,-0.27392578125
6a2762fe82af6af1f12976b73afeab3a,-0.4560546875
5c29f702a6ea0203b920a578e8b369a8,-0.26416015625
508edfc75489d61a68f30383e47d71a7,-0.29443359375
c3f633b038b6018e2d4a738fa258d713,-0.443359375
0be567b0a723a375c9a97f8f74729bae,-0.270751953125
fbca397474547e1ec92019b88def6984,-0.2032470703125
8e08623c867c9a7897f882dbd6cc26d4,-0.22021484375
c20daaf6b9c05c305a90d1eca0c7a930,-0.275390625
07e2d618ce6cf53be5ff6f6ea30694bb,-0.2176513671875
4f34db561dbe75391007117a546a9b4e,-0.3720703125
6e612ff8378a9f88d894dc6cd08b9fdb,-0.37646484375
92c35d017623eacf05d7bee120f8b782,-0.317138671875
0c938f60e0797e19297420d5ded11c70,-0.291748046875
3be86b1f7e18b3d34b33bdca97ee6fea,-0.2435302734375
6cd2187dd05e63ce7c29703c123a9a33,-0.2454833984375
43cc9d5a6ac0544e781e6a0b82f9d4d3,-0.221923828125
f3da011e80c18d99fb7ad6d47a271381,-0.285400390625
883d2da13932a66edfb227506712f1f9,-0.30126953125
882754d01d6f7876c49f0ab842c2c44b,-0.1851806640625
bafda61ff1956f2cdfae59c4787cefeb,-0.19287109375
6d1764d0bfff82afba7ee1fc47971d9e,-0.401123046875
4855f1828a646a55d400d06797575193,-0.41015625
43463facf3a4be173ca098981a7f2631,-0.31884765625
0f93b081de862ef21a51f503fd549cc4,-0.271240234375
bafda61ff1956f2cdfae59c4787cefeb,-0.19287109375
8581661a8ce0da1c44f59c90b57d854a,-0.37744140625
fed297221dea18c73439ffdb0fce75e9,-0.505859375
ac203b246cdf26f26fb33a2c91568de4,-0.453369140625
f95f0a01e3708919b1dbda2c8eda0c9f,-0.5
baf06e25b18f9025005ab4d6eabf02af,-0.485107421875
3ff82969ab8952517e1c4c8d5f02006b,-0.58203125
97ada99266b69a5c7a8dcb1554166c16,-0.4189453125
8284ccf90bdacbb94d7e8b39e8a167b4,-0.50830078125
630460da920136d8f3ca09654d692ca2,-0.393310546875
6b7190dda97d65de73cd81222078a8b3,-0.5048828125
c68f393b70dab51125d6b6311553a8da,-0.285888671875
b28a78aefe1b998c9929f82e3811b3d8,-0.39697265625
bf455110ca52bc1aa94677d1de402986,-0.430908203125
a07e15a827aa9ac86fcef62253c106b8,-0.408935546875
fb00095d74de85975d8049919a70b80a,-0.431640625
83d0ce673a1d40924c3e7c49722744bd,-0.5771484375
05865d80fd5491a0351d50144b2e9989,-0.351806640625
3528791e5d0ba8027ace728467a6356b,-0.40478515625
5e776bc5a0869f04d55458303e32e353,-0.3310546875
e3e3ea9f88005cd8669a19d73dda5360,-0.4111328125
7f808cad5ef9b99a3513a9e800a850fd,-0.401123046875
7af203955e5c1ca29afdbd66a13dcfed,-0.45361328125
cae4dbfead6846f619c59976dc11da0b,-0.273193359375
7aea9ebbf22411991db332cd3b213db7,-0.395751953125
07bcc2852c189226f4317cfe4cdd0a72,-0.304931640625
c81cb9b2ebe8053b87b4a53050996988,-0.27685546875
e96b886b8f4336c26fac08d1c4e57280,-0.283447265625
183f28e73c0533746ca6f106565f09d4,-0.84130859375
398a1f7fc9a5c912663c4144c6e3ac67,-0.4873046875
b6382c6bddc0fba11779e3ec362b7be9,-0.677734375
2201b2693de02d7ffe27477aef38564e,-0.36474609375
e450b1076a9ba46353ec7952484ce92c,-0.3564453125
c02df0f933dd54519fc0e0a9c24bf7ad,-0.375244140625
9435058d9ae3c0d91fcf094ddee847c5,-0.5283203125
6ad9960254f148fd38fd4c59f4b190b6,-0.51123046875
424496e26c9b364544fd7def94ed2519,-0.5078125
5aa220d42d6f0427a34cdf7c1afdd5a8,-0.8896484375
bafda61ff1956f2cdfae59c4787cefeb,-0.19287109375
73787a32e5faeda8fa2d4288dfbbbf29,-0.2103271484375
54aaecc2460d9d9a142ca97702aefa9c,-0.77978515625
c492c1e4e87f2bbdcad256adecaddf59,-0.5390625
9f199e1f495179c1fde3c23dd4288c7f,-0.4189453125
fd475e0ae56735eebe0ae05644a80f7d,-0.2298583984375
15ddb56cc9382a04d652acda32f71561,-0.29248046875
bafda61ff1956f2cdfae59c4787cefeb,-0.19287109375
acc191aba8fc21563775b07045936983,-0.236083984375
b5ccd8bf3fc3c77137498fc3dcb3be08,-0.300048828125
664a56fcc358a693f96727679cb4e4a7,-0.8056640625
17abb33d35ce0c170e4102bb0240aa81,-0.8076171875
600d9ce34663ee37e8c1815c46fbad8f,-0.75927734375
c6231d312be6fdfca4f6412b91b1bbd0,-0.84912109375
ea59f57e14a1794cc44438042b0e8e12,-0.728515625
35663056b727ef0fa1f1d4687dcf97d9,-0.376220703125
defe94de4fbe7bf49639429a8a07481f,-0.80615234375
a315d3a89843d4cc04d00996fef3f9e8,-0.6357421875
938b26b6338953a283a0bd8ff3b68d2b,-0.82861328125
b104641d8a859799134c14f2461ef887,-0.82470703125
87646ac754058fd6d9cab2f82c1abe17,-0.72900390625
95f88ce6f41a0af240af3c3f2eb3efdb,-0.884765625
1c1e069b5769a233841fa0cea14c14d5,-0.275634765625
19c2203138afd1a8c56d251d2b90fdc7,-0.1558837890625
47d537d147993375ccc98846f11285ec,-0.1585693359375
aa45cdbca3c7b7bd9ab51b1bcf910ec2,-0.188232421875
827bc7944f2892de4057b701a6b2fd27,-0.1710205078125
497fc8190b568c0f3d364faea588f8b6,-0.2425537109375
ac71fe91c0e49e59656970761a56c9e6,-0.2398681640625
23012b1a2a92dac0f1b09d5f5242a1f6,-0.2181396484375
ff3ad7a594550622ce0b7b1102031ab7,-0.35546875
9b0d0a8703d07b00f157998756167bf5,-0.22021484375
20b98e5402d40e91fea3e933ee999e5b,-0.267578125
bafda61ff1956f2cdfae59c4787cefeb,-0.19287109375
5b6ee460e4458a9e661a0f194ae4ad03,-0.2337646484375
11ba356076c8f771e844e5bd18b3553b,-0.2191162109375
e85432f4d39fe365a68abc83eecfde7c,-0.208251953125
a02c6752387a5b8de104799745da712e,-0.2103271484375
8b5b70142d403c99e3f754dcf8351743,-0.354736328125
36e2f3002e8e4b81d360cfaa101d80c2,-0.26904296875
38201dc030e2f37f6999a65c3d65e1ba,-0.241455078125
670df4a260a534156a4258099d2cc4dc,-0.1788330078125
8f02928f4d3f7c3bc28292b6c44a9c5e,-0.36083984375
9611386be271b019e9c26d748fd51cb8,-0.297119140625
bafda61ff1956f2cdfae59c4787cefeb,-0.19287109375
b1e647cfd652993ecd74806f221d3edb,-0.060638427734375
ded135ee96b336c7031dc97c5b126410,-0.18115234375
167b2f78ae52546d0c1d0d368954acf4,-0.2548828125
bfffe4e9a6134845822b98174ae69ae7,-0.22216796875
1abb80a4068effa4e58694c2886ec78a,-0.1964111328125
248afd4cec53668b9514ec6afcd7470e,-0.464599609375
07346c3d2598b5ac3267eec2d3f67c77,-0.170654296875
70dc73d5e7fa487b11d2a5ee21d44af3,-0.46044921875
db6636daf95274a6dbeefb0a717f3c8a,-0.477294921875
38c2a785bd1ea98535b5f79b6d221e7a,-0.313720703125
15d472d190ffe28894648d42dc3ef6e3,-0.255126953125
91f73342ae678d8fe185d33d1f9a881d,-0.333984375
8f148074f6288daeefeb9e09a9772bdb,-0.290771484375
41f5efd956cc6b420496dadbadfa71a2,-0.38916015625
d4a0a3790e9c3fbd30994eb8f17b2e52,-0.42578125
0cb108a90735fa0939a214c5fd42976f,-0.30224609375
e5e4bf239b3d21c04e4aef96e4eacd35,-0.352294921875
404905f91bb213f8c47001df1cd5d181,-0.4365234375
6d6052e6fd7314ea32f620ec27b2d541,-0.306396484375
6c85c658fd29df2a565d429f0d287fb2,-0.318115234375
d486e4bc87b571db8f23ac055d11dc47,-0.218994140625
af20561aed816c1932729945cb1f6aa2,-0.270263671875
bafda61ff1956f2cdfae59c4787cefeb,-0.19287109375
f1169afc2cafd8afb68eefc6e8017444,-0.1551513671875
3862c6ad41f9e92f7aa68874a9ba3edc,-0.11688232421875
92759aad06ba189290e6952d4753543f,-0.51904296875
55249c7f0658e859388d80c2ba3029ce,-0.35888671875
f44533ab055e15e92d61632124a1772a,-0.47802734375
bbaf56f8815e13814881162b0558f50f,-0.477783203125
ababa3e3460243d62a2d6d802f845e08,-0.41162109375
55e6786ce6ba90ef91909f32603491ef,-0.257080078125
ddc5ac01f78c2ee8f2be1da05696dc45,-0.447265625
d3748ad871a314f3670fac507a041817,-0.418701171875
3a0242cada304984bb7aa87bfbe1d413,-0.4267578125
27e0449c20d962a5b9bd1823fe195816,-0.716796875
cdd13c57f65ac8487d7d8aa300264aa0,-0.324462890625
a55cbbad66d3982079d61a527dfbe080,-0.376220703125
43ebc607d1dcd16a29fa62eb373ed413,-0.385498046875
17a1a2ac336db9d1ed12565124e6d436,-0.288818359375
01329ab9837d99fd6bd35dbdf94a52c5,-0.1324462890625
158e6ca62d57d69bb04850b96158f183,-0.06268310546875
91aa3f78b412c5365307567350110cfa,-0.2073974609375
3691378291168733f19be721736f1fe6,-0.1707763671875
174e2e133ccb28b9c9e892acd5a5f715,-0.1939697265625
fd2a2a3308aca403d7c4afe407e73996,-0.21533203125
e2f3dd1ee22bcc4fcface28014458b0f,-0.59619140625
20d874434b88e6f69f13115c64166089,-0.465576171875
31831dd572b93ed8b53ff0d56db39d01,-0.56005859375
2761b19d54674f48974ea72b76e432f3,-0.51318359375
d87ecd1610516fffe72f8a6726cea505,-0.382080078125
53a4cb0c1913c0ef6954e8db31120e3a,-0.1622314453125
050b92e783741b5d4623dba6f7ad29b5,-0.3994140625
85b6456ef5c346add73d7b6fe4fac190,-0.314697265625
bafda61ff1956f2cdfae59c4787cefeb,-0.19287109375
17774b18e8263ae9022c782ce07fba5e,-0.63671875
97808239118b2cf55ee244d64628cf37,-0.443603515625
68ec12da9cf35daa4a667eaa9b4b7f26,-0.43408203125
1cabb2dce33a0a80c71b4c997e9a1aca,-0.401123046875
f88b4956eeb1de2ae5f54d84d6f15d57,-0.386962890625
9a40534217d31f92eae5e8f1505dc6f9,-0.45947265625
9964087bcb182a2b82e4cbdb2ef7583a,-0.451416015625
62b6957cc54b5f7f47f8a31aaed1a227,-0.52001953125
b6401cd3233f8833013f0d151a84b02c,-0.416259765625
e83c9b041a3fda60059fc37b8a833c7d,-0.447998046875
18324762eb42df82f829921dd46e2355,-0.4638671875
bafda61ff1956f2cdfae59c4787cefeb,-0.19287109375
48401b57089fe9beb6e1e704ab21d0bd,-0.31201171875
c523702e991cb1f7c9c75884b7efabf7,-0.395263671875
c2dde0098c7818a04d084de86380c17a,-0.525390625
a5ab55fc41feca7229b8233f02c8c15f,-0.427734375
7b617b36fb8457703674df4c48e88ca2,-0.4140625
e9d698e0859d02df41b1825abc64d75e,-0.295166015625
9ba11f363060894e3379b72ff9fa23a1,-0.3466796875
3a591d3aa3bc338a77281e6c929b5d65,-0.5
d9638a61bf5b0003e13cf0b6b22a147a,-0.5361328125
13d3f27a61ef280ccf184a4cd036ce50,-0.408447265625
325a0ee1b8c2e77bad2a18eaef2e8e4e,-0.46533203125
258ef39acc4be08ca0766cb85124d296,-0.2802734375
c90b3fe924dc686c2c1b2a3029e91442,-0.195556640625
594a386f19a43366a5ea4fcc25c368c0,-0.21484375
c106c97f1f48c8a8352d26edeb57fa7b,-0.25146484375
6d4bd256fc847bd63806697564479643,-0.2286376953125
dce51760d8f3860671a492214c0c27e2,-0.282958984375
3b1b5e718a87d5934e327d42a60702e9,-0.29443359375
be2996893e7dc2e09c10a0d3c8abda00,-0.27685546875
bafda61ff1956f2cdfae59c4787cefeb,-0.19287109375
3a2f583d3be69935fc71828c38b2063b,-0.206787109375
a120a51d7cbc64390df671e40f9b9ec6,-0.1483154296875
15281e7c9a18ca3fbc1ef32dbcc55ed4,-0.2344970703125
37e122b35c157397c672ea22a7bfa4e1,-0.259765625
324ec1a2fab4932930194a99d6895ae5,-0.3095703125
3b982fa8829699840fc371fe97178a8a,-0.1956787109375
25c0ede2271e7b66850dc8646061e21a,-0.22802734375
0217414fda29e583c7d6bd9d369ff3f7,-0.32275390625
01b38e2ee1efe123304f3e0973616031,-0.2099609375
dfd0506102878d47012dca45d3b8291d,-0.25244140625
b4a3a7db6b19f87fd21c0ccafeddcbbb,-0.2734375
c27045985613608d1adf65f398a24579,-0.30078125
fe65049fd08807ebff406eb24478c878,-0.293212890625
afd2a6f628fbefcb254e9c3c90648805,-0.327880859375
96075029d61ead1502cd429a90c8e310,-0.281982421875
33d57db10a538ea561aa6824b543e4bc,-0.376708984375
5ea8c4ba503c0e94f9be2864cf61edd7,-0.272216796875
9fed24ebfff0e177b3c62d6e408f2d09,-0.2998046875
81e303c1f280814474fbdef2a8f86c92,-0.256103515625
db399b688bc28112e95fd1596ff07a22,-0.1971435546875
bafda61ff1956f2cdfae59c4787cefeb,-0.19287109375
e7e212c69ca6ca4715d099157c5a59d0,-0.24853515625
4987c5f4f297cc97101804c0d8189716,-0.25390625
3443a02cb6b7a8d50977d0c27f5954bf,-0.29150390625
1168d345d6c5f8f8a51f944e46377a99,-0.30859375
a08f41b6d390fbfc1772193b49970132,-0.2454833984375
f41d8c061c58395ac39b27a1111c7a88,-0.2841796875
939dcf5ba61dded1bcb6477b1fb6da4b,-0.34716796875
5c06c3e7817fbfcd3225c6b7aafab564,-0.5498046875
baf3590299e5d5e1574c4bc9b7857fcb,-0.250732421875
83609ce5c05f45c96249d0e3aaedc89a,-0.281494140625
77912c96fc9271af7ec4424d2116b7c6,-0.59619140625
c382ecf7d9e293952920e02cef170cd3,-0.44384765625
6c3aa68619c50ab9c8fe6ad3df4cb5d4,-0.484130859375
f5d65692f811dab79b80590f113582e4,-0.47998046875
8a41eef886530a4bf2371b2210b5e937,-0.5712890625
bb4ea20b2ac89061ef5a51b82590f26f,-0.4111328125
bafda61ff1956f2cdfae59c4787cefeb,-0.19287109375
4de50330fbfea84b3b76e944f463bb7f,-0.404296875
ce4c65b5b32718a0c644e837a0696d00,-0.62060546875
9ac9b2acccd21643e215736d190576b1,-0.60595703125
94a69f029a3a33e19013caa3c6b2bb09,-0.623046875
b6caa7ad27998bb03f106090422dc8ce,-0.66552734375
ff9fbea03da213265cfa061529b62a39,-0.6220703125
803d3aed5ca055027b9bde18793aedf0,-0.455810546875
239f9eb3efa504ee8578c6e2f5040c18,-0.556640625
8a142e042bf90a62ba1a06c3ddb306c8,-0.5068359375
1475808b56f30dcc33607bf804a2b56b,-0.59912109375
6e40fb4299e29e45c9dbd8abf4f17e6b,-0.498291015625
e42b24e6f670dbe8368576d8fb0b47c0,-0.5478515625
d012e59ad88447b40d5e03f8c825d7c6,-0.64306640625
87a4a8f6fbb5f30c20e376229d8401c4,-0.249755859375
aadc0f28626ca921e888f502a962d127,-0.260986328125
1c88d75c50078c8305d10903c28741c1,-0.21923828125
040bdc72f3c9677af8d264d57c32ee7a,-0.281982421875
00e2bff2b3a01b01e9b50a4d9c9c2ff8,-0.2333984375
3d4dfff0a08c8fc083ab40dbfab86c73,-0.306396484375
f35ff122a3ced4171a557eb6defab30f,-0.323486328125
df72c302fe5a4831469d48c5f8d362f9,-0.28857421875
a5e12eb3c1545c2bfd05016bdbb2178b,-0.253173828125
bafda61ff1956f2cdfae59c4787cefeb,-0.19287109375
6f896678de1bba8967f6e3d32b31bf0d,-0.2127685546875
bc7c70c080429b040a47a7a2bf107ce2,-0.2237548828125
75431e088ebbbfc33e3a6db9fe475302,-0.211669921875
99f508b83dd8fd9e845a59aa1fc6285d,-0.265625
8573fb147ae38ec7fba0e96ec9d1ab1e,-0.2230224609375
7c43ef235c4c96333a448261b9b59da8,-0.178466796875
20d6de19d961a954ad22b1218eba5fc9,-0.294677734375
e3f3d202b19b901c179964eefac129f6,-0.65185546875
e13bae4cca20b566f73580067721053a,-0.278076171875
23beb8099f95ab99a82aa534bf23f310,-0.19287109375
4660bc5b799f55ea3182a4bbbeccb55a,-0.2408447265625
700a68eb7f8ed05a666dbb8eb228c22b,-0.12060546875
ce8bdd460bc05551091113b316944953,-0.12445068359375
bd5927f2cf4820be8375aca4ab629928,-0.125
daed613fc59a0c586af1576be0be0f60,-0.1036376953125
6550d0bd6fbd9d0f38ad72fb80529169,-0.19287109375
e26f86564096371c7275296c4e2e6191,-0.153564453125
ade1109f511c4f7c15ad436e73cca431,-0.245361328125
2e0c92c202087714c60897d15549fcbb,-0.2144775390625
08208fdf0913c571b419b2c054a4bed5,-0.2646484375
bafda61ff1956f2cdfae59c4787cefeb,-0.19287109375
ae2d2e248fe180999dfcb899d56cf56f,-0.311279296875
3acca292bff86fa201e85215e7508607,-0.2447509765625
ec92aad1a2749c2ef7f2ca86710dae2d,-0.15087890625
041a31e2a59bb6c009036058c6eec30c,-0.189208984375
31c648dc3af30bedec88692204c8efed,-0.132568359375
d5a5dfe4f0822a4925f16eb1a9cc2000,-0.2254638671875
8d3f7db856e68d26ca698c908cdd1651,-0.0122222900390625
aceb72793ca1b6c90d35a3c82fdb6da3,-0.296630859375
d7e231a4620b028d49625f1011f0515c,-0.334716796875
b883374a121711d4d81bd4ff6f5c1698,-0.41064453125
fbb86e3dd5f5898ed88cdc87c6adca61,-0.2193603515625
f9f6c6d4dc073e2bc1957d913d98e2a0,-0.1844482421875
bafda61ff1956f2cdfae59c4787cefeb,-0.19287109375
bb1162a9ab6ab34e3d3efa2141c29e93,-0.1436767578125
9a77920d547681ecc4bd7a3ecba87a9d,-0.290771484375
5578f5b77a31caa249fa9a92f863648d,-0.284912109375
1026dcc3b0fbd7162f0011680c8bd596,-0.288330078125
d14f16f54374942500d866dd09174281,-0.37255859375
88b138b4417b084a165ba0aa7e4317bd,-0.387939453125
67f1768a093730d310bdb878b9a01305,-0.3876953125
c02984e95e661f2adbaedc4966c07d76,-0.3564453125
031d0104a768e1a855d691ceb34ffc89,-0.302734375
d8f3069ec55988a03cda880bba8f4d72,-0.2191162109375
3657409ddf59b5ca5bb6e0de400c7463,-0.348876953125
0a30e1aafc9744694c27ec3f6bfee6c9,-0.290283203125
6928428b1430b2a1be4a64888df50116,-0.282958984375
3344cde9ee9e66d6210284df04f66ff5,-0.1925048828125
f51e9205bee71492607bef49cd6be845,-0.327392578125
7e7b175aa635440bf98cfb0f2f964dee,-0.36279296875
ae48fbe29c44fcc74db93691ecc50fd0,-0.2340087890625
94560c32c570efc2c670bb8ec871f629,-0.2142333984375
d4fcffb0a23e7f3eae3c1eea86775115,-0.2203369140625
f129262335f3d336b78b97a028dc97f2,-0.2587890625
bafda61ff1956f2cdfae59c4787cefeb,-0.19287109375
b9a81058f9ca1af93ef20c7bd4e78cc4,-0.2474365234375
777ea283a3493e1ddd7318d47f385921,-0.1983642578125
1f7749d39bcdaca416b1e2b8efe8b368,-0.26220703125
f872ef72f466e4264196873324a032ba,-0.1671142578125
e4d336be6082a22ac5f6ba95e68a6ca6,-0.2484130859375
895569a6eb4497d9acd6afa4166b9674,-0.23681640625
066300ae8c553b2f400b821fd5fb47e2,-0.30908203125
752f6b62f486e7a9119d45cdb478fe83,-0.283447265625
a9d938f4e0be2a46ecd779f9b617f8e8,-0.274658203125
9610a2a89e0514ecb8e92db0d795fc64,-0.1798095703125
92824ee68adbefe6f066df757617ed1c,-0.2080078125
98503a34728d5fbbcaec28f1fd4e7b5d,-0.3212890625
2ee00fada4c745892fc0454f848201fa,-0.2269287109375
b8358fdff623f0a44f71753e19cd72c2,-0.2431640625
1d3881b8f153e4f6f885986885a2b4a6,-0.2685546875
e16980a924b03e710a713118966e9bba,-0.11956787109375
365939ed54cdd9a2f6c51fa25344106d,-0.1409912109375
f0f54bddfb432ee11f6a0863b0572eea,-0.185546875
876e977828a6491f914a465b18d5d0e0,-0.212646484375
20cc912dc47ee447cde10978a92cfefb,-0.2171630859375
1eea87bd929102be8df0fb3ffaf90ca8,-0.1912841796875
348f17f4f6daa34b69f64110be893154,-0.17236328125
35d467042ec1c5937b1c3bb3b6430f85,-0.1861572265625
b7c4acc41ead6f13d5806d14c5768b48,-0.13916015625
c33ca0b80dec190d03723f871c0317b7,-0.1585693359375
d3bade32f846231dd5d969b6cc69899c,-0.14501953125
bafda61ff1956f2cdfae59c4787cefeb,-0.19287109375
64c5d9169b8f42f4574063eccb14b981,-0.1578369140625
beeb4c9d8bfee44e9528e8749c74deb1,-0.218505859375
003a77504cdcd6adea4a89c4129123b9,-0.11968994140625
5faee5662a8d80c4d8d673db54cb2e85,-0.121337890625
f2f182cc1996ad1d81b69a90c7b7f925,-0.27783203125
aa9b6209c5d58fb75d3e18f350cdedcb,-0.0679931640625
d3094c8b81a1aa4a579d5d6a1e14b61c,-0.18798828125
4db85ea98c4afcba0e537027014f2ad0,-0.2115478515625
49d937e3106d7e39da245764dd9293b9,-0.1934814453125
bafda61ff1956f2cdfae59c4787cefeb,-0.19287109375
4a1881a60eca58a646dd9d66be51b616,-0.1724853515625
236aaca3556bfcf43eebb95c3b2003ec,-0.252685546875
754444e168abaf20a5a0bfabbbeec907,-0.2080078125
47d6077f33939167736a23ca90cdca88,-0.244140625
64567510fe8b06b1c66954492411762e,-0.1771240234375
0802a5ff897af64ade475b1fbd291895,-0.2344970703125
a50e94d17c3c7291710d27b268518e64,-0.2122802734375
21e0ea9fa80530ad892894dfbe52b7b7,-0.2457275390625
88bae08a1bc5edad58b1a0d320612c31,-0.1912841796875
5d967e8138a9e1e927d9994f751048e7,-0.257080078125
f39facc2b12b33a2e0f9551de6a80a75,-0.22119140625
98c9e6c8fc25dd0120db413548256d5e,-0.224853515625
b7e35f53b2d7aeb74d935916f725de2a,-0.2041015625
b15bcc5b40c8728dd58d8071382d2f7e,-0.2003173828125
b7be6ac1d4da19861fb266bff21994ac,-0.331787109375
ece0007ecf2c0579078e51c3e7b110cf,-0.172607421875
fd886a44aff3893e4e97d68aa99fa4ba,-0.242919921875
0d5c203bcf58167e2cfcf536fb5f1bf8,-0.148193359375
cb556ec9f19ad5a55abac85e818930d4,-0.337646484375
aa9fb23aa82644d7d4e91df8fe1fa14e,-0.304931640625
bafda61ff1956f2cdfae59c4787cefeb,-0.19287109375
65ce8eb9d359e9e797eac0fde8ef5d2b,-0.326171875
a8497f538d0d10e1b7377ff5d9e2e82b,-0.1695556640625
0186275c1561b952630b217b0ae21e26,-0.2890625
1c830bd1887987036995cf5d504bad04,-0.274658203125
be977177dae56c5568d6f63387bed23e,-0.26611328125
de532ad24495f5e098684322e05c1a76,-0.306396484375
f9b65a854e9dfdfae33fba2aa2520739,-0.308349609375
b2d495d98a1bfe046b57b944c3e935eb,-0.31103515625
3252199dc7bb6d457fde20966c11e34c,-0.267333984375
8f5beea1c65fd8f136ebe3cdaeb0baac,-0.2783203125
5b1de821c8858507c4fabefc9c971197,-0.345458984375
8e9983172b0db98acaf0938f1d03b870,-0.312744140625
24a38d40c4083fd062f958d180bb1679,-0.2432861328125
fa708972be4d4b5d78a03b7adf45028b,-0.296142578125
495282d36d45401f5188d7e8122bfd7d,-0.216552734375
eef18cca94bb956ea6d54a8554ec8a45,-0.2685546875
07a276f5abec66a8e7ea23d35ba7519c,-0.25146484375
bc73e5c06705f2c656414e0bfb24b7ca,-0.416015625
c2d39eb2cf0ab59df128f4d7e87c3987,-0.427490234375
1aca11da6e467dcb2f8bd54333054c6d,-0.462890625
55be2fa65d272f3fe3c8737db2832ea4,-0.56103515625
951304973a05885ec703900b001b58a4,-0.52490234375
cce7f2ebc04e7b735bed4d772c8b27bf,-0.54345703125
b4f38c6aa836bb038fd2c23ba50f3708,-0.51025390625
86e900f7cde0b8911bbd5c7c3eea36ce,-0.493408203125
e8d26e021451a5b7f2dcc4003d9aa4b1,-0.396484375
c36aba08ad98f07fc5e4af48b90c0142,-0.431640625
138886b915ecdab90c6067a98c3a52d2,-0.52197265625
9382e6fd577e75e57c8e621d7dfe8e92,-0.5947265625
85c40721fe740ba928d46b850b16aa6a,-0.53857421875
156d310067f0969fd55677c196395c4b,-0.468994140625
bafda61ff1956f2cdfae59c4787cefeb,-0.19287109375
93980c22ded54977973cb8c0bd2df3aa,-0.29248046875
2f2e88f9831b7af8f7dd908c99eb1f8d,-0.42138671875
e65766376e3d6e89186de0f414cfc85d,-0.494384765625
19f0daf715cbcf04c9a6727232696f4b,-0.5146484375
2de82b6e3254d22b49f59cef950abf8c,-0.471923828125
2bb5fe84d1dde0ee8612fcea89f8d4e4,-0.42236328125
c54b1da281c8f8c22f27f63039bbc854,-0.383544921875
8c88754ee04bc5609f9e0fec2ac0655a,-0.55322265625
d921a48b2cbcb8625acecfd0c2903e8a,-0.505859375
be54b037356f861486fd2d64a4034e96,-0.595703125
a7537176941bb7dc28d6636daaf431e7,-0.26025390625
cfe543398543010efb760f7dc27d0305,-0.2437744140625
bafda61ff1956f2cdfae59c4787cefeb,-0.19287109375
d7afa28ba433d61c786d9b86b6beb7af,-0.724609375
329a00a01e44876eef0a34d948047235,-0.689453125
bb6dc317289a39867d53e923fc53172d,-0.75830078125
92f7dcb17d17ef70dae4bab51abcacf5,-0.61962890625
dbc3ceb2ab4ebe6fdb91690bb57d452c,-0.6455078125
ea0d5d6dc4f632f35d02a2f2bc4f7fac,-0.529296875
c563a5e987789fad26331d31083e1456,-0.61865234375
3e50e0d4238f3f5742aa161f5e3f5abf,-0.56201171875
113398a280624c2d37fc5be350b5fcd3,-0.5869140625
558b54ae06c7f84a9f1dcb140f814b04,-0.5615234375
ec23f742ce0872a273c6c1aa551bc007,-0.47705078125
a1de7ebe0c91fe7e8089591458fd9642,-0.63671875
bafda61ff1956f2cdfae59c4787cefeb,-0.19287109375
6bb1e0a1ddd4c6c1b183a374cc5e5ae3,-0.44677734375
e7b8520517fac7806f2431a432e752ca,-0.73828125
5bb20c58d1e9ca6905195ec08149de7c,-0.65087890625
0fbcbcc5eba7a366800a4314794a8e7e,-0.6689453125
33b10acf24677c9472f175aa2be0bb15,-0.66064453125
1766950193afd2d358642b51c1331091,-0.58251953125
43bb3428aa1989c24c4d93afd98be53a,-0.6123046875
f429059996ca0dde64215b83b3292f06,-0.64990234375
aaabcd5df49d814d3d1e85a4ff297cef,-0.76318359375
503a56d8b2755c0f34c36cbe3603ca2f,-0.73681640625
edd25729c478e946a2d60f34568c3fb1,-0.779296875
471b5c07b10c972de96bb4950c2368ce,-0.74072265625
a496feef64c588431c89ff6bf5540e89,-0.5966796875
3f4e975cc47766f56c9d159caafb30ae,-0.61572265625
5fc75922defac63358ebc160274068ab,-0.68310546875
a2554d45226ea8d3bfcd14f1e90bbc82,-0.703125
070eaf390c5566dd7b3fb1782bb90583,-0.74755859375
a1fc7cfb08613fd69ae7e1de73a07fee,-0.5791015625
297ec10794cf3dd3c3bee683da44b668,-0.76025390625
b6ff34accc18bf62242604311d0f2521,-0.650390625
bdfffc63bd2e0177f0cd779ccaa9408c,-0.56396484375
73674105b1eb78c831cd8996af7c5e5e,-0.6171875
63d063981c26d466769a4c144c3af6e0,-0.62646484375
dfa51673ee5f9b0ee18a7d0992d47008,-0.5966796875
eb48b2b634fc895e762951b7c64fb58f,-0.611328125
79db84d5decedcda4178eb3bbd7a7aa1,-0.471923828125
6c8d028361d5e1a96dc39434afb802e7,-0.4384765625
ff03d5c7024d7bd93a1fb9bdfb74296a,-0.6533203125
aff7f13b6d4476000db47077f824b507,-0.66943359375
2f11b2e1d9f694e6c3d2171ecb05ab1f,-0.67724609375
899fb47842c49dd31e80753e68bbc947,-0.775390625
b0dcbdafd1a534a7c733ae0baea64fea,-0.51123046875
b0a7cd3bcb5117e51ef4f53ea8411e3c,-0.53662109375
510fec54fcfae0550855f3bfb997bd46,-0.68798828125
d28f446f85f891195c3c434407f766e4,-0.62841796875
1aba21282dbea6667500ee8547b754f2,-0.67138671875
7364499434b9c113acb932becf3fc71e,-0.697265625
bafda61ff1956f2cdfae59c4787cefeb,-0.19287109375
f02d32147914b4f3e6ddb669e8398d91,-0.64306640625
1efe0f3b7de8006d282b07aff07bc99a,-0.371826171875
6b6b5dab93ad8e3ed7afc7b42ce9e464,-0.251953125
3b8f322ea1405e998c0c32e5fd3d42db,-0.244873046875
10f9495291a83ba48c537a56c3cedae5,-0.34619140625
10dd6bc7abe19bcee992560801fcc34c,-0.265625
662a8c66b9f567ebbfe35b9439ea0bd3,-0.4169921875
c19589b9a3aeb63e896dabb7f0100647,-0.322265625
e5e7f53dd6c847de694974197759abd9,-0.4052734375
bafda61ff1956f2cdfae59c4787cefeb,-0.19287109375
12dc76eef4de824f7f5fe37017c27e54,-0.1016845703125
747c3d26c9e4698a28ee56e90a36e80b,-0.28662109375
e838183d8090a69280657085a7a85a42,-0.48779296875
a8af85a1ce80fdf3e4fdaf9a8d28f41d,-0.37353515625
6d04ef21602ee4d2cfeb91998dcf3bc6,-0.2568359375
480b5bde22891d35c75bf60fe864fd0a,-0.2294921875
5fc459aa62d87334ebe79421ae2242c0,-0.2464599609375
011d8c12b9c5841f636e50b842bf87d3,-0.30078125
e6ab09c0a33918476077c6e652bc2e8c,-0.6025390625
418e5ffa7b3746537dd25cb9731a36f2,-0.302978515625
cba11642b03ea8f9784aa64c9afcb2bd,-0.3701171875
f766a37d240360db48a79a4cc0573726,-0.71337890625
ba23a84e5f0dfc13b26feddabef75244,-0.537109375
6a5cb7ae45d7f38edc73b6949a94f46d,-0.29248046875
b720256f8b0087901187fdcc1b2ba8dc,-0.3486328125
bafda61ff1956f2cdfae59c4787cefeb,-0.19287109375
05fe0330e12769f59903b5553e5f0815,-0.42724609375
ff149630f15428d1a78e4c4e250838c5,-0.414794921875
6d39e4bc18cb39d51b15a3589abadb65,-0.564453125
b884f607316ef10930aea6d0e0d9b018,-0.880859375
3b915f3c9674eedf21b5814526fa46a3,-0.69140625
b78b86d9857f91efedc420cdad42b5cc,-0.91162109375
d514084dbb79d4bc20a1c5b3a120d73d,-0.81884765625
ba6547a85f1e081c3372e6d5ce6ba2f7,-0.7021484375
5cec6c072b3c2156864d0b3e4b2e48f0,-0.416748046875
6c3c0e99707b1e97a01bcd6b25746ebb,-0.6884765625
27577a26ea1c1f6c26397a2d0f05dae4,-0.5166015625
aedd133c26a836cd3be4a57ff4d339b2,-0.61181640625
f975a1ba0349d4927c8b737799f464aa,-0.84033203125
88f5d204410fb0d6857715b7b9fc73f4,-0.6923828125
197a053f3f8972b6ad815a6e3f1a3a96,-0.693359375
c83588b9c19e3f682fe494becd666727,-0.398193359375
fd89f181d502c1991f00028842c7116a,-0.370361328125
23925e701b107ba5e9e81bb434aee8cb,-0.301513671875
a9473246bb2d296cdf8e147f029e8076,-0.21826171875
5b7cf778cb9d859f41a341b0a7f70e16,-0.311767578125
fd1e18e6ee8be403562591dfe168211e,-0.298828125
e20d93008a6b08d3b563cabf65c25252,-0.273681640625
eb4d3b819b5b5c5969f449ef231b53ec,-0.2017822265625
b2c3296f8be3aa778e5446ee94b982ec,-0.396240234375
39f32dc6dba01d090aa46f08a79a7f83,-0.186767578125
bafda61ff1956f2cdfae59c4787cefeb,-0.19287109375
bd55af8616aceac7e7d76ae772f9a528,-0.455078125
4c033080452d80bfd8e168a344382e73,-0.08197021484375
ffc5190f8c2234a78bebe6ec06669614,-0.235107421875
b5d5761a50b032642acc4c29cfe9ea7b,-0.23193359375
cbdfc681b16bf17fddee323af013311e,-0.1275634765625
1e6d3d6fe9d77b4b4cede743d39c2e8c,-0.378662109375
228eb5ff9308a524df98182185488420,-0.703125
4bd5b8523794920481096481db59b394,-0.1090087890625
d4c9383f49c41bab627511cd40c2345c,-0.2298583984375
ca81c86dbfe5bf8d81f7ca821f094b23,-0.2861328125
bafda61ff1956f2cdfae59c4787cefeb,-0.19287109375
54e753a742b67299a5d78581347fade6,-0.261474609375
7c877564deb6dd1f9cb9f37ce3af7a80,-0.34716796875
81ae5d6511943a268cbee60a5f251ea8,-0.3203125
a0fcb8ceee7b4659622cee2cedabc342,-0.369873046875
cfcee689befeb5360e1ba9ad9fcb29b5,-0.41015625
63642abf5a9acdf14e0ad343775471d3,-0.50341796875
2a0279c2bd158833959d6629da60ee00,-0.55078125
a4bc3863ff9fbcea8475fc9ce4414749,-0.55224609375
162259083975f5a653fef70662a63a60,-0.51416015625
14e27b2d8c5e369d4be409fe0eb292c5,-0.650390625
88f34ce1398b8a559082a63c72636658,-0.495849609375
c0fadaf25ad08e830a89be1a258d5ec6,-0.275390625
39602bbc89cc2e727fc3ca30117e4d74,-0.30029296875
572a2aa7d71a4792db21989737ad8dc2,-0.30322265625
b344b660ff8db27448813256773a5659,-0.244873046875
34c3a3d82f066516678e69b3f100a9fd,-0.55810546875
6f3f4963252d6a14a0492369e69351b9,-0.54345703125
2bcbbc555bd4a6f3c0e25a5c9cc5cfd4,-0.56494140625
7514f75aa1eea507f8052e6fc40da588,-0.37451171875
d3584d34252a428a0afe7c0429c312cc,-0.18798828125
6e3894e22b85ddea64bf04c2d001bcda,-0.2109375
7e7b15c0720ed02b0dcce14f1e32cd97,-0.302001953125
4d63719a5952de882d2ac4f663789d95,-0.228759765625
b41a5098c698092a19b162b4c91b612c,-0.262451171875
820f3f3ce0dd4b91911e926c244ebbf0,-0.34765625
fd3c8353d9e6932de1b5e22e0e5a56ef,-0.387939453125
7ef138cc278bfe5709553bfef386a875,-0.6845703125
a586ab4c910ae60aa48b2e40354ac4d0,-0.497802734375
27e8d61812cedc5a11939894a79738ef,-0.7568359375
d7d03877bb21661e285630f0477b613d,-0.7529296875
ab2ab15a53d6e1079c8df2a66423181f,-0.587890625
9474232f9343901b770feb25d103d156,-0.2958984375
bafda61ff1956f2cdfae59c4787cefeb,-0.19287109375
29cedcebd09c9c55f7bc6a9355aa210c,-0.270751953125
cb0294d309bdd4ec8bdbfd66377ac104,-0.284423828125
0bd3a1dd670238ac27b3d0a556cdce2f,-0.465576171875
87724002d3fbf080f6ddc06f952edc5a,-0.5419921875
fa4cfba71d8d4d22cd90f1ccc9e0174e,-0.5830078125
ce6ca71ef148c2cd79a556dc5959e338,-0.8251953125
5f06d7f453228bc2d02cd51a010d9d6d,-0.72119140625
21fe45e3e278c569dd93f9ba397cce2c,-0.66455078125
f19a8ea77ee2a0b3df127104a2b74690,-0.61474609375
8751fef336e3e680873c5816ab630a97,-0.68017578125
6b4a711238a16e2a2a245ab3b9085bc4,-0.423095703125
bafda61ff1956f2cdfae59c4787cefeb,-0.19287109375
5e51f243598477b7a4457aa925188ce9,-0.40234375
1af35b4966bf6fd4349e05872b0353f8,-0.810546875
d4a24e2987961ffa4a5c1393c1839a6c,-0.7412109375
fe43053935c441ee2ddab65850f86d6d,-0.87353515625
21b7568186e94464291eead77a039256,-0.73486328125
7376079b64465e52145696c57e3f86fe,-0.70361328125
52a117ca6a99ebd98845f47dea3b6d1b,-0.5908203125
dc1495efd130b5c1a27ff0817c6a43f5,-0.79443359375
78a7a95ebf4efc4337e9834d887d35c0,-0.74169921875
363985855bceafb5c299dbe5036b66ec,-0.69580078125
02c697e3b0c16ffc0b820cd27b4b6ea4,-1.1845703125
158457fc030e7674bcd2c8135c842ea2,-0.59228515625
afd5efd0f61ae2dcfca82c29f0e7debb,-0.56005859375
abe55b263a8bcb9b5d8e40c8e5430ddc,-0.79345703125
ee5ae1b2416cdf0c7753779006f66428,-0.65185546875
6860ae344178fc28b393760dd183a706,-0.30419921875
bafda61ff1956f2cdfae59c4787cefeb,-0.19287109375
86f5f3b266fe58b2c598b629a0da9ba4,-0.25244140625
6e3b06188b3654e0d8e0dab89e907c68,-0.36767578125
7255ac06304cb8eea87366af2e7a035a,-0.40771484375
c03e89de68a0a5293690e6f17dbe0821,-0.51025390625
6c1673882be2ae71fa6c2982c7873974,-0.89794921875
abc1cf9d69fe4bff44cab5cf376d6dc8,-0.81689453125
9e0af21d8b79e86f19ae31db0ba4158f,-0.8603515625
297e7215c7a048f541ec30c59e8fa89b,-0.89111328125
6b14e7f7f1369d1ab9550e3fcbe1e58c,-0.7021484375
e9b276cb4b84e285c5a15f3c53e8896c,-0.21533203125
f5a68ae16859f393909fec6b902b290f,-0.7841796875
5e02e1f88a119d187f625fec47d8c34c,-0.6640625
5017b471d0d4e0ce4e10523d74929871,-0.5341796875
1e9a662e031cf8ae6317407b7bc99fc7,-0.91259765625
336745a8c3a2f9eaa846594498189944,-0.71240234375
3865559eaadccda568802ca150230879,-0.83154296875
74c2e8ddcecc2e28b893588aa11124ac,-0.7978515625
59115a9a876602ef894c18e6bcba34ef,-0.59619140625
4de38fe29d20dea8ab104dfebff37ddb,-0.51416015625
bafda61ff1956f2cdfae59c4787cefeb,-0.19287109375
9f933e10a928c9e63d027245c6c877ba,-0.4033203125
c4780c76a0bc71b269bdf337607417c7,-0.4267578125
f8a8ee2cb34cd1f1cc5f744d1e821c1f,-0.56591796875
807076716926061e564d227ff7f38634,-0.6806640625
7374a2d7bd2b0f47f4c1e5fd017fe505,-0.98486328125
a5a77005658011f4c4279bfe0ffbe968,-0.884765625
b6dbeeb0209b7e87d953b640d3e830ec,-0.9140625
038f70b87aeefcc41f476f1de841fa4b,-0.9306640625
42271974d267e2ca3721670bb136feb8,-0.87841796875
eaf496b7f1a6b1c2bd273ce639493787,-0.330810546875
eba30525723f4216a6fffe813def459d,-0.7236328125
72f067ad027a9a08011d66d2828a0d85,-0.59228515625
a5c82be53501dbb399692fac939772ba,-0.58056640625
ba35b3fe983c853b040be004cb74d6fa,-1.021484375
e91f02fa63bfa37cb2f32bb0f96be895,-0.8212890625
a572e59cb42eff4091e09e0a48742785,-0.92529296875
8c053d35f6ee11d9d079d648cae9f48b,-0.27490234375
8aded6636b72a4e6399a1013cdad861e,-0.1256103515625
f252f150a49d13d99ac517179d730334,-0.07940673828125
57240cd55dd382c670e4d8fce09c9786,-0.004199981689453125
0df5a5105d250daaa7a232064fcad4e9,-0.034271240234375
e6cc85b597ef9a8c2dc6a552c3f5db5a,-0.1668701171875
16d407d2925db789aac11478a30444cc,-0.1494140625
9df7d2aedcc659eb9151ebb818aba8cc,-0.270263671875
bafda61ff1956f2cdfae59c4787cefeb,-0.19287109375
2db6c99cfce6bd80ba6cfbac785d6f2b,-0.262939453125
c687734916463f2da87b14c7c723a753,-0.3330078125
ed43bca8885806922a83a70635e23224,-0.587890625
bf2c3c5d4e5af73f35760a839fca7806,-0.344970703125
b3e8ae70bf57fd89fa92b042e30cbec0,-0.050689697265625
98185c1126f9a718894b22b99e66ec7b,-0.201416015625
0aa45434d62531a381787e4e1180b0fb,-0.1424560546875
802068524221ab693bca0e1b1526114b,-0.190185546875
78a0ac1d4c5bd773ebb07be3d6d5f884,-0.68896484375
4da02607af953d8c3b9ee2c511f30799,-0.333740234375
70d00c8528c16ac34404847292caf322,-0.51806640625
273dc3c4fbd3e273e28820093a8b9f49,-0.36669921875
59e19206998267e2ae58d9b40bb19b78,-0.205322265625
2907cd6c3b43c5eb5a8bfff1cc726a9d,-0.1326904296875
5aea8be0295310b45e9210f82111b71a,-0.1805419921875
d178e2a89dcbf5b2cb4b49fe078bf0f8,-0.11761474609375
4bcc74ce46457be2252023195155239f,-0.1861572265625
e25453e4041b04d81d329cf5d6dcb7c8,-0.173095703125
b4db3e6351b7cad9e7e238080517560a,-0.1602783203125
bd05aece156302beafbe2b4b0a014cb5,-0.1502685546875
2b206b3668ce07b1c4ab319278858378,-0.1441650390625
330132de6d35c431f975f5850289b871,-0.125244140625
cab9b7376204fbe5e927789234e020f3,-0.158447265625
bafda61ff1956f2cdfae59c4787cefeb,-0.19287109375
00a2b6c64b41916c026b7fad16b79a93,-0.1903076171875
b07d0ec4edba253e86d4db8c4f8f92dc,-0.256103515625
24ae14de23b4d34b7b2857995b60d524,-0.227294921875
72bf0b16893e51776778c4d801cc0f2f,-0.2149658203125
5f7390217107f4159ba4b1cecd77f096,-0.70947265625
e5201ca525d570c6f1a09c861c199c26,-0.1861572265625
2a092cf689c1b61761f5479784ae86aa,-0.1448974609375
e2e19431d910a10d4254018421425c8b,-0.41552734375
bafda61ff1956f2cdfae59c4787cefeb,-0.19287109375
8498db2afaca5f7bcb8c0e5241cf8268,-0.2425537109375
d777dd1a9b99f025dbbe46438387b7db,-0.420654296875
98571ad5e39646e98dbac045b244f9e5,-0.27197265625
f9073b8c70009140b3215220ff46bf4f,-0.478515625
366f2cf765136c8f1b56e5b83800c2e9,-0.48388671875
38dbd34b4a08fd84738dd56e5a9c12ac,-0.5048828125
df8dfda4d778fffb309b00d05dd8ed73,-0.666015625
d67e5bf74b8c8d8d274d6362eef51d55,-0.50146484375
2e5134a0b8f32a0d92f6fc905488d93b,-0.79638671875
abd21b900d09d0278bd2856ef069be69,-0.810546875
4cdd03544b9804c7179a48e2eb23b09e,-0.71044921875
2946c89bb6183f936092b1551d686e6c,-0.44287109375
5a075c826a8071a4ffa37204fca9385d,-0.364013671875
c9aac1cd73d9e34e0a59e6323fa4992b,-0.371826171875
4dc4bfd329dad4013bd1c28e5e8987c1,-0.351318359375
7a6e14e8c3fcf104a22c69d0da7c04e2,-0.68701171875
c1695b13bf51d151e0139e56e39e9fd1,-0.62451171875
fb92200e5ae08474197f2379ec247ca4,-0.734375
88bb355e0ac5c00d022d7b89251e836f,-0.38623046875
bafda61ff1956f2cdfae59c4787cefeb,-0.19287109375
ace1506d20783a955429758f38cfd47d,-0.25146484375
e938ebcc4be4204e828cbdfed564df14,-0.285888671875
cfd306dfd3808dd6d09a4d85e0a62b33,-0.240966796875
1002c0092513dd2b053176a869c547b8,-0.317138671875
84a800fc959e23510daf2a0a55156038,-0.296875
02b36bf5e771afb7d1dc53423edc4441,-0.297119140625
9565dd52269772f0fec35176d360fca5,-0.61474609375
21d737024630e422596f6c13abd30b58,-0.45458984375
5c3a56cbf889eb8fcee9c3eb18e232f3,-0.6796875
e12c783f545678878b8f12892da7747d,-0.5166015625
4c09692bc39b256f44900bef3c763247,-0.51025390625
cf1de73ea6df1b69d4270e4a5233de25,-0.310791015625
8b4c9eec28515321564712de2612d2ae,-0.248291015625
5d606cd7b23d9eac55dddc3ac9587b2d,-0.29931640625
af044accd5880b29e8e64b4d06ccd118,-0.343505859375
d936bea9d0318a922365c5a23fcd9d77,-0.70849609375
4feb266948e599f0ea1c056658b35591,-0.469970703125
053b4d967cc1d68f11b9e6a44df05936,-0.435791015625
3cd043199df98e51a23d406513d2c5cf,-0.2376708984375
c0ed1b15e1adc0f5c785465d92c451a5,-0.161865234375
bead0becc481c10deed27a8488cc1523,-0.181640625
9e341778bfb92543a24ad08572175b62,-0.1793212890625
00ba0cda533a68733010f87a48e92941,-0.1719970703125
4146a9b9fbf31dbd96bc5b7b38533da3,-0.1829833984375
574b6b75c516baeeffaa3698dfe87012,-0.1556396484375
0b0bcf9dec422457daa77390d43ca01a,-0.2030029296875
b40ca163cfd08d34a97024fbdc89dc70,-0.2449951171875
fa27771dc492194c7c1ad70c152760c0,-0.213623046875
893878ff5bc78c1560312618ad960974,-0.214599609375
bafda61ff1956f2cdfae59c4787cefeb,-0.19287109375
658a0a804ecd452bae6b1296b2f645e5,-0.1993408203125
5943331287316a532db5e9daefff401b,-0.1630859375
913b9ed038881463bc6d1ada58cacb7f,-0.1756591796875
b2d6dce864dc512d687a8af178c1e8bb,-0.1953125
bdc70e06a2089dc5c79bb94687dcf526,-0.1561279296875
525b2ba89733ae7b15691f6663c062f3,-0.426513671875
64d37c00a5e321161bff6573fc81f48e,-0.265380859375
588aff75d8d864734d81b8cea74bb1a8,-0.20166015625
27cc69fedc4b3358377d630ca6924351,-0.424072265625
4feb174346c772005da9e4e4610a1216,-0.2432861328125
983cd213405f35b4dc9b500ca657cf4e,-0.1434326171875
d4a0e602f7447d1fd30abb077028690c,-0.2191162109375
51f76f7c2fd40f7c55b7838e285237b1,-0.096435546875
cb22d67ce375987a748aa7ccf27cb5de,-0.1793212890625
016aef4a6caa7c3797335b0a8e6a5e78,-0.2047119140625
bafda61ff1956f2cdfae59c4787cefeb,-0.19287109375
adefdc97b370eb76bd25e64da432cd3f,-0.454833984375
376e9df6afb6b3e9dcc2609337467758,-0.320556640625
61bb2d20cb9c085c4a188e7158a26944,-0.386962890625
ece4148e9d25e0ea24a8006a7edefa5c,-0.45703125
d094e7514d0dd08dc028c2d1dad3f733,-0.427001953125
a40e4ec3beb822a0f37654bc00193673,-0.25634765625
93a33c6e3c451ce35948c299dfe0c2ab,-0.392333984375
e6ec28cc56807917d130880597473cb7,-0.3271484375
1df4de101609c2ee69e13558655567e0,-0.2030029296875
39c9096eaea1c3f9302a603e9e54b558,-0.73193359375
4c292118688d7ad2d7d66535d9640de2,-0.23291015625
c390df70430eb15013bedce5ae1074a4,-0.39892578125
30fde473a4f2a68bf7ec00a8d070e741,-0.69873046875
40b4f2ae2bef3650c1f3ca39240c8027,-0.5068359375
0fcff01c549498a550d63a9ffd6f7920,-0.28662109375
bafda61ff1956f2cdfae59c4787cefeb,-0.19287109375
37a8d4c6e7f95f3ca5aaa13cb14c47f3,-0.1845703125
1fcf1cb9a699ca74640c1eeaa1368b7c,-0.40185546875
c3e2c39085128f162bdcc8d8cd8693a7,-0.57080078125
15e00f62a461e485496c2caeeea099f8,-0.607421875
7e7692d9a905c0aa0f673763a95e71e7,-0.73193359375
e29f880b17f62226015ae1199a86ee86,-0.77392578125
37108b60716f0a5b50fdbd7ffdfe973b,-0.7158203125
1f93799707fa2b36d733bbb2e8398283,-0.78173828125
b6148f63d2b05a76c8dd5970c38fd5df,-0.73193359375
fc9b35e234d1c480397952c706a1e37e,-0.306396484375
5a8df409da5bcba870a4796fafaf4252,-0.5888671875
fa8766f0e7d7517eef5a1c609a69d94c,-0.447021484375
34b465b983d60fa1e192005450455405,-0.434814453125
cb9e82773d66c2e82f6296895506b119,-0.70849609375
474c60c0a6e66fe1c092237358e84c72,-0.71923828125
173c78849d1a4cf2090d23ddf160c4fe,-0.84619140625
bb5f9ffd5240d4c6089323bf7019523e,-0.215576171875
046198bccfa7c5c00cd531dd423c455a,-0.30029296875
7f61f60f77766e0f306164d093026b6c,-0.28564453125
a74ca6474fc7cec5894e6da36d6a3a67,-0.35107421875
316ca8feae7208b82622f031e8196f3a,-0.354736328125
dd20699e35a7532a1e63140565ae18cd,-0.35009765625
261f337ccfe70026216d7ccc4c2d853b,-0.459228515625
bf85440cb42837298ca6431206303ae4,-0.362548828125
3165d646853252cf64c8685788335953,-0.3115234375
6b7c0ce463c20ba706b4051f913bef55,-0.2296142578125
1a2521d2e953e19b8fc11cca6f55b82c,-0.33056640625
bafda61ff1956f2cdfae59c4787cefeb,-0.19287109375
0281bd14cbaae4f2aaaf0217a8f92d20,-0.267333984375
ee45748cbe22dda1cd0c50a2b7c871e8,-0.346923828125
41ecdb480228d4a57cdbb81c29e9e15f,-0.268798828125
b635ec48a2e4356f010dd06122411e1a,-0.245849609375
53acf3878815b4ba9bd994b1aedab08b,-0.308837890625
7f7e9b6179d072dfa6f0ab6c52a8933d,-0.310791015625
e3f1a782368cbc3280a782804a3160d9,-0.263427734375
af51692d75569df0609035f4e750bdc2,-0.2371826171875
d2cce9ba4a2cb110e3856ae86c0db229,-0.39404296875
ba6e7b7a89261ecdcce0909a81e1d72d,-0.487548828125
c1518026d4aa0169e5fc42b525b4e10e,-0.328857421875
d0a2865f2887ed379f4d0e794be0b9a4,-0.34521484375
4225ea01a78fcc44c4ce13ab994533c0,-0.350341796875
2febb0cbc50a8fdaa913f1ddf576221e,-0.3896484375
642e322775b979012abe69a14978d2f9,-0.404296875
60c060f95e8f76b26fa615092b617a28,-0.410888671875
bafda61ff1956f2cdfae59c4787cefeb,-0.19287109375
acbc26fe704fd6a3fb9288a5707d0296,-0.2257080078125
35d68ba7ff87343d5575ffd1f2a6ad2f,-0.4130859375
ede144c5f5f3e3e2be7f1ab09b0355c0,-0.50244140625
5226aa12bf32c54913136e258215d186,-0.474365234375
7f393c163e65b8eca8a2b4efdf0ecc12,-0.3994140625
7c095062fb17a5a84ef5bbc8e5fa2446,-0.26904296875
b0982ddb7d5cf276a91616f3845fdbe8,-0.396484375
5607f688a0593c2b6503472d24a79df6,-0.378173828125
56ef9c67fe44e633790537ab43a4a596,-0.50146484375
e78415545c2ecfca28d916086f70438c,-0.31640625
880deae501be657e9461d8ec41ff9165,-0.451416015625
8e34a2d003188b0f67b019c7447b3083,-0.2861328125
e6daf07a26f585b89050fe7180206b9c,-0.20703125
31036e21f27fed70968a74d278f4458d,-0.2095947265625
6721998e2a534cbf2c676942f9eafbeb,-0.241455078125
2529ae5c8824569336653f4b4cbc3c61,-0.224853515625
a1ba23b4b7023658a2906cb0039c65d7,-0.2203369140625
6811acc0f8e9d9938b3481e4f16bef62,-0.2127685546875
18d27f689fbe86d93a840004441da037,-0.2308349609375
7ceb25c2413e7742ec3560df53f7af91,-0.2314453125
bab852d51864fa3235c382a2dfd5cfa6,-0.2457275390625
bafda61ff1956f2cdfae59c4787cefeb,-0.19287109375
f03601ea55e55e7b4558700107971047,-0.1920166015625
cd145104f1434856935b063696d2a04d,-0.2139892578125
fb223b590d72959c08e7436d88b7f0f4,-0.2373046875
3b1ade0e138b8f3ee8993e2e79d25acf,-0.213623046875
2766a3395dafe170ea9531b7f00b72be,-0.2198486328125
cd920481657cbc0632a488b4d0eb4459,-0.168701171875
df3cf9e4a3e9b1dc9541adb7f2814168,-0.1812744140625
31ccb73af85e483f8ac188b2b10dd888,-0.243896484375
705b3428b2aa650717ab29c444692e27,-0.2393798828125
aaebfe385a519a9ac7387fe7799fd7ed,-0.2529296875
529354e22b18ea65cd2fa4f34905ae39,-0.2305908203125
e1d44593ec100f606575f246aff7679f,-0.2435302734375
ce30f4634c35555e6fc6047d39ad2684,-0.27685546875
719e160628d471f0ae893927b4875ec0,-0.263427734375
fe4ac23587d41246080dff106d6b4281,-0.281494140625
0271d2e0330a710b7d1794ae17c55e0d,-0.264892578125
b5dcab83a678d201899778d3b8b4864c,-0.279296875
974ae227cd7b94ff62b71f5f41e4469f,-0.319091796875
db7cdd5ac4a4677bea6203d12d2889d3,-0.2646484375
ac7cc3cfed16a5f6b2b2d7f2e4bb2609,-0.2646484375
bafda61ff1956f2cdfae59c4787cefeb,-0.19287109375
b47820b55a6a062f1a60773483ee4a2b,-0.2432861328125
b1d0746b99b174f5ca52895dde55dab0,-0.251220703125
f6a32398169192a0e789e9b319e3624c,-0.229736328125
127fc6cd746146f21cb2aed164daf7f7,-0.226318359375
6d193a8fa61ec1299f86353eba4634b5,-0.270751953125
b0ebefff0d9fa48730e72f03948e7876,-0.3369140625
7174f26ef332be656fc3e8963741d603,-0.2724609375
91bf718cc20395b562ccca97947af606,-0.2020263671875
369685574832955f7d826d69d77bc417,-0.68212890625
01e5466e5df919510a0f4d63212df064,-0.474365234375
9a1561e429004be59ed15a2207c60451,-0.261962890625
bafda61ff1956f2cdfae59c4787cefeb,-0.19287109375
199de4e675e6aa44173adc9dbc0d6f00,-0.2137451171875
380564ee79589e8f17ed289f91ef2242,-0.28759765625
aa4c4a30b212220a1e8ebdaa1e1fe54b,-0.384765625
8eec11312c371b2f39e8a4ee8e452ed6,-0.3701171875
ed4f511d0d53bbc6248aebbd3c3d7090,-0.57080078125
27c6de1ca6f639434ee7b440f9f2d60c,-0.6630859375
bbe94157e052bf94ab35bc3f976093d1,-0.63720703125
bdab584720503ee056e09d72d552f071,-0.55712890625
3ea799670af8daa3d9f1454fce73f7d7,-0.51953125
0c288c23cc81d6193bf49eee93cbe5f3,-0.2186279296875
39cbc781a765ac4ee78e6b071e885d0f,-0.537109375
e53c4d341c1c83da23c6d4ba0a002a88,-0.335205078125
806c6b75adcc304c0bfe5600f7f22ace,-0.46826171875
a4466531583671bfde9d18fa8aa0d995,-0.818359375
72375101f08b55b3194469debbac6143,-0.5166015625
5b59624976815f81660a1c668bb22943,-0.482421875
da1b7d2fab6ca0adb38712069f2670c9,-0.332275390625
6532ad8a95c693c831d308fa43d4a3e6,-0.1837158203125
2f9fb1b51e6273ffb62410468fcb070a,-0.271240234375
802a2f94dbe6cc2668fabcb20ddcdf0b,-0.268310546875
c02f5f8747b07aea710da265770edd69,-0.2607421875
510b2e5916f5e6c9b88c186abcd92993,-0.309326171875
374a827cb9d1917b9be4b3038f5b0dcb,-0.2978515625
efdb5b2c76d6e67ac5e1d2ff1662cfdb,-0.2841796875
35fe480da1264aaf546565c1a583d02c,-0.5361328125
ca9523f070aaea48530f0f2fa5cb5370,-0.320556640625
d3be63975b3a755b980547891a72d7a4,-0.455078125
bafda61ff1956f2cdfae59c4787cefeb,-0.19287109375
453ec0912415cec12a9225617e93333e,-0.23828125
ba7316ee169ca15a943e9e7f69fc041e,-0.277099609375
cb5449c4d9e078346f1069b3fe4b55d4,-0.25146484375
ce041172ae3098d74463bdc3e89cde93,-0.26611328125
d4066e5d5bb182aef31d29d6f1762ba8,-0.266845703125
72ae0847924f0ca68ba9bb2eaa37f23e,-0.63916015625
f1cb6f24261cd9a6ab9b8ec811632bdb,-0.28955078125
66456504fde4ab0178e38e8598d8fb1a,-0.1322021484375
ce60044e81ae47cbf5d1715c6a176e0b,-0.2666015625
4b71a36db402482c4260881059a4bcf3,-0.169189453125
cbaeaef768ff108b1d6f9ae31d36a136,-0.20751953125
028b4e800631ec1354192a31fc4b3dc1,-0.1600341796875
11d548b7a2ec5ca1276fa0e1a6fc0f1e,-0.181640625
3af158898a2c830b9d003704bdc5e9da,-0.2091064453125
7b98b0aecbee1e25c219691ddbc83ff7,-0.2469482421875
56c3d3e9ab92b5517a3bdc7cfdbf8aff,-0.2132568359375
efe3e757118ffcf379091efd5e4c8655,-0.248046875
b8f34e66b5f1c92a80f75d9238914197,-0.2164306640625
bafda61ff1956f2cdfae59c4787cefeb,-0.19287109375
75b524da35f9d72e37ae48b9ebf5d2b3,-0.1768798828125
f5885497e30f8a666a49a006e5a76cd0,-0.1759033203125
c02ee8fce6a62d46f4be296dff6e53cd,-0.196044921875
6002407a95a907bddaa1121bb3f8ef09,-0.20263671875
e6a5fe3ab23ddf9d4e33e74b6b2b5d05,-0.2086181640625
160b6839e49b0b428d2301dc3a52f3db,-0.1756591796875
a2bd52f8f0fcaa69f4ad815d166f4215,-0.52099609375
0cd752b874c0ca0c694d6d31c163c789,-0.2294921875
b85688d1e1cae895873ebe7e4465832f,-0.1751708984375
8621d5f77c088af866a349f975169daf,-0.385009765625
76c707a3a5555f231541a7f7906bad59,-0.2025146484375
c99dce74367059a6b95e7bfd41ca24b4,-0.18359375
6d710cc45e2c623c653e5ca9055ad688,-0.1767578125
40ae25961fdac42795f3845f34cac3ce,-0.142822265625
6264dfd50218e433b7b85ab83df23df7,-0.26123046875
d230b34494cd4da1138373d4b05a4cbe,-0.279296875
858cf050a9f71fea1de3d4d1711d717c,-0.1873779296875
12fb7660a01cb1a63dc8be7c7257899a,-0.268310546875
7fe999a19c38e2c76561e871d5ed3eda,-0.30224609375
bafda61ff1956f2cdfae59c4787cefeb,-0.19287109375
6bb1f595e7124aaccd84e417d390b8e7,-0.1834716796875
881e0c26cba52479375ed08ca262b162,-0.172119140625
784135ff5945c4139853d28c52a27899,-0.1739501953125
887188994317433eff5390e6d692ecf0,-0.259033203125
8e1ee59dcae9be1d6ae72b40cd3776f3,-0.176513671875
d41a122922f5979525417867d12e3823,-0.255126953125
b6c099376ec6cedbbcdb9050ea206bca,-0.4150390625
fdefd6fd6df83a197847ea617abcea1a,-0.232666015625
32d0017dbff7099f1396893cd1593836,-0.2049560546875
d3ba1d8915ee36bb2dd846cfba350ea3,-0.6787109375
7ee159b07acbafa038d721bcb9599a03,-0.279541015625
bafda61ff1956f2cdfae59c4787cefeb,-0.19287109375
3b04ebe5feaa0814509e0d790229a77c,-0.396484375
396c72438ee5270e5b239a317a0fad83,-0.2529296875
411843c48ea790d51d3cfb9620c1a7ba,-0.5869140625
c71babb24466aa7ffff928c126aa2746,-0.66064453125
2851868fd59af992d8e8864a0ab74666,-0.60205078125
276bcbdd91202918ba4b441ff81156c6,-0.96484375
6cc7f54c74fdddd29aafb04453d114ab,-0.75244140625
239f5e6ac136d228b781d7d97cb5e476,-0.99169921875
bb25cf875d93e7f5811fa36d6a5e3e4d,-0.83154296875
9dcc7238bd104bc2ae2e3104f34f08a0,-0.751953125
fe6dd9cd370ef27beec0b3e7c3d9f30d,-0.431884765625
f2dd20320bf52852424762a6a6ea9a47,-0.494140625
1897cfcb16a070ac431414a0e8b262e9,-0.34033203125
b569c3e4c881d6eae96b92445d4cce53,-0.347900390625
4c0f2134c994e96dee3a8798e5b07aa8,-0.89111328125
50f70bac913247d76357df51e94f7472,-0.7119140625
ceb8021ad952e1b840d72c77d76bba07,-0.77685546875
8f06be3e18136c72e8a0dea71c777bdb,-0.2568359375
d9980e16e98e29e0ec44e102e4552365,-0.206298828125
78a3ea5b9ec83c55af24514f37902f0a,-0.2064208984375
7dc29f0cc928b7c1e2b2fd57e79924a5,-0.2344970703125
53c171e1e54a36e838c3c839db540888,-0.2110595703125
83090d7d281e181c1bb3bf17a80e4246,-0.275146484375
53b3ebf29f88f17c609f7dfffbc3c3d7,-0.26513671875
99be574248f0e9303464587b9baa9825,-0.208740234375
6730aaee748d710d12377609047dc05a,-0.21728515625
432b54864929a5a66f160197818df95d,-0.158447265625
bafda61ff1956f2cdfae59c4787cefeb,-0.19287109375
56b623ee32a046202b907212ac4d9906,-0.2073974609375
6a8380e31885472742cb74492d6b509f,-0.1488037109375
145d25f3511b27796d2fe4a9a90c2b72,-0.25634765625
fd3251b3c257bfda279d3660895d7334,-0.190673828125
7ac84bce35595e0a597a6e2bdbee46df,-0.1541748046875
803d05aba8c9080f893313d6e30a56ae,-0.2412109375
fe8221e6f230d199448f5b2cb2ec3a3f,-0.6396484375
483f78cebe24810582016bbac02251ed,-0.1568603515625
08f534afbf68e59f95498252ff0789d2,-0.145263671875
04c6f3a080b4847848a1710f2f24df03,-0.3193359375
8b1b6cd2148294ad4de4e255eadabba9,-0.2342529296875
1a083bfaffb23b966fa6ccf6f99107c5,-0.260986328125
88d0bc9f54b1279b2b70ebf6c55166c2,-0.2314453125
37d8195bcf4025fc3c5d014db7d9e9e7,-0.2359619140625
d892e5d1f6fda830a6915bf43960226b,-0.277099609375
a19b3df6dcff5238734dd056a89aa2c8,-0.3046875
dc6af51d82d6113a91c8318907ec6d84,-0.253662109375
f95139cc761e072bebcf3749b3f32022,-0.399169921875
4b1b29c357521b69770e87a52bd9b999,-0.2470703125
6e9a62208d4cd2263d45b20a8d0a2376,-0.291748046875
bafda61ff1956f2cdfae59c4787cefeb,-0.19287109375
2a8a780f015cdb5e0bf411a120debbf1,-0.21923828125
5c204ae37c46615da5fe866c8bb78ad6,-0.245849609375
8beeedc55a1b0d2b584e8e430f5b9875,-0.252685546875
2de72299b467c3c16231b5a0c168a3ab,-0.25
6b62ae65bbdd7dee3dd0f8e2c2119cdb,-0.295166015625
249e189ed4ab3265549032a53076dfcc,-0.4697265625
4c6a9283cf271e8ec6a43f44f8228e5f,-0.2666015625
3dbf92caf1d62f9165bbb20f832692be,-0.1773681640625
1d2897965233d400acec031ad5cc16d6,-0.6318359375
c7992a4004dfa26e7272ccf520d632a8,-0.227783203125
de6e5f4ed1fe04da55d98a0cf9dff736,-0.1502685546875
bafda61ff1956f2cdfae59c4787cefeb,-0.19287109375
a5361dffc06b7edf513e0fbf849dc59f,-0.11798095703125
94de810514c445e2a0b5316eeb5091d1,-0.280029296875
83077ed0352e015be351e0bd7de4725d,-0.42431640625
60ba88ffd5577ff246bfbb8acad2d2f2,-0.342529296875
86b1afb4a9ffe3ec3209118f4eedcd3d,-0.78271484375
cc6ae8506b2780140a3438a537105b3f,-0.493896484375
1d04b7a2fe495b3a796b32fecb87563a,-0.76318359375
eb58112b3a7bfd0013179240682fe8bf,-0.257080078125
e0c9744b9d57174768fa2bc3ce279c03,-0.4599609375
e35646fc752ce78cfdf8d4ba4df7152c,-0.2354736328125
534643abc8a29864c5281400e7f7f1c9,-0.420166015625
424997403b88a6abe3441102d81b2dd3,-0.2276611328125
9c3af4642237e8d0fd7624f09c15ac61,-0.29052734375
ed9f6b559191812e73785d68033e0d4f,-0.76416015625
4158d80184cd09302f51b497bb730797,-0.399169921875
2b81b2a6cf68dfacc711dc279a58072f,-0.2939453125
cbef772f736461e06729b13fb2184a50,-0.43408203125
bafda61ff1956f2cdfae59c4787cefeb,-0.19287109375
da7f00025429e29fa8da0d4301bbfb88,-0.18701171875
43c4799d0e9f4b7a9dc4bcf52d57f95c,-0.39306640625
5f06f751b210e0dbb737f5a164af6b71,-0.26953125
9cfe44ec3e97cd41e8d28e55e88a020a,-0.361328125
b28d6a8a1b9e115d8fd7674b19d98771,-0.41162109375
1a5bffb36648c58bd4c3e8d29933f1c2,-0.42333984375
30cbc9767b37ede8f982fc040431f6c8,-0.7548828125
5893e57026e74d2fb873b38db13b45cb,-0.38623046875
05fc6a0d56e7c9996d7c09556b349fed,-0.703125
6a02f741ad7b719a389da628fa225744,-0.5830078125
ba935343301d1f4ae7a2a4dddce54587,-0.50439453125
4b330fc5d943e962a2a3843690a11265,-0.3564453125
43c4ee2a2fac45e3e0ede326c69e272b,-0.274169921875
beaa21a167fa8deb1427ccdbac110ffc,-0.2352294921875
d40fa4270650e03d158c0a3747008fa0,-0.3525390625
b5317730116d3e44ba4a24b8a167a75d,-0.73583984375
db45fd47c471ce3901ab0252faffaf9d,-0.5400390625
21f671aad27d0e977b87d9617bd4a513,-0.53125
2d3134e66235f2be1754c42b60ecc3a4,-0.35546875
1e1ea66c811eb8daacd9f359cc1f462f,-0.27783203125
530bad03744b9085306f48ed23701ac7,-0.1961669921875
bafda61ff1956f2cdfae59c4787cefeb,-0.19287109375
8ed98aee5aecbc5670d5eaeeacb8648b,-0.169921875
025dc5a38a1c126e3ca63e389c701aaa,-0.2203369140625
bd6837cf1bcd6d0583cddc36569b3088,-0.286865234375
ea33e17bf8b7457441798d89e19bb9ef,-0.228515625
2286f5050c5fad3c8d346e4280c7c086,-0.35205078125
960d6a77562d45617d9e662e7cf8e6db,-0.3125
724e6af64130d9c1f373614047b684df,-0.3408203125
cee6727ff42dd7fb82e4e509c966dc15,-0.29638671875
f31ce665567f450172b7c12969b45c36,-0.261474609375
a2b72c5a64a0664bf5ae2d572e530632,-0.2098388671875
6cfb0a834b54f2aacc89c7d424ce8d63,-0.29345703125
de2b4dd1ba4e5bd08f9da6a22e92e8f4,-0.2783203125
7b32666b1f783e965ebdcde951e0e7b0,-0.318603515625
c8971ed3705f4e851cf255e9df21c681,-0.78076171875
a28d3c5bf99517ebca9b5d59d2ed0a90,-0.246337890625
41f413102cf1a83df9dc78a097511863,-0.207275390625
8ae3d0a8f2665ff57154c533c79a79fc,-0.268798828125
434f62b0483b2ad02385db5e63b49158,-0.1878662109375
77a71ecc75dee7b5f7a7435a9e9ca31d,-0.162109375
1f7b4cfbd56aa6163b2be304dd23e512,-0.1448974609375
aa644f8aae3202a129e3cbd2fe087c2f,-0.173095703125
4f18c83f7ff0cf91dc64d27be83f09b3,-0.29443359375
9d7e83e236a00573bb8af0b5a503ff0d,-0.34619140625
ce7142c4ebb41b42077a55b2fb93f62c,-0.25
8fb95b3e26a2c23d9fc5117eef3bec6e,-0.26416015625
92667e077eb966d8d791ab87598b2572,-0.226806640625
bafda61ff1956f2cdfae59c4787cefeb,-0.19287109375
72d5fe47c83d82c882f3a78bf2fd2c6c,-0.1182861328125
1e654bc0518e08b5c39d7424bed006f1,-0.1329345703125
d6e3e5476b7f8ee26fe4902c7082fc22,-0.1712646484375
752d9ede2839794de3dc9e2b59f74b41,-0.2115478515625
43b86de5e72d7e663d1edcd32dc3574c,-0.1888427734375
7d0c821829433c5c42ec0cc66a906e20,-0.2529296875
79d01379edf4814d6ea2967c80e40dd2,-0.55712890625
94a5b6a6539f7b30b28a5a5bf1296ac8,-0.2403564453125
8bb2cb3b7c0a34cf242f9258b638e156,-0.133544921875
b0f29852069774eda4f836a62c0575d5,-0.65673828125
1fa1756c0310d6feb9ee2927afd3c325,-0.385498046875
bafda61ff1956f2cdfae59c4787cefeb,-0.19287109375
e5d95e0d2c8b9c465bd8490a2360cc46,-0.2071533203125
eceb98278cc8e6ab669cbb961e828e76,-0.1297607421875
da2af4aae61748a6bef81e6ea0813935,-0.391845703125
e5c56b48c17ea299bb8d1565c614e3c8,-0.43603515625
551242e73f847179bbfbd9a701e5bac5,-0.496826171875
9d28e5610c686b305768d650016e5e5f,-0.9755859375
fb6f827763b1522579c23eb58c78aaf2,-0.50537109375
ae6532b65d0369b947023015794d9890,-0.9130859375
cd667350b4b1ebf35fc285d2cde3c54e,-0.6357421875
6549450ead38a917feb1568819d0c412,-0.4921875
ebf33b7e6fb923046f55c04022353a3b,-0.2059326171875
ababb494f4fe0707c1e96838d59803bf,-0.487548828125
54339f07ef9480ea5d85f5a7762033fa,-0.315673828125
5558483aac3854a32d35cd2a37f2a9e7,-0.4384765625
e2bb4d860451fc40761c81845e76dbdb,-0.8779296875
8807e7b2d447cea628cb8896d1863ce7,-0.491943359375
2b3c83cce27cbcec3f4b917b9f9fa784,-0.5185546875
41f17d6bbe4e7f233ddae0f31c669a06,-0.43408203125
bafda61ff1956f2cdfae59c4787cefeb,-0.19287109375
7f073bdd75d236275a7a4e2deccf1a3c,-0.2191162109375
6f42e20a5c6ea96388304f04ed6f353b,-0.1270751953125
e52c65b88a7ed0e3f0a7a35060aad754,-0.1751708984375
46b25ded2fdd06217b9f6813e43f206b,-0.3076171875
146e91ff12cd12434c1e700b0bfcd4d9,-0.318359375
b574481da3f9c66aaab2904d826c9cd4,-0.337158203125
5b1bdd87c740d9b41464bba5d4e8a835,-0.70263671875
393c1e2966ac7c7d0b340853b7f5f446,-0.474609375
cc3955d652f360e3425d77ac47ae89fe,-0.5546875
fe4bf3e86ef25fb99e8d31d918e7116c,-0.400390625
43b49067f79a50bd18a9a48bdab62efc,-0.396240234375
d8d84964f11d3f9bbb2e58af4730c119,-0.1920166015625
6e6171fcc1bf6346c55a79020d85fecd,-0.298828125
f2693edeb9799ed272984fd16a484817,-0.27783203125
21aae7983f7397a7494ddd2a7ca4a154,-0.30078125
4b63a18d2cc1303c08a53339df8aa4be,-0.72412109375
3e04f023169ded7cf794e07bd248f97a,-0.42333984375
fc6a713031061e578c324d26c47dd4c3,-0.2978515625
cff8046a58ec07cb5be42471bc7f5e95,-0.2298583984375
53249892fe9388fad8ced23fce0fb737,-0.1495361328125
5f9d97209094544debaef393abc02bed,-0.248291015625
eca833081bf21402517fc6508f661f30,-0.19921875
f0ee4328adf74e96b438e4977d82b682,-0.268310546875
aad7a18e6d9335bd63a04c8b71a04a9a,-0.25830078125
cd32e495eae52b6bc32c9971475038e0,-0.295166015625
b31c9c7a4152e3884adf3defd089288e,-0.2283935546875
cc86f6a818b49a0c2b135962c95a276b,-0.1824951171875
3db9c7ba01407fb17ea016ef7a3de43b,-0.197021484375
deafb7851d8727ce97890627c5cd9a40,-0.14208984375
f481d2ceea89636705c49ae6c3cb77a2,-0.2135009765625
bafda61ff1956f2cdfae59c4787cefeb,-0.19287109375
35d493e947412b7a2af5103f3a1f3960,-0.2091064453125
cbddde9c81ec6a35a5e60d2371ec2150,-0.1708984375
838154ef1fd7f1c7b93fcfbcaeb810de,-0.2083740234375
06d0e5eefdf6d5f965575250196a929c,-0.322021484375
b6f99c83281b3b39f353534569cc4b1f,-0.82421875
760b0ee556d4b2bf341de46f56d96be0,-0.237060546875
88cd64c424ddafc15b3bac1638ddac77,-0.1900634765625
ec0eabe83da474c42b06a643f6b5221b,-0.3486328125
e81923270eab85d4892fc85fbc241f27,-0.191162109375
a0db8c12544866bffe5e69cfde6e8420,-0.1923828125
da6901e535888543f509d47d7c41c807,-0.2802734375
bafda61ff1956f2cdfae59c4787cefeb,-0.19287109375
ac8193602973b7af579960a858b1d0b0,-0.1588134765625
11ae80dc200447ef335df7588d480a3d,-0.258056640625
39ba08cddc01fc566d1fb5800817d4f2,-0.1724853515625
1e616b041efb9a62b0486faaaa84b893,-0.351806640625
5fd8729b06640d8dd863752356759517,-0.209228515625
ca0f115189f39a1d4e4ca4b1500892c0,-0.3623046875
1071e7794655551635ea96a25bfc4a16,-0.2454833984375
ae40ebfa761b1f9dd345506c9f743502,-0.2705078125
de5b4e0799f443dc0cd6dbd300b04b0a,-0.302978515625
c2fde4ed901b2d1579581903f8ddd557,-0.2509765625
9cf41adf552d77e6abba768f85b60159,-0.237548828125
26aa2987f6765b9c0b5b9eb84cdd7e0a,-0.262939453125
91f93c296d95e03393924ebaf5412964,-0.7294921875
e83f46953c68ae3b7694d06ff5c4e4d2,-0.205322265625
03f75b62599b45acf666ef5b733bcd6b,-0.2158203125
ad5d1d51ab5f06f4c9350b078aa99205,-0.34716796875
5e343afec9771436cd3652aadb81b2fd,-0.210205078125
b13fc225278de0245e114fc72c920e81,-0.10565185546875
369a90bd5748cd3507b92f843e1aaeeb,-0.270751953125
4c70ffd816f6aa8042a86c142435bb4c,-0.07177734375
2c0b49229c116e00788e723ac47066cd,-0.39892578125
d4a9428690cd59387cb8768ce0f4ee0e,-0.447021484375
aea2e2cd87a8988c6eb0b2bd1967005f,-0.45263671875
9dd3ad0b65a9306b4cfefd6754007677,-0.8251953125
bb6e3658985d0bf342d6d5e5172e09a9,-0.4248046875
795dcdfbb2f9972c2f859eeb75ce8c1c,-0.8125
09233b4bb31d8ab2b62a1bfa539798ac,-0.70361328125
93fc14c392a7ca93b3b2d8aabf97c58d,-0.462890625
5ba3e003e7639ba38e4f893de5115da0,-0.264404296875
cca0b20b71e5f243e021baf037036a6c,-0.268798828125
bafda61ff1956f2cdfae59c4787cefeb,-0.19287109375
6335cb2e360b45b7dfde3cc14802144a,-0.2939453125
e2e658b68d49353733a656ae81474cfa,-0.6015625
4badfc07cbb1e1fb48a095e3381fabd3,-0.4921875
c823919ca2a6c2bcbbbfe2e2f43e63f7,-0.5478515625
41ff58dd030fb1897b1a1e9658d1781e,-0.57373046875
740fae3d9c7e838f9b4c0bb5815fe2d8,-0.346923828125
62d4fc66a41c42a519ebf96b0d6db276,-0.287841796875
bafda61ff1956f2cdfae59c4787cefeb,-0.19287109375
46bbbbd0663e62325183f76c79e09296,-0.27490234375
cd5bc4c8044a60c903919cbfa541525b,-0.1336669921875
bf566f9293c3d2cf46bd5f5e0d803302,-0.129150390625
8634dd2b9204b140cbd5cfd120a47c7f,-0.1328125
7daa2e6c03fbf42db80b7bc3017edcd1,-0.59765625
640cfa17e6084432829026f76db49ef9,-0.5087890625
0dd2b3c0d19c2306c4aa0317d729632e,-0.479248046875
ef59c89d9c66769b2f26a484c94fa08e,-0.479736328125
79f48f427317cdb87aa5014bb5bbc848,-0.408203125
9fe372a167b4e3ed6ec4c7832d4603fd,-0.2000732421875
daf32f036fdebfcad18c5bcac140cec6,-0.457763671875
2f118f328893128bd519c5095865cfb4,-0.424072265625
c3dbdd28687315d819b080bca861235a,-0.39404296875
9eb6beb5f16e75780bfaa88fe4ca2fec,-0.783203125
b780dec877fe79cb2f001e16cf155d4a,-0.36083984375
5a92847bddf2412bc32acad2b7f0b1af,-0.39794921875
2d2136e4d47d1c5403aad23cc632a85b,-0.2822265625
ddecaadf91fe7cc738c95b83951da744,-0.1826171875
aec74750ea8ed3f0bbc96b60f56c7f24,-0.197021484375
dc9a41b79db7b88e49ce485969858043,-0.197265625
9335f4d7a9a4ac901eed6e32c0611752,-0.195556640625
12a9cc3588667b5153bfd123d678eb26,-0.2449951171875
01e0740825e27367ee4b999fff32c819,-0.28173828125
ba6c5c1510a15e4234974f4e27ca3e25,-0.2354736328125
44fd94d00a5a9b115cfdd76ee23c747e,-0.20458984375
b34d0482e1bd504cecb8be9089d3da27,-0.184814453125
a51b2e54563d770be422544bef62e5f7,-0.1768798828125
bafda61ff1956f2cdfae59c4787cefeb,-0.19287109375
1303e6b5d235ecaee7524770d4125361,-0.1798095703125
beed89c8eea34fefaeef53a9538565b3,-0.198974609375
3aedde2d69a2d2329856af710b14f336,-0.2152099609375
4468c19ac428cb6d7ed4eb7f9d39e04e,-0.2103271484375
97dbc5733f446ff1718d540731da5188,-0.2919921875
35fe80b7ed8c81928fb3f0fdb754e1eb,-0.445068359375
25754ea450da0fbd4645bfe9cb6b9adf,-0.2469482421875
d1b018d25989c95803e1a9b8d09ab0d1,-0.1639404296875
6069b49a3e6ef7560cdbaa1ac14b29c4,-0.290771484375
d8a535ce634d4be0341c616803ad726c,-0.20458984375
987a52eba99b7980584c27220321c530,-0.18701171875
626c21027940b038b064a45ace9bf965,-0.1690673828125
10fcc478a3dd35561f782e96a77c0901,-0.22119140625
599c2f349cd635b8d37d5b9b9b9aad95,-0.1995849609375
73622a50f924509bd850b1043d2a8052,-0.192626953125
195289d1a7bcc8b593930f7ebc85fb18,-0.179443359375
e2ee11f021ef19ba81709b27ed7953e1,-0.21533203125
cbfe53c1e5e02e1295b0770d07cee79f,-0.1591796875
bafda61ff1956f2cdfae59c4787cefeb,-0.19287109375
7df58d9cbc37aace0f41499e33a9a219,-0.1474609375
59e6da2dad755dc84b23dc2546f0e59e,-0.186279296875
6bcfb646f2b62a30f9b80c5e85a7fc5d,-0.1932373046875
65753780ffe1c168001a171a44f64f94,-0.2208251953125
e0c4738b591d2d34ea3ae2cfe276dd5f,-0.2149658203125
244cc062e57ea5291fd9cf6f4f0cc41f,-0.24365234375
7696d123a82efa4f525f2cbe15fff129,-0.55615234375
57e5c680c015515b134a7e1c671ee8a4,-0.193359375
98b73dd39407b050dfd565d3464e65fe,-0.1534423828125
a9f4f8843fd83f400ade28468510f821,-0.289306640625
bafda61ff1956f2cdfae59c4787cefeb,-0.19287109375
eec3f10dad5cc6c5ea2a23c125b90641,-0.62841796875
abfac96f8d60012cc8e2bf0e21f86eee,-0.68212890625
e7fffb09bd63b1cda5859795ad24fdc5,-0.6982421875
178dcffde2bb5e4e3ed8e5653d4bf16b,-0.56982421875
4a94490a42e584a92f10bc838fadf19b,-0.48193359375
ffaad355a7e804f9c5f319b8e84d95ab,-0.5517578125
e0721a859356463f7dc3edad53fc5e38,-0.85009765625
482da50c56cd97e5fc7f13c8eb0e5d71,-0.64306640625
e3bd3f971a5a70f4e2700a427ccc3a38,-0.94140625
e9330a79ebbf6ce9303814bc923b7655,-0.8583984375
5ab32fd5ebc60c1cad06f41214108cd7,-0.74169921875
571bdb8a4b6b13ffe83d6a2172e993cb,-0.57421875
89979d602e632c7765dd7358e532df32,-0.294677734375
853a474be7b5aff5d4a63c84133f4643,-0.52490234375
2d7d8a0fc82e8b37026ecea04733111b,-0.38916015625
139f4b3a2228465fdbebbebedde39518,-1.013671875
012f1880ef926c9cc65e7c44e409c831,-0.57177734375
b6c24b061b883e43634eb6b8e3349307,-0.841796875
f5113617d1e5ba191e28b1dcd4f4361a,-0.61669921875
54074bbd25904b88ca4e1e474c0b3116,-0.52001953125
9a8e6024639caa01a4f296d22f6a7675,-0.472900390625
8e8655da468678934aa61f0b5f62a401,-0.35791015625
ee3c6892ac3c1f8efc213ea9ca18caff,-0.45947265625
bafda61ff1956f2cdfae59c4787cefeb,-0.19287109375
2e3b3ed0e0cf051f7997b82c04514afa,-0.1307373046875
d657fed1836e5d35b199c5f9c983c3c2,-0.1754150390625
873a433afb59e55e43c86bda3f119b17,-0.52001953125
8c3bc86f9b782df7e7e753b677c1d06c,-0.51171875
a5f3064298f6447d39c3d13d3ca3b6fb,-0.58642578125
f5cd2799bc835481de6b95c626621daa,-0.5712890625
101111a6ba144170d131168d57dab5db,-0.501953125
621dfe35a759bd17dfaed3533d9776a9,-0.349609375
81b0641c1fe5a883c156adff9d5409a6,-0.53515625
36a4d7f9f0536c396f2b39d2757454af,-0.46142578125
2a5904d5ea6f97a566484a94093ed292,-0.46826171875
b9f51881f0dbd61a9f761a37bce79b15,-0.78857421875
bec7b350b57a2a72bde98b051ba56adc,-0.3935546875
5cc30a900b0c8d81b8f5cee1c99b3278,-0.5302734375
09dba215d985398ad74ce705b5f75357,-0.380615234375
93303f51b85eb6f4c6957622da1b9593,-0.3642578125
e8c92c0ffe65368d768fcf60aa52895f,-0.298828125
4673e86354ac838a6ebae311f70d2cc1,-0.389404296875
8604a479f300150d6a816f0f5c760842,-0.3515625
43434e7918ddcfacd05c227fa91aab1e,-0.373046875
5b1612d2919a04845f1eeefad6b7ac3c,-0.337646484375
0720f455011d66e316a7ad8e0b801612,-0.38525390625
bafda61ff1956f2cdfae59c4787cefeb,-0.19287109375
1cbe8acc837733425e6395f2fe994601,-0.280029296875
41aa7c0a879455f8e541f678fc458791,-0.2822265625
35902b41a6aba91ab882a2bd2210ec54,-0.430908203125
a3d5872b01fffa748e885880bdfd873a,-0.36328125
888d91501587abd0559055642b2b3980,-0.37939453125
e3dfe4f63afcd5bd981403035475a5a3,-0.337158203125
e58bfbbdcd2fbd36110cfcd3a92c49d9,-0.345947265625
d62af8735521a90211c99be1ca675e6e,-0.36328125
0f8cfb90a1419a0a83f55003b7fa9fff,-0.60546875
2aec79e5129352b5d44f094eecb243f5,-0.327392578125
3aa1b2f99c6a095dcd264745732a74d0,-0.41943359375
bafda61ff1956f2cdfae59c4787cefeb,-0.19287109375
f48566af5f5666c6ede32af539e4e50c,-0.3486328125
136128326aa6c2504e1f320c73023421,-0.378173828125
784f9577cfcd18e69786c657b39bf509,-0.40576171875
4c641c27bf3e98d7e53cc0c4abbe37ef,-0.386474609375
155cf21af1510e595c7f0ac1d3abe084,-0.4052734375
b5125e478d81372debe9a1669c201dfc,-0.37451171875
9993d297ab22a9dd5f025aa227520d4e,-0.38427734375
c9142e0784b3896ead58117adc4ce5dc,-0.286865234375
63e90f0103e6729518748f716652f2b4,-0.2802734375
4cb9db2c808cc887c4170308a45ef79c,-0.27099609375
2f786f5545808669b471d4370d69e6d3,-0.27294921875
3dc62ad61bb9145db8441d56c4db694a,-0.30419921875
fc10b4106d2cc3db2f5eb90e1b766e00,-0.373291015625
ec4ad102f75568b04cc9cca8bd5e34de,-0.310302734375
89f428742f2c7391d24af9cf9c704963,-0.297607421875
b4ea176963f316aeaced25a69e553011,-0.416748046875
6124fc2ffe20a264bc353a88926639cf,-0.358154296875
bec28cbf5b23914b7c97a45eb6825ed0,-0.31884765625
2d08a5d6719bce54dce3251876594128,-0.3310546875
3a544571f6e0b5a488a2e7dfeee25d1c,-0.16796875
d8deaf3d5c8d1c7b5444d3edbe945786,-0.23779296875
bb7b52375252e6321e170a7b50bd1ed1,-0.2218017578125
296c0f55f89abbdf9d2fec00839183de,-0.249267578125
e340d3c8cf93f51a9cec80c53ac8da05,-0.21630859375
af9ea5222b98288b9481ebc83f95c574,-0.222900390625
2849a5b6ff7110cbfd55b50a6803cba8,-0.1812744140625
1743c789f7d9f2500c9ab278e9a78703,-0.2178955078125
36e0cf337aa6551a530abba8bc03346a,-0.251953125
0989b27b9657428a2c24e3b8acdec0ec,-0.1688232421875
b833c57ddf0660e4e9bab1a5860e6897,-0.26806640625
f35591d336489b141541c4112f6b996a,-0.169677734375
bafda61ff1956f2cdfae59c4787cefeb,-0.19287109375
ce31c4ba723798167f738d2390af6e82,-0.2347412109375
4bde86de26b1838fceeffde223d082cd,-0.1795654296875
1e8eb3364e3e8a73b301238535228dac,-0.1693115234375
9871551f2693ed59465602768be6f9f4,-0.280029296875
87372b041d96366704988b0b4f6d5f72,-0.348388671875
1614d819d38c70e6de42b076b5ebf596,-0.1800537109375
cedfff788904e1641612082975e8fd30,-0.1544189453125
08fd7683639edf03b4a198f6af3d1259,-0.12432861328125
be1ac2244ba5540b265aeb3b4853a9b4,-0.265869140625
9caeea074d9d1d3695a71dda078985ae,-0.25146484375
75d8d49bb7c34a9f74002f68ea885147,-0.304931640625
0ebd753df28d563adf84a5c6460e00ed,-0.260009765625
55f68d6ae27fdbcbd340eb802513015d,-0.215576171875
cba60cf676615420cf79ba59671ae86e,-0.1546630859375
09b1716e4a35476669b3cd2f6aa1ee07,-0.1807861328125
e2f83623aa45350f28132a7d088a5f4b,-0.393798828125
28998d72c7de5dd1bafaaeb5ede36199,-0.256591796875
dd787cf59271541139f9df28eb4e072a,-0.399658203125
ec4625d2b1f4b81f391284342f640f10,-0.36669921875
27e93e731c65f9c426391845821d947d,-0.353515625
803c69dcb000243dbad7528b645f1594,-0.2366943359375
bafda61ff1956f2cdfae59c4787cefeb,-0.19287109375
0e303c227fa215ed2d1eafbabd5b8262,-0.282470703125
893652450bf0bfb110920556fd7c61d7,-0.42724609375
3ad52de759c425fd7fa91cc839f581bd,-0.54443359375
845042b1a99087a10b9d05072e548aab,-0.2978515625
67521f9d424356d44c707c56e5631de9,-0.259765625
4ea3cc7be3bcb04fc0f202956a197a6c,-0.452392578125
027aa5136615914e057546bba527c451,-0.380859375
a7902d423b7fb36f242cb06357469e1f,-0.189453125
bafda61ff1956f2cdfae59c4787cefeb,-0.19287109375
732d919a67bf7cb49aa20d1cdeb53ea9,-0.1851806640625
0cb27bf4995b01cd91bd6fa093abd68d,-0.21240234375
6da2fd1b4e47e4610e551231da207027,-0.20849609375
860fc6cf2e8068422df227416b803b21,-0.2568359375
8c5f80093c120d7d83e9668e07de2b2d,-0.65087890625
24b21618eeb855fc22e8cb689030049d,-0.56982421875
bdcbc82f937dedfd3a0620f910be9386,-0.685546875
ea76ff7c85dbdb00ec92eb5686d55001,-0.564453125
6b5af37473a59b171c83a461d92a62d0,-0.484375
79b83caba3748fc5f7b7ed5b441975b4,-0.196044921875
4b900e3a5671968f9353e94c3ce029b0,-0.52392578125
26d8703dea6ac87dc285069b9ee448af,-0.35888671875
2b1b9abdff062f6bac528f372e414eea,-0.455810546875
b79d13450c34fe686f445757e8cf3af4,-0.5791015625
33b81401fffc241b8c41b8e1ed999f43,-0.44677734375
15edbe5d82ed3cca73d272f89f5593bd,-0.32666015625
261a7709c8a534b5519f6475bc34497b,-0.3154296875
673699c320302ff2b094717efce7fb49,-0.2103271484375
acf3f2f0ab9b3591a92d3dffb502a51c,-0.1732177734375
df7345ac48f32d80e45ebc4230c5b7ca,-0.168701171875
bafda61ff1956f2cdfae59c4787cefeb,-0.19287109375
d95a78d48d8bd2ec52d3089d88a4b721,-0.109375
54553f115392503ddfbb13ebd5b0f313,-0.0052032470703125
fc0c49f09269cf32ae27ff4e7011dbb3,-0.09503173828125
16e5cdf7cd1c26d79004c8de7f1fe189,-0.446533203125
2eaac087960a2b45e4eff31f98bf1aaf,-0.306640625
a7efb18a6f882bd118144def4337033a,-0.373779296875
bca12f8ef65f6475f2e9f0d33df9daad,-0.255126953125
c3653e3d0d56164ab33bbc8f519fd366,-0.28173828125
413af28ca156ff2e2020abf693237af5,-0.192626953125
866560b0e750e669f2d224b4726e188c,-0.241943359375
2d6a7d84254b200df5ad6f15a2677993,-0.1834716796875
d6f5bb44a0c54148710b94ee21dd420b,-0.30419921875
2f59cef87c7c9194d151789c882c14f9,-0.33154296875
0065d15bdcc4b5161c69d638c8dc28f0,-0.258544921875
eaf9e5b5cc4a6eab75fd270adb631b7b,-0.1915283203125
76a1ce5beb1fb299d88b8e32889cadb2,-0.21435546875
7d7b407ca449dc697aed041a53d8088c,-0.275390625
905496f8f21d05a9e4b491d5c818340b,-0.1982421875
04b3002fca78fcb53141f5c321d486f8,-0.25732421875
71133f1f8f032ee490b947b364882caf,-0.16455078125
d9e0dfa04d873ac315c108f7eded1212,-0.1842041015625
c35360da6ca3858d54f84d04999dd463,-0.1473388671875
06235f1e1d892d6b5b9e679b99023659,-0.2125244140625
1a9e6c4d51695cd2c05220e5907963f3,-0.338134765625
bafda61ff1956f2cdfae59c4787cefeb,-0.19287109375
178902568da74d1e22f2ebfed0cb6837,-0.351806640625
87d6b7da02ab7b6375b310bf7cbe9976,-0.38134765625
6a729b79f47dff0312a1adc51ce4e890,-0.360107421875
9c1fce993e45be566265d331bd5bb7e5,-0.27099609375
c8ab182c0abc6c6a65935374264f10d2,-0.1986083984375
4c476dc149d2495855ac361d154650f7,-0.1710205078125
b05d9496e09baf85f5b882494e6be533,-0.404052734375
9c18324728eea41097f015ee729dba3c,-0.489501953125
f53e6c4c7f0479380ff09702b816d997,-0.2880859375
6c7dae623579a8b85ef7457df76c6250,-0.365966796875
4c47055a306876e8a58f9bcfa36d80cf,-0.1536865234375
103f0b1183d9e0c7096e1210589b56a0,-0.1998291015625
d7ea884a1c85d112144adc1872da7d71,-0.2008056640625
c4155ffd9807a5c27d4e8196d1c684ac,-0.311279296875
ba2815b57ee8bc7fd76385d21c15942b,-0.288818359375
b6272b68f3945bf685da215c3ed29220,-0.341552734375
cd46ea81023f9119d00bda6c23bec6ea,-0.265380859375
f66de28ce07743ddd35b0492a5bd0cee,-0.3193359375
db6011ac3356a6c8f415b42fe6dce2a5,-0.261962890625
1c3fcd1556491a61d744566954df1d45,-0.342041015625
bafda61ff1956f2cdfae59c4787cefeb,-0.19287109375
b59deef92b9e7d6772bc8d563d58e8b8,-0.335205078125
68329556e13c4bfeb1db691bb2e6958c,-0.2015380859375
f4be164d6a15b5eac11fd5567a42052b,-0.2332763671875
053505f037ac80a34dd5a9d4e607dec2,-0.2176513671875
bec5a1b58146b434edcfd187a3fed959,-0.238525390625
2376638f3e1cf4ea614637637328ef7c,-0.41552734375
82b6527ce88c8901c92db4da3cfbe8eb,-0.61279296875
8ead6785a5ce28f461540e07db7dbd95,-0.331298828125
34bd4c6859b2b3302396d38fb5202c46,-0.360107421875
62dc0ba5eef8bcb006bbc3945a3f0200,-0.28564453125
8ac0d7eaa976a6411ff6bc999a51dfcc,-0.275390625
2e197ab8ed22aafff082dc177d5191c5,-0.1534423828125
53f1f4f9b1eab5ff96f76c9ec1f688ca,-0.222900390625
416e1a517022c85b168fba55b8c5b8d9,-0.1380615234375
dcaac2d63f75f67381115cbf217d54cb,-0.22412109375
b0d00bc846358560c196009f3560f3ac,-0.1387939453125
b57fbbe488f458ddc77c34d845bfc57b,-0.1810302734375
bcca0211323c062b261401c1661e0ed8,-0.309814453125
8625e2163ae1b51c3ec0c6804ee06f14,-0.2685546875
3a262a5d5554cbc0e5e9f35f92e39d98,-0.258056640625
cb7af4becd56013c7db3713eed1166a6,-0.202392578125
adb1390b6a87597e2069d73c02b28f3a,-0.2164306640625
bafda61ff1956f2cdfae59c4787cefeb,-0.19287109375
38f7229898e8cf23221f14cadc7126e0,-0.2376708984375
317b1a589dde12bbd7b0ac2e3083d3eb,-0.2176513671875
c03dd3d2df1e173d5a444f63ec1a7c94,-0.335205078125
7f4c3b8e3a3fb60d8cd1171f682f052e,-0.474853515625
37af8f7700d761db49f65d7e2340ea84,-0.240966796875
51552ca7bd19b1ff6fa50979d38a75f5,-0.1744384765625
318de9fd3fa93ae165f9c8e0e12fbe8f,-0.2861328125
d7f569b9b6820cb82ec5cebb4b6c6be1,-0.310791015625
41fe804a6e216bcc823da79ba5d2a7c2,-0.1905517578125
d7c4fbc6c62aa5cd61918f285f278a3a,-0.215087890625
bafda61ff1956f2cdfae59c4787cefeb,-0.19287109375
b12572070ded222810e9bfca74aaca39,-0.1776123046875
2186b603110a79a4623b6195dfbb019d,-0.1949462890625
14a765fef1c60beefa2de3fd6037e02c,-0.1875
441743a633c65abf31f8a16784d010f3,-0.330322265625
18102ad11e7213018f01043d9381f0b3,-0.30029296875
045299d4d519f90101b1fb1d5938349d,-0.3203125
1bd9c2b7788a8a465ee4abcafe213bbd,-0.337646484375
277f4861eda71f0bfa2048318ecc5c1b,-0.267333984375
3dadac3d6492c3b66581c59bb183966e,-0.2225341796875
4ea0402e4a71296141e07823b45d3c8b,-0.29248046875
fb1bf0c818b60c06fdf214fb881aea97,-0.2359619140625
883e23f2e5c2c2f2b41f592e949f4fbd,-0.264892578125
95034dbbfdc6fa915c7b6f72e26c2c56,-0.444580078125
ad5677905d627dc6257053d9a950f5a1,-0.242431640625
be2fd9bd3bbc5e2ca7aa9b49b18fb936,-0.280517578125
8c5e59cdaad9fbde2aefa250a0addd89,-0.11663818359375
ae54735fe984c562e7319ef4a79076a4,-0.281005859375
6a6c74db2b3e3ad3e2125b679dace709,-0.346435546875
b07e83fac9df44f9418c864f1fc1aaab,-0.302490234375
e235b1c82703f38a4668c05238b1cde7,-0.3505859375
d840d26ef97658bfd5abb99a2157a826,-0.2509765625
690d052e528f78119fe205779b450fb8,-0.271728515625
8e789f14b2ce755fc0c2469b8740361e,-0.26171875
df859c8471699c4312c4af78dc2a5184,-0.1265869140625
6e78eb32b6c99ba7a1741a77d5509759,-0.113525390625
bafda61ff1956f2cdfae59c4787cefeb,-0.19287109375
87f6069039906ddba0e334cf39af9516,-0.328125
c286638cb83df2f38b2253da29a750f4,-0.282958984375
a8a7ecf6fb253188a1d43cb95772f956,-0.31982421875
8fb44396db3a6346c302d1f633ca9fe6,-0.302001953125
974cf2ec8a97cd9bdbbbfdf3bfd71b55,-0.33544921875
8022594f062916b47d40c6480b729b2b,-0.370361328125
d4adecc23382d9c0690e2a51536c51ac,-0.27880859375
231843b8ca25b1ef4e539a395a81d335,-0.27587890625
027fda98572cec786744d86cc4c4a74b,-0.34716796875
88ce3552120ea1a5b36fa1948ef966e0,-0.1365966796875
04389b6ea047b3815a3cd15a328a2884,-0.368408203125
ccc44d2d29f2bc92aeba22a3c21c109b,-0.373779296875
f92855a67d3702d19cf4ec321813ecd8,-0.355224609375
ab0cb811a99e41834a62ce158514f852,-0.374267578125
9eb022e27b98cbdf0e7f9463a2b94b5c,-0.28369140625
112fb119084806791a22496c2591c189,-0.31494140625
91818bd4b39c5cd285c59fca2298c85b,-0.30859375
bafda61ff1956f2cdfae59c4787cefeb,-0.19287109375
a01825d8ae6b01c2347fcd1d381fd1aa,-0.200927734375
ec85ece7f5b4b04ad4117eb96d5bf0ce,-0.298828125
19e0ad8105bcfec688796099e35e1d8c,-0.376953125
26da754683136bc923164158cead3617,-0.359619140625
a2d5dedb3248c64b7606e8ecd6a0dd4c,-0.345703125
bcc2b2ab19d2e572fa4c356298291f8e,-0.32275390625
4aa25666f9ca615ec42adfde1b807e3a,-0.316650390625
4275a273765c46d66e559e0ea5f1118d,-0.379638671875
178f3fcf98ddc0dc35b9a02431bdc421,-0.40087890625
d6b1c859da78b275cf38614791fedfd8,-0.347412109375
72d0ee71a59cf7cc613b764d721c7a37,-0.429931640625
5b656ab88bbe54aa4d00b7861574ef8e,-0.202392578125
f82f282859fa6f6c79cbe9333a873791,-0.2470703125
a5ad2f536c37a1df509d793b25f4122c,-0.1783447265625
152f22399410ca5f26d500375a085330,-0.2418212890625
ab07f2df2b9f352709fac1e30b2dce69,-0.1875
0369991910386b801b692296fa3114b3,-0.2138671875
d11f08962915337f163bba524621693e,-0.185791015625
b8c46ca3bbeed6605c617e161389a2ce,-0.187744140625
419028254ee52972dd42dcb98eaa65f7,-0.270263671875
f3fceb841cdebf5ac94d8633325ede14,-0.208251953125
3d96272663717f5f4b498edfe14cb8ea,-0.2080078125
24807df0304c837b83bce6494a5df480,-0.15234375
1240eb4078f3e6a68f3618f0718cf954,-0.19189453125
45f3191408e54a9c74e750274328cce4,-0.2225341796875
97106d42cf76a1f2695f37eeccbf1fd1,-0.22216796875
2b01e583eec31335545332c8673e53b9,-0.179443359375
8beeee8fb5fb1bbf0cdd1ad8edc5a717,-0.2425537109375
1599e44705131a441482f7fcfb1a9d9b,-0.335205078125
c1d391dec0a9d9d7ac1e6b4faab9b786,-0.2186279296875
bafda61ff1956f2cdfae59c4787cefeb,-0.19287109375
2dd7eb0efc64977857be311f03e1a059,-0.349609375
9d015710d63d02f90a33679d8d29d4a7,-0.290771484375
da6fd5225de0aaa82addddf8fc033fb5,-0.2342529296875
b77f61b2e140d831c08f417d320b1421,-0.22265625
bafda61ff1956f2cdfae59c4787cefeb,-0.19287109375
f355ac857e7b9eb5f054e1ef84aedac6,-0.28369140625
6dac81e2e153f519ad3f345e60524182,-0.2113037109375
6a196bcf9c1c0cb8277c7f19cbeb355a,-0.28759765625
2f437c9edd2db5d501e79c0d37f176ec,-0.35009765625
1f1002ee04e06f93ce9fa433170830b8,-0.3583984375
fe712decf95047adba177f09344fab25,-0.308349609375
81326ce8dded16b5bf82d7966a2d79b0,-0.322998046875
34956ac599b8cf1a1bb16c3f86756d77,-0.293701171875
02caa74d713512f98fea2e2ca0bb6496,-0.289306640625
433ab41f44ee0e87f75f8cf897f6b540,-0.3408203125
f745933dc88211a4f486fc5412a38afe,-0.30078125
8008f84c24a51540cff960d68aba4274,-0.32763671875
e3bb3eb9822751b1be884f182a197ac0,-0.29296875
4af35ba66436b3063a09233e5c62ffbe,-0.326171875
80b3540410162284b38e4bec6af748e7,-0.307861328125
27299ea7ba08fea43542025f4b7ca03f,-0.322998046875
b20228f8d45d629ea65f9f23f5f0dc2a,-0.28125
63735187d634e3ac46d313dd0836d26e,-0.088134765625
0a36090efb370b4bd0adde3b8894b87d,-0.253662109375
5d889efbd61256501fffc09d3f582968,-0.09246826171875
5b273903fe10de286216d314548f4d48,-0.2509765625
dd81cbb6c416c7c2cc8e32282f98c95e,-0.1640625
426641b753086143e6ca59cc69dcf743,-0.256591796875
bafda61ff1956f2cdfae59c4787cefeb,-0.19287109375
a75b3e3682d4cbe9ab41aae00ea7cfcd,-0.2451171875
3cd4cf8e71193ccfa53061bf46f016d0,-0.1474609375
0c00da1cf939168ff3a5edda1a69327d,-0.34033203125
37c5962c2a19bfaa58054c4e9f4070cf,-0.2421875
c384486e97242fef45cc0f3b6372e6f4,-0.266357421875
ca893d0039c85e220a1721f83cca04e1,-0.34814453125
a4c23629f57bd8b78c68d6e583ec5264,-0.314208984375
60e05ba485cc0fd06ebe237ee5280061,-0.280517578125
de4559b17f4678f3970693b8e9a553d1,-0.408935546875
84b5c5946165655e2602876b9330b7ca,-0.30078125
77e4a88417f31970289afc33f1b446c6,-0.296875
fa82fbddb5501807abef75e10325ef47,-0.318603515625
a2a0c7889df7639c968c6c8ef586a09a,-0.29443359375
b193ea5b976b237f673d62baad0585c1,-0.27197265625
31fc4a6e7353188a847f3292e4c12378,-0.181884765625
3264bb47867040e4978f924080dc1558,-0.262939453125
d41e860fe123348a0fe049df8dc2c7a9,-0.1802978515625
4288c1abd47377d6b8c2c5d60568ad6a,-0.14501953125
32514d848dddbf101a3befe71c26ad74,-0.164794921875
8aa6c20c0f7e7e1a398ef62cb4086696,-0.32080078125
df4fa1933ea4e7a8421b6dce565a6a59,-0.217041015625
9419b36de579d5f86ceb4df7068f3045,-0.32373046875
5566b32a985b6aff8dbb420ad49d9469,-0.1917724609375
e16a91fd72153725dbe19579721b517e,-0.2271728515625
b13511d1024dcc26c14d92c213d2759c,-0.224853515625
abcb3e165d88287db22ed962927484ba,-0.23828125
db722bc4ba1946823bf98f75f8183016,-0.2132568359375
abcc372f52bd5beea17e17403f979465,-0.22802734375
bfc448b5d2e68b2051e84b05c4f50123,-0.220703125
2c8b51d5d47f67d832ff6c4dd4636a11,-0.2061767578125
bafda61ff1956f2cdfae59c4787cefeb,-0.19287109375
f30c38d2ee94e669b12d4f2c07ac976d,-0.301513671875
08bf2ab578b0eb4cf305901e73f6c791,-0.2822265625
b6ae11a8fea8ef9e070401e00ba62197,-0.221923828125
fdf3d3455f71c0c23575a87a4776ae10,-0.23291015625
90cbdd8695f6668f4e679135e1900777,-0.2724609375
472657819a009882e2c4794d515ff909,-0.1925048828125
f2ae8ea6d0a6b2880af22c1bdea55298,-0.1583251953125
d0a10648faefe0144be4c63db7b7840e,-0.191650390625
a63307680fc66af5c366b9fe63b3f7f1,-0.1748046875
f842a1bceee1bbf6555971837c9c509e,-0.1756591796875
5935bdd73b0db445cced4e915bd6ca0a,-0.214599609375
a95d7df8ae15d07f374f4a6f8a50054b,-0.25439453125
1e9c021fa07574eef536168388dbd9a1,-0.2091064453125
a8bde0f203c2c62c42bef0b7918414d5,-0.19970703125
bafda61ff1956f2cdfae59c4787cefeb,-0.19287109375
0cd6afcfb66be96df7b86effc6b74e61,-0.2220458984375
68a6211f3384e5714ce40ec6ad1df05e,-0.253662109375
5cbd56b57fc3eb341b3829e2c55f1d82,-0.344970703125
24ef7acb5fe6cd259cf9ece320d89a2e,-0.198974609375
cbed66661fab69fcfc855834c755f9ae,-0.25390625
1e268ddcafab565bb10dd7b5c5db107d,-0.238037109375
cabcdabac2ccd7307869d1a954904550,-0.16162109375
4d19ba178111458d09ef3fac81e87584,-0.2108154296875
5d7a0110d392c9749c31f6a4d7bd8c50,-0.177978515625
4e279bf8ba087c53d5de8fbcf34481f0,-0.198974609375
8de8fdb25fa0788caeeb9cea5da92af1,-0.1885986328125
3f25d8988dfe34d83b81f89b1f32a5b7,-0.205078125
4602e3099ebb239c8f35b4a29687c05a,-0.190673828125
8881b40f70797fd7694baef2cabeb0a1,-0.356689453125
ad22c7747fadb8c4c711140a95ba870a,-0.27880859375
69eb0a83f660c9ebe25274821fe32faa,-0.417236328125
bafda61ff1956f2cdfae59c4787cefeb,-0.19287109375
7ea71d8fa2ab3bf2da811c453962efb4,-0.316650390625
c18bf6c05cf78fc82e6b28743188c6e0,-0.1534423828125
518c774145ee5e76e88a5c9bad23ec04,-0.171630859375
3cbe5c5e3080017bef2b03c7a4cf6a12,-0.189697265625
02c22df38588500bde71a541d02cc9c2,-0.2958984375
3f0a9a2e2a51949445c4008f7ff51600,-0.291259765625
5f19ab718d707da636b0199792b8873d,-0.214599609375
f7e1049fd3f311856241c72507f48396,-0.25244140625
61d2f5703ec0d3015872448d6a6d983c,-0.350341796875
574ab2d8ae472aee225b941675481f46,-0.1954345703125
8f1a24b7b02386d99f57e3712bd5a6db,-0.2469482421875
f3686105f304958a7974ee5e22e720a0,-0.2276611328125
bafda61ff1956f2cdfae59c4787cefeb,-0.19287109375
11858ec227ae4548b04188d67df019ef,-0.1334228515625
775bb531c2eea8c68800a29855c5603d,-0.0625
7df7e03a34281f6bd4b680b9dd464742,-0.15673828125
4de615a6c5a179d3d04bbca17dcb8444,-0.325439453125
9288350136decf4fe02e2f34c248205d,-0.258544921875
d925dda7cdd7b04cf50bbb5609735a3c,-0.2474365234375
152ff3e645a7d85cd6119841f06d1c10,-0.353759765625
041efdd7e043e671bc4301cb5e3d2016,-0.23291015625
58aaa34ce1f78af1a292d672db596ee9,-0.154052734375
0043610d1970e77f83c5de76717deb64,-0.211181640625
01a33fd55a423f1d0a2743969edd231a,-0.201904296875
485768ee9b2b84156748a4e69d9554d1,-0.2349853515625
9da132fe805a71c69e6edb9bb1b51e09,-0.5947265625
e9ebf82501d45f2020bea130cde202eb,-0.24462890625
de65cd12f13a0cac17386a72f012099b,-0.325927734375
0ad0026516a197ba6e1d675e69fafde4,-0.814453125
231071e6e34b8f3a68d81b22157d8f7f,-0.68798828125
24fcee3788de28d63ce60c576e75f1d9,-0.71142578125
0ad59f9e2a0d4400cd3b0bb6ba464396,-0.60693359375
9340cf300198a293621c055f4935328c,-0.67333984375
cd0bede9dfe1fd283eebbfef000ac9f2,-0.43798828125
bafda61ff1956f2cdfae59c4787cefeb,-0.19287109375
9827ad49c85588146de48ba5a19dbdaa,-0.50732421875
d531a3c5dc7a6d0d04a1ceb2af4dca72,-1.029296875
fd392983a70de21c06251b4ae1639b54,-0.9208984375
c848c12e8f363a4ba7e0ed06251e8b6b,-1.029296875
b7d5f357d0296a5d50d54e5efe70ba88,-0.92822265625
97d7e4afa28df4d9ecb4e9a4d97cae3f,-0.87939453125
e8a898049ef974dd097c419f49bd755b,-0.59326171875
6f8060ba705e8a0297a07f0e617aac5f,-0.8134765625
8f9c7e6d8a10166d183cd87ebfa1c839,-0.6943359375
ca7cca54ec3c10bc0db073076d1fc6b0,-0.68603515625
78f8225b41cd3febb6c3643891292d62,-0.94921875
1c55d0945f8e01f6284922a978c5f8d3,-0.73974609375
8db34e4ea69cc211b24cb243f81fc920,-0.857421875
f67616ff9b03f1718fd5054831b9db4a,-0.56787109375
70fc63d7624dbef9fe4e285d5b730cc3,-0.5390625
73fa17780a37c18e5b1a656b8d0c2fd8,-0.58349609375
8bf4219bab173163063b90483cf821c3,-0.482421875
a6db0ffd3b2d81d0c03a08f944feeeab,-0.5927734375
0ffb8bd3d92ef6ea596aaa6cdfe4719b,-0.370849609375
bafda61ff1956f2cdfae59c4787cefeb,-0.19287109375
fcad490610054ceac1e686a69840907e,-0.315673828125
c5af3e244168883ecd3ac664af1bc024,-0.63037109375
7dd9602de95d024f1a76388335928817,-0.65380859375
55a8db5d266f36a2f1f3237e5a6004ca,-0.6171875
b1acfb3f00e852b712989ff75d841f86,-0.66162109375
d9c8e7dfbc99cbb3e5dc1e7f9da1b06b,-0.50244140625
2fb33dd1b20ff3e2809fc0e19fe8afe6,-0.495849609375
28b728311acea18f37b0319c31233d74,-0.572265625
6e3a882a12d3d0fe2b5f232c5d2c4b67,-0.552734375
e05a65355df75116aa694c40e7e53d25,-0.501953125
db906059c1138b10db08d98ca1b32369,-0.63720703125
296acd2231c85835cbd6e3160fe03ffb,-0.4873046875
99238c06fb8c14c5c35168e3bdf3fd90,-0.56884765625
f73d68d6f5c602b10d27f2214d675abe,-0.439208984375
61445017b490e1976e71b2c143f6bee0,-0.343505859375
bafda61ff1956f2cdfae59c4787cefeb,-0.19287109375
c6be44043a18c4397d8bc9bde8011d18,-0.193359375
13c9bcc56ab2c5950f29ccd3a0ba6229,-0.0880126953125
1835c53ffb974fcdf3d7e25b0c575fc2,-0.31201171875
86ea90dad21978b1c8e6de2ed96be6a0,-0.313720703125
206e99a3b12a9deabca59b59543dc8e6,-0.34423828125
d094d478543436bc18ea253c0c4ff51f,-0.51806640625
30df09665c63d8f416d1e39ffecbae9a,-0.45166015625
9095b954ef2664464a87b4ad7277ef2e,-0.44091796875
92427559d10315d17c829be800d9b7cb,-0.458740234375
57e81757e4a8bfc7df603c057a989e57,-0.3447265625
7617aef6fc33ac2743d005f7dffd52ff,-0.240234375
4fa939aaf5fc4ff303f11cdac9a3d26a,-0.40966796875
4386f674cdf97a01ef76b9235bb1f237,-0.25537109375
1088e6e58683a05f28c5b9bf235d7920,-0.326171875
8392dd4e5eba630a679d980965c99b95,-0.405517578125
54b5bac6c0c836c2a8883cf6f1ed7548,-0.40625
e4674c71dcc6ac8d17d3499488ff9ed2,-0.392578125
60b34ad953e1848b618e5140b98ffb3d,-0.10528564453125
72552a4daa2d91649068a5e6c7337d79,-0.01175689697265625
9b4c7c7944652bbbb014972852d8d823,0.054351806640625
ceec59688f0c28111e78212214311ffb,0.173095703125
943c95b20a332f9e924a5b2a117d8673,0.09246826171875
190acdbc115f8a78bd2148bc6fc3f9f5,0.07623291015625
d64dfd9938b13a255e0d92395e4c6384,0.0206756591796875
2af0291db1269c31a455bee6b7784275,0.0543212890625
e20caa87de388294a51dc363eede0606,-0.27734375
6a0c6d8199daf5d60affad20df54cea8,0.044830322265625
bafda61ff1956f2cdfae59c4787cefeb,-0.19287109375
c265b7b447a1fcd31aa15a5e26cf6ed0,-0.2349853515625
f983934cd4f929419faa0a38317115eb,0.2529296875
307732252bdc3a2f8264ba98c137b4e9,0.12335205078125
4ed8a674bacf6cc959c0330f2bcd25c7,-0.01885986328125
52cdd7ae4cccf77dff0d13f2443f6b11,0.0316162109375
d893c3cb239be308ba3606bd1af0b26f,0.025299072265625
a4aba57246bcfafa99a50a0a14f9ace4,-0.2435302734375
bf5e71cfb9411b9c0de8720bb1b16bc1,0.1614990234375
189316a1271f36f46a06fa26a5f0ffc3,-0.1029052734375
ac4581bdb5abd542ef642d9e8a412345,-0.44384765625
bafda61ff1956f2cdfae59c4787cefeb,-0.19287109375
785ac1370a2dd051390ccee91175e134,-0.393310546875
50a1ec343f159eabcc1960983d302af9,-0.53271484375
e6509db70761bb44697a290a16dd6fc6,-0.474365234375
c6a63cf5f77e4f1474dbf7ffea750da0,-0.44677734375
d90d1c70d620de92a9864212ff06c190,-0.427001953125
aa19c9a9a6143863e10c8bd69bcc7c7f,-0.509765625
954b0acbe1ee5f816e74b4c3f0c99c78,-0.82177734375
966c5177efca7861329571f2a389352f,-0.64599609375
00cc1036e0fb2ffabf8816f3877e5660,-0.8037109375
e1b40e69dfcc69e0096aa3dd53a4b442,-0.8779296875
7be8f24962109fe889f441447fbfb6d2,-0.6748046875
6935b0a7226dfdc4d5ae68466625dadc,-0.46826171875
cc9adc8621b4987722bd9f6d0474b7bf,-0.3818359375
6040bcc98a5b4e25130147850a145c29,-0.462890625
17df1f467a4e512a2ed12e25b171724b,-0.473388671875
e449fc4899824f52ec412f49e9ef97d7,-0.7548828125
3d2a61b62e39ed91c1248377e52f13bb,-0.63671875
8b685da77affa8f25b7ac7cf357e92a7,-0.81103515625
f24853f4f1394b9c30c1c77d53c7237d,-0.5234375
637f3bb04125bf49fce3bebe8394af4b,-0.35546875
2dad4deaccd8d65dcaf55e2af7b84853,-0.332275390625
fd8521502dc68a01d9b42891748c15e2,-0.400390625
db0e719bbea7c07a5394699631284469,-0.38720703125
ef5fd32de36eb60fbff8b675cf7519f6,-0.309326171875
86984c26077f7ce3f4ef16011e56c939,-0.27392578125
83abbc2ae0db7071824622f521d80d58,-0.38916015625
cd72382fb649b115d10f7c03467d325f,-0.57861328125
ca18510f327f96cbfda06ac74acb3722,-0.429931640625
bafda61ff1956f2cdfae59c4787cefeb,-0.19287109375
8f5561732ee03c77849799cb6807459e,-0.5205078125
f43ee8ff6266143988cec1af3e7db263,-0.2646484375
006cd6a9d8ad4c66dd47d327de3e92e4,-0.25244140625
b89b4e21e8d05ce80342a6e44bbe3891,-0.380859375
2c136d0aa6c61accc1cd6baecf776854,-0.43115234375
92e8c607029b215dba644d5e183139d8,-0.41796875
b1109ca57f292a7bae67ddf2b0ef1aa3,-0.642578125
438b12f2460865e0cd63010b47c0588c,-0.478759765625
0217e8efbe63675820d50915338d4756,-0.52001953125
45f527a1c55a536931315d751d549d4f,-0.2305908203125
0efd4682bb796885cd7dc10a0977d21a,-0.10052490234375
22d3289af7e3bb720ba096a0ca43e069,-0.222900390625
507160a320f7b6fb9025f7b9aefce582,-0.2509765625
e63cd3d3bfc695e44fdc8d4787d57f7d,-0.1893310546875
c4761f525524a6e37700a7eaa1c07148,-0.346923828125
d1e9aa69e8314be7f676d222eabec363,-0.296142578125
62f136cdba0db85637e4969dad89957f,-0.406005859375
a44cd760b4064e35106d832b16138133,-0.68408203125
622a5e0347087ebe5fca6b4255a71a67,-0.402587890625
9a6e8624d7973653ebfde9bdd6afacb3,-0.61962890625
9b289afb8cdf99caba78970e23c11970,-0.60791015625
e11f57370c37dd760276692e3a0153fa,-0.364013671875
83ba54b16a229ec73ee930cb89a8c550,-0.11480712890625
b02612b02e6cd12f72660bd7e3da42f4,-0.220458984375
bafda61ff1956f2cdfae59c4787cefeb,-0.19287109375
cdcf096ffc57e0423b87c46a3245389c,-0.2587890625
4c03dab97a9278e69a6a9293fe81bc01,-0.66943359375
6d0d0f4760d0df0f75f6c4105e5191f1,-0.41552734375
6fce0d88eaecc1c9e0e886c5b9e6795e,-0.423583984375
794b4ecbf2816cca099305a473dafffe,-0.65869140625
7b58e67c61f36d30ee8c1616b62787a1,-0.430908203125
bafda61ff1956f2cdfae59c4787cefeb,-0.19287109375
1de0a6aa3b2d76169dc3fb1579bc0f25,-0.19677734375
9f1522b61bbd7c70e9f22fa49eb86b18,-0.1798095703125
13efb7d47f6a7164ca3985889306a540,-0.1373291015625
99c01ff2ba4dbdf47b4c37cd1df00f2b,-0.382568359375
e624c1fba1147bbe5ae3f78831e98994,-0.5439453125
2262bd8337b0e3785293f8b11233880e,-0.93994140625
f30328446e47961a28867bdf07144b4f,-0.728515625
7025ca7e186459d1871955a1ebaca3da,-0.90771484375
97c1d30c985da12396df651bd7f60101,-0.916015625
4c5ae709f2ca5fbdd599724477d0fbba,-0.67626953125
e4bb4b8bf9e59a0fce0146c592c6473c,-0.317626953125
fe08c1c0a6eb3b8e6107ff4b0c2cad4c,-0.59912109375
00058edd51fa374de19035199ca7cb32,-0.411865234375
9e0cefadf3904ee1c4d531a7ef8c92c5,-0.474853515625
50907ebd9e56bd12f5219bb57fb82357,-0.78173828125
2afa6d27d164b60b4fe187fb0466d14a,-0.73583984375
cdbb886fecd2d5be87b5834f478e7062,-0.82861328125
fd647c3f19668ec5f2e3fc29da244f92,-0.63916015625
f6c125149bd82df1782bc9befb604d83,-0.48388671875
bafda61ff1956f2cdfae59c4787cefeb,-0.19287109375
7b0a93e416fea9f6e7ae1f10b509ef12,-0.31005859375
0edd6260a30d9b227a9b97fe7fa67eb3,-0.0997314453125
0b8600eb035f2007549e9c04f0123ec2,-0.43212890625
2bae14434c1e7d574e039d387430ce0c,-0.30126953125
f80cbaa3956920c4e63ef5c852429fa9,-0.424560546875
2d2a44a788073fbdd1c5790a739e6b6c,-0.68505859375
15fdce3367238e5dca178029c6cd6861,-0.52490234375
0cedae7298f159b9e1b939ff2f1657d3,-0.5927734375
c87c9015a6c6b1fac40d8af8ffa7e3e3,-0.47998046875
df0e04d2555501fcc5b6a336cec09ecb,-0.452880859375
edca65e38edf490fef4c507fcd05770d,-0.365966796875
de6f084fa6b524d8a81f1ac64af49efa,-0.5517578125
1b21d587317813cc62ea112c9627de28,-0.4072265625
344d5fc90a2b22b9270bfe67b5378ba0,-0.5009765625
8a9c5f14bf97112db5c303c62e7d9a2d,-0.67822265625
ee25c5c5dfcad570cadeb6adacef8e10,-0.49365234375
c77a60d0e6a84d8a000532934da68257,-0.39501953125
bafda61ff1956f2cdfae59c4787cefeb,-0.19287109375
bae74fa08156a9e284d9c79e87f2b22c,-0.1531982421875
af1c71d1d48e553d9a7c0f204cc8e18b,-0.2880859375
cb29f205e0772262ee593ca357a27533,-0.08917236328125
d7a92d241ae366e2ed142d9683cc94ac,-0.3232421875
466cc8f887cc1af6491bcc537d2a207d,-0.1346435546875
57fa522d403c73d7389b2c6851e994f8,-0.322021484375
0f8892fd37900b31935fed0db62466f4,-0.291259765625
1b519dff7b242414213cfd6404c177fa,-0.6591796875
202b31ff170270bedbd5a79fcd56d07e,-0.442138671875
7544003230002eab79f5696cbba1fd00,-0.60595703125
ef636aece89010e4740ba7bc1d3b3b39,-0.53857421875
470321bdc10aa6a61de65e25264f3c34,-0.45849609375
ad4672fda3353ee3c32d5698b1585fd6,-0.231689453125
331ae4633ce8a53482a002a10c9d48fa,-0.3251953125
20edbc79f8db068da60b7fb88d730068,-0.238525390625
1cdb610885890fad0e14dcf089bf13a8,-0.36181640625
3238ea51d42ea981fad39a5df8717a2d,-0.53515625
2ac600576323add01862fc0ef3324aed,-0.441650390625
c8405ce1424d346c3a4da5888ababdae,-0.58056640625
6e443237922b84cd8451298e4526db5b,-0.67236328125
31dde4ad41c437f7ac660450afc9aebe,-0.599609375
850987c829242deda20550bd4219b138,-0.60107421875
243754a8471f2c9224069263afc651b0,-0.24365234375
f29bbe9364f5b7478bc3057cb3f87406,-0.55322265625
bafda61ff1956f2cdfae59c4787cefeb,-0.19287109375
b83589b69884ddeb707fbca21b7b39ed,-0.1973876953125
dba85f78cd94348b39d69b377a7ea80e,-0.226806640625
be51a0a058c12333c7879611841dd39f,-0.66064453125
e0e388158f9296a2daf7bb98fe126521,-0.63671875
73e2d389a84c3388a3ecdc7d1fb36b1d,-0.64599609375
a32062dd3738e037e0857bfae40cea51,-0.65869140625
f1e80ff608d56750d6f353c0ed4a3dff,-0.60107421875
6ba68859948606a5843d10e136dff025,-0.35986328125
db1f5ba4213a972b243814c26990d0b6,-0.708984375
5b8795554bfa012751b892977b68daa3,-0.619140625
915e4a9e1cb30536334f090a61b3cdcd,-0.5830078125
81110f53f5941ea2206493fae9fc723d,-0.708984375
77434dbeabe225c00dc867d846f44b05,-0.51806640625
939c9b9b2f472dc236559a94427bce2c,-0.693359375
725da684127a0e2fcaaf9e611c72dc66,-0.68408203125
b5bf2af0be24721ffdc84ca68d005df7,-0.447265625
f06b906cbea7da5be3396aa11186fe0b,-0.343994140625
cf318836d3da491961bb7d0e48076dad,-0.199462890625
ef5d876a191014f50124e294c5b0d660,-0.259521484375
bafda61ff1956f2cdfae59c4787cefeb,-0.19287109375
2454787fa953b8a2335f36ff09643203,-0.11541748046875
c9769fb2b773f3f1bc31b4a8a0397b58,-0.174560546875
3f670a4686c4bf04a456c1ae515aadff,-0.70556640625
fb6751518edc59a1a44ca4b68162625b,-0.5986328125
e3f4de1cc84da3cb90e664e44cb9c72c,-0.689453125
9d2b6cb5bf0afdefff569ccfc7073ed8,-0.6484375
26aabae439aa18185b4df1ab3b6c8d18,-0.6220703125
0f2df826f809c393099a8352f6c04594,-0.2388916015625
e1d8aeea11c1bb169a9606cf9b62ff12,-0.5849609375
8c3a6f23b303bd67ce00e1b81177cbd1,-0.40625
919c65a7a1ba3706fc4d41c83dd2b894,-0.51025390625
d432da54fee7aee0948571613ff863d1,-0.841796875
186fc0c8523be46b3abff79d77b6b25b,-0.4482421875
ea7deef70a9cf3f858c5f54be576a2fc,-0.60693359375
b0ef290d575df60d8304c01089513acc,-0.400146484375
e108bfe57bca8fd13da12d18f786b82c,-0.2822265625
6565c8da420a641bfa39c0850cb4e640,-0.19921875
c6c09aaca76d58624139bba7ba495846,-0.292236328125
cc2ff7029d2a4bea4a4c6d5a4458cd46,-0.187744140625
4ddaae94cd3713a2517c0b2f6f5edd53,-0.15478515625
7d991c94a5b01b78c0f749e83860b489,-0.0992431640625
63f407f157112f9ff5fc39e04cbb1735,-0.049560546875
3c2b4e41ac49023c55eafadf16d1ee00,-0.42626953125
bafda61ff1956f2cdfae59c4787cefeb,-0.19287109375
69e0e0e706da0c73c1890bdda9e7ea2b,-0.4345703125
9bda4f423e47e9b3b5b7dfdf96ba87ce,-0.310791015625
e4ee95b7ea8b98557dac1c8a0d65aec3,-0.337890625
fa7a7d7ea9d2af9fc971932c5f0ce963,-0.271728515625
558f836bf1587feb94a00033e27a836e,-0.281005859375
448d21343577952c9096157a3f80ba38,-0.293212890625
0cbd54380aae82d01263ae83bd6082aa,-0.37060546875
6e8939b464a88b1ecc5f1930c7c928f4,-0.73193359375
7f67f39d9d100666a6f357804c8419c5,-0.1865234375
af36bfe9e029c045ec6dc5202dcbb19c,-0.23193359375
8d4ebea1294e7207d63e622fa4bd1c5c,-0.5146484375
bafda61ff1956f2cdfae59c4787cefeb,-0.19287109375
2b2bef849e7d5d3fac1755fae2e4c326,-0.2021484375
f4adf6bf2322f95cd0d8f2e4f6fea2aa,-0.030120849609375
6eadbfcb80c98cd0bbce94baa22509b9,-0.09808349609375
dc2651b6f5133db2d108b7342b4397c1,-0.1739501953125
3f47b46dbdf6372fa2372d4998a90340,-0.314453125
746705d8329daada2ee1f7841844575c,-0.26123046875
9f4ef7707d09128c1534dd5693b3fd81,-0.63037109375
e176431756a5a92507bc7ba2a10a48f4,-0.473876953125
f89588a3e6ed1f8423edb9f175914797,-0.5693359375
a610229fb4b37e447e5158ce40f4fc50,-0.466064453125
3e14f964e5beda56a5a9879bcf3fb940,-0.414306640625
2b27f6d06a7478270d62be01f3b827c0,-0.123291015625
93868c1e6385df42f8aef8b5170e97a6,-0.38232421875
3c92351dda0ca89a2c3acb4a7aaf44d2,-0.298583984375
76af0ee2994f50a5f10c330b97c8767e,-0.31298828125
c521600bc1edfc84c28de1e5daecaf5e,-0.66357421875
fe6ad66ed3cb8930cf30b6a42a426dc0,-0.44091796875
3ec9489fdbd7b36b6ff7d639928b208f,-0.423095703125
7f8bf60a5544ca4403ad0050b2202bef,-0.55615234375
f12ef3d5f74aa3c1f837a7b65393c9d6,-0.47314453125
52afdf51e5c9393e7b421d8b06d193bb,-0.67138671875
58d67da2c3925c56fd175df1fb82f2d9,-0.60986328125
88be194a2e196a7f9bbc26f82849536c,-0.70703125
0a630cff9d49acd703c416b634ad6d9c,-0.259765625
292e1eae4075fcbedf0eb9eb69d30559,-0.168701171875
bafda61ff1956f2cdfae59c4787cefeb,-0.19287109375
542e1a295dfc14a6e1d3948c2fb5c053,-0.8662109375
e552fd82f65a245c68ede4ff4011a231,-0.73388671875
33117da3c5ea9fe3e8ca755ba82ef3ee,-0.697265625
6c624421ef7dbd18e38806f4656e337f,-0.66552734375
a06f5498a9885a4a9d3f4c497642f399,-0.658203125
f30d5593ade78857b6baa57ec8399e8b,-0.5390625
f7c796dbf6cd6e7cd24c93ddd14145c7,-0.62353515625
3d27e564d64751e1edbda6db44a3199c,-0.65576171875
4c3fa0696685a7c7218759a9226b4269,-0.67626953125
0c9126206e1fbfe2cc6fd75e3d85bf39,-0.6875
521016e3b022b30104e73acc88ce8eef,-0.556640625
18cc370deda2b07422cfa50c401b318c,-0.654296875
5f85060e6a07024fe6b60497c9574ded,-0.413330078125
8aa6f4efa65f9382705e12ac00847767,-0.1900634765625
f5556a240c93918acc8b4964befa061c,-0.141357421875
225d3fed110841f0894d5c482b54bdb3,-0.039581298828125
7c18e7cc936f746f3eb8e9cc29c0ae71,-0.11553955078125
742e363a238e976c12eb65fb7f9a96a6,-0.195556640625
611deb949cdc710c122034de93ae8fa3,-0.2705078125
f1840e82baf32657c839b527c4e795c3,-0.168701171875
e575961e2e27c0e8a443ff99a00f7049,-0.397216796875
deed662f76973ed89872990eddfd9eca,-0.26171875
d4cd9ce769e0b95871eed061b276e0ae,-0.2161865234375
be1393bf10f5ab4d3f76800b049f5422,-0.12127685546875
bafda61ff1956f2cdfae59c4787cefeb,-0.19287109375
baefe6d864d13827f2dba59f1b11b693,-0.083251953125
2cbe2565f537b7500e07645b31df0262,-0.2239990234375
9faae01fbcd24603574a85379672992a,-0.2078857421875
480d9bcfeae072da9ca5b9b4075405eb,-0.1552734375
e96c5c359a3d6103efdefa842a95ac64,-0.7587890625
9fa4d41094357366ba41ff368b0566d3,-0.256103515625
1634c719342ad263d2eb7841fee7bc6b,-0.06610107421875
f851a3d20688f62c71edf7f2b909347e,-0.3740234375
387a49c55cef0875c1a535383229e061,-0.2646484375
2f5c8fc4ff28539b19c6b057e0e004c9,-0.2130126953125
14fee8154b1ef7b0cef359c02e971f68,-0.119140625
647559e55ee2075a33b97ca1c6bb5ca7,-0.140625
5ae3c6265c32efbc084d4c0ce1bbc784,-0.1610107421875
5e7d6c878eadb1ac2a7068252e74439c,-0.2052001953125
cbfd91b07235de394e6e6fdccfdd0ab7,-0.2281494140625
2b3a1aee07477d5960f35233aa618291,-0.45263671875
6d48dac5885abc7728d087239fa157ad,-0.260498046875
12adb54e5060edfaee947766959aded2,-0.457763671875
bafda61ff1956f2cdfae59c4787cefeb,-0.19287109375
af9327f43c1208534e308d43cbb72c62,-0.292724609375
1442e2afdc8bc52094207a84695224c9,-0.2015380859375
ada753effe71a3b9675d3d49e9a27d56,-0.28369140625
d5762f83063327d473eef95d3ce5910c,-0.240234375
768c0ea374dbe1426dc6b17436a394b7,-0.3076171875
6807a8fc824b54a198718bcf3283b9cb,-0.52734375
20a8a0506a8699c4eaa0b42094430671,-0.2467041015625
766b377a57ef2f4e4326e96dd46c35d6,-0.128173828125
8b28af8c329fbca52de4ae8543393c08,-0.442138671875
349e3fdf9bf137643aeeeef71d327e46,-0.426513671875
1b9a8db2c7ec5bd7d59c7dfe70665713,-0.412109375
c56e8200ea2a46300e28968f1c01bb03,-0.36328125
aed0e236a8f1ed308a179920784d78c7,-0.40185546875
04b5850930496412d2c80d5c68426988,-0.265625
11d10d8e6a270231dd7175af2cee6fe0,-0.316162109375
119ddf6b44b99f7a38719d0b0cb12b64,-0.26708984375
b4313abb157fd0f504c43d22a025aa17,-0.5859375
8bf44fb4b60cca269d9efd96a5ba43e4,-0.43212890625
5fd73a509148dd0d5ffe2b2b45c01fea,-0.52587890625
bcc95f208e6282d2ce5502eb9196b72b,-0.470703125
6a6346580088b0e59a28ec17e7068687,-0.4755859375
9854c1f3597ead041dae8a41279834ae,-0.456787109375
f7e5a5d22e9b45269a085cd0636f1d84,-0.2083740234375
bafda61ff1956f2cdfae59c4787cefeb,-0.19287109375
5691e110d41d7d33e8ea6f4f58b06491,-0.404541015625
87963095acd7e4d5c674d3464bce8a11,-0.69677734375
867f82916940a651fd176c3bbc16f32f,-0.425537109375
fe703c38d84375d4bb74203b18a3eb4d,-0.445068359375
2ed89ddb22d2b9ecdfb266c11f3cdb8f,-0.1307373046875
35b246a67861ed4c3b0bcc9d1c2a427d,-0.2413330078125
e803d7f9df0d339e92437d3daea9e2ae,-0.382080078125
5a7f1c3e5e6971a365e079c216c5df9d,-0.2152099609375
6ad3669bb693e75cec99ae2f3f8e8777,-0.309814453125
500d14bfb15b7b5ddb6e0e633e10235c,-0.2215576171875
985eda15fe6cf9c8bf7565b8ec8c97c9,-0.281982421875
756a2b6c7243e734192492fb0e3da989,-0.215576171875
c6a93e3a459543368c7d111ffce8fe90,-0.291015625
0e9d5b9e33426fdda226e79095b670f2,-0.1959228515625
1ee212c0acefbbcdb5f94c5a7a346a8e,-0.2548828125
bafda61ff1956f2cdfae59c4787cefeb,-0.19287109375
5e57b3002339ec5b6ffcb84cae869c77,-0.1820068359375
2bf9bd1779cc8e58f98b949b4000120b,-0.2100830078125
d181c5527277d3beac22e03f20f8ba6c,-0.22265625
20c4d06c6a753f72f5e0caccf2f20bb0,-0.302734375
d7d3018c568ca9bd1f1bb49e21c319db,-0.2196044921875
a85765ea17e4bcc5da20668e6ae1d830,-0.435546875
0ec35e1555a759dd9b09dd7ac7139714,-0.1500244140625
5ef24e507b1123e5df50bb6a90a5be55,-0.1680908203125
c96b86a2a5b2435b861500fa0527a037,-0.483154296875
a84556765ef4bffabe7bbb267515985f,-0.37158203125
4adc0e07891e4558f35ac0f9a6e50aff,-0.259521484375
33ce0efcbd6a1be33f53867551f66961,-0.33349609375
136ccb7989f78043eb019da5c3e3c1ec,-0.267822265625
5eff2b75e0a46da6df49fabe454ace77,-0.359130859375
50882219b9233a40369154550c0c96f2,-0.39111328125
026a4256c436f8969e8106c15a40fdcc,-0.357421875
c417516e75efcc98b41fbe586be169e9,-0.09954833984375
33c66817dc760616375cc4a601558a7f,-0.2054443359375
bafda61ff1956f2cdfae59c4787cefeb,-0.19287109375
4728f3d0e50909075437a545e060e00d,-0.289306640625
1540533f7e0a79b5af0a5ae1f65ab6ec,-0.25634765625
c560362f16b0cd481a12ed9452a12150,-0.312744140625
66f410110fdbff0b2cc02d87e96706a6,-0.309326171875
f6364d91a9e318f71a7535f679b81d22,-0.279541015625
f920edd4385d7ef73dadf271fc6ff24e,-0.368408203125
2aae3997e4274305dd7deef3b070bbc1,-0.80712890625
82b2464cd803704a8dc2651a4fcbf81d,-0.3486328125
f06831b50dab3f7581a65d9ef1ea962b,-0.328125
956d50d2f32a51a73cd54ae23651f99e,-0.29345703125
55cd1e870f34b7ada168d0a50de92edf,-0.2021484375
81f6a291e6ac29640caddfe6508b4d2f,-0.165283203125
ba6c89c3c641dc67f0be6b949d8d770c,-0.15234375
48f8524b88124f2fc3dfbf56b1321889,-0.1473388671875
c5b2b4ae754a4789fbbc0417cf86b3c7,-0.2122802734375
319fcb0fa192875fd5b67a9031398be8,-0.1478271484375
4a979a92ad336d8a7dfc7fd663455089,-0.195556640625
08307cd4f9ab12fd86990cfca225eaed,-0.29248046875
4356dd4bac6eaaccce255368d796ab42,-0.267578125
bafda61ff1956f2cdfae59c4787cefeb,-0.19287109375
748934661ca9fb18065c8db438a88c31,-0.1060791015625
a62e693f8ca14590b960d3df51ecf5f2,-0.1341552734375
eac4aaab0f89023fd1d53c1f0ddd54c7,-0.146728515625
44dd7bfbc8398b6e072cc741eefb0a44,-0.2225341796875
4614e8314bf17f9b8d8f4fe8c8981a5e,-0.1927490234375
f13a50f36742505685731be03da64dc4,-0.251953125
bd550f7dd9923ac012555d1a5ad0ad3b,-0.19482421875
8758b879b81eee3d25c08d181c2f1c26,-0.232666015625
649c14403f89c25380a6f35f9efd5ffb,-0.09295654296875
863c2eea40320eec3014c8465d00fb94,-0.34033203125
ec86fdec31464d300ed2bf885ea0ff14,-0.221923828125
9eb85a800a488542050c308a3a2d64e9,-0.2236328125
67fa30e4b9df2af16e40b1128213ac86,-0.2332763671875
8a9e2b77755dad337832b4f7b949465e,-0.181884765625
8581023f5f243a27eee6677bd5749f1f,-0.2442626953125
c8ea93a1a7c87e9348378a0fef7b5a08,-0.186279296875
c66810607f8f8464f4585f19ffc0367a,-0.250244140625
95abcabfc0d2f3282a01c160b8d347cf,-0.34716796875
3560835327cd077bac62c08ba5907523,-0.331787109375
74dc1e53011c8035452e1a7271ae4135,-0.2373046875
bafda61ff1956f2cdfae59c4787cefeb,-0.19287109375
5423de1a10feac1a63f39eea0bc471e4,-0.251708984375
89a5eb049bb25691889cb891d5839a6a,-0.220458984375
3af6be2483eb84aee5f2f7e8854af0d9,-0.262939453125
008b4fdb639006ba7cdcae022ced7809,-0.284423828125
ef201e0b93172241313b6ec03b24aff8,-0.345703125
9b937292e0bbf82bfe080121539f72b9,-0.388671875
8f6cd2f1cbb63da0aff164097ee79191,-0.332763671875
143412293707d09080d546a06470904e,-0.1944580078125
43512c1306d3ab1321c519a360acc108,-0.7578125
69026648c3c7881ecff6742a5bbc7278,-0.63916015625
8e4f8e1caf54a1641dc46559e6f39a32,-0.6328125
e868629681da92fe5c4d50b359382809,-0.541015625
40e44b777084ef284f4678fd6ed7215f,-0.6005859375
f791b40e0196815f84dd8dfb4ae85c18,-0.2578125
2817f4af6d72bc55077a959f11ae3be6,-0.2138671875
bafda61ff1956f2cdfae59c4787cefeb,-0.19287109375
3d981fe7b139dd72eba99e507702943d,-0.80810546875
ffe1776c432635464ba0285b0ccaba0a,-0.61572265625
a439f418c427b36df8b3547401a1b19b,-0.82568359375
39dc83f9706fc679af86a0de8c85ab13,-0.794921875
38c7ebf5a2606e29aa64747050ed4764,-0.7412109375
24da1f010d0b83c6e0ae566d55c58126,-0.483154296875
c008c13f7689f6216d58a52234a6a38e,-0.73486328125
e769460bf1d2060c4f2b641bf3f4b436,-0.681640625
92dc864f01b6a9e63121d7fe3f0763ac,-0.5712890625
45280cc30074244aeec313f7c21ba846,-0.76220703125
5232907398ef06fda7d819778cea1888,-0.492919921875
38944819b3c8bcc68bfaf641ccb8eb1b,-0.79638671875
c1b88051f9531c5a2f82a766f0ef5919,-0.5693359375
d5721106acdc3a9cf44926279c6902c2,-0.378662109375
7459cf4a12d3e24c98f76f92a1c75f0a,-0.34619140625
bafda61ff1956f2cdfae59c4787cefeb,-0.19287109375
48fa717eaf36ef447ac1447c20735219,-0.312255859375
26169e7fb9d58d034ddb31abcd3ff332,-0.2197265625
55c4276429d6c0068b40f3c58ab89b55,-0.240966796875
8dffa6ff61aa086fbd6657b690f989d4,-0.20703125
aa73292e842bbdc96330500dc10c4514,-0.62890625
699a7d5bda5c9a4241d55a8d604a506a,-0.46533203125
1518e3cd004f3bc9d0fd07b6147b45b6,-0.495849609375
f52261f29a345c1aa55500bed682a7d0,-0.183837890625
57d93d7e545dc0445553efc813395f66,-0.36865234375
a53f5be750b3b83b0cd258335b12f02d,-0.2078857421875
1ca7223b2082987825968d570581f848,-0.51171875
e8cd3a8fcfe21206e1b7d51a6ed116b3,-0.49267578125
96d406a95d293bc40c0f01acbf52943b,-0.413818359375
e23739e741e8dce3ea3c35b90925e288,-0.73828125
524bb03d729b9c07f7937056dcdf7f1f,-0.38818359375
bd145e3ada3719a33b674bf4f3dc5eee,-0.1463623046875
7afb23c41d4d719a0ee2130abb319c0a,-0.353515625
8db61afdbfdd3f54ce9604aa5c2040c3,-0.197509765625
c7063a188849f303d344904a32f50e45,-0.163330078125
5c6766e18cf4a8a7c4bf4e4b8ee40d94,-0.147705078125
58016f6fade3e48105644983a61e4d99,-0.14111328125
20eeb78800f2d8050f5e90f0390daac3,-0.1837158203125
fc7be8c910903791e351fdf04a40fa84,-0.216796875
00c6b38180549a1e99d23ea91576a3d6,-0.131103515625
bafda61ff1956f2cdfae59c4787cefeb,-0.19287109375
1e1c36a28a44e2f59eba5fe3a17b35c2,-0.166748046875
9e7be7915ece30328307b1ccc1dc11b8,-0.11834716796875
06bf36eb117e1e1b9b1eb29df13224e9,-0.181396484375
d17a60a61841003d8895041b216c19da,-0.1593017578125
55364da5a3252a2ab3a72a0197c2cf2c,-0.19482421875
4b95dfd8ce6ec9ebed085bea6c8ba2ba,-0.239990234375
97e98c8638ea9bcf80f58b659fae912d,-0.2144775390625
67a642fbde645b46c2c6c716b21991ef,-0.25537109375
a238b59026951dbdd29e11ce497a26bb,-0.591796875
17bdc189843fac97011d1ce08e4e1a8b,-0.2049560546875
8fd3c042490856d47d5de56fb28814c7,-0.1700439453125
c87cc78b0a4e7bdafb7ea3713051784a,-0.347412109375
bafda61ff1956f2cdfae59c4787cefeb,-0.19287109375
0515eb7afc21aa28856e91604bb9cad9,-0.340576171875
f1ece066426b2570ffa66bba064faf57,-0.421875
bd07f891e0a78d2b9208646ce859180b,-0.3173828125
514fc27bf99695a510213d0c53154b0d,-0.36669921875
ac91fa35ac68a96cc35d64cf5d59a1f3,-0.30224609375
d0b7dc91eeb60486fe0f5acda241576e,-0.283203125
bcbc2c8e9c43f32f276895c69c993047,-0.56396484375
91f085a8c0265bf921e75829c0cdc5c6,-0.4248046875
c1cc495d24fc0bf477efd9b51ab28fae,-0.453125
cd2fc3b73278dbc1acf6b1da54a117e0,-0.53466796875
b19dc5cf247a70f19c7cc8331044eb63,-0.432861328125
89a2f3ad0ef3dc859cdcfedde811698d,-0.357177734375
e13f8e41c9e23e4a30206caf064fe43d,-0.32177734375
1d570151ad80150119eb0564271b415c,-0.3701171875
4d09c4dbab5ca1e62228de6110e4ee48,-0.33447265625
c88110ef7d1c1a51f06fdb14ca99c40b,-0.61572265625
c474ba2466984ee2d7a29ac30f5acf80,-0.3896484375
2975f1022d7e93ba3afa6182e6b70351,-0.517578125
7c86fd1597b07dfc5a6f373555f94f20,-0.4052734375
bafda61ff1956f2cdfae59c4787cefeb,-0.19287109375
bc81f0681d6d23f9b278d8802e516904,-0.314453125
931d5e8c6c0c4ce61f98f832ba7d7af7,-0.406005859375
ae5d4863b2fd01b15a2e2c6efccf6e9a,-0.421630859375
5c4c52ab57bc6dbb7d944df7613edc5e,-0.332763671875
89f6249de68d280b1e16533b2f0fc0a0,-0.325927734375
a7e908e55503d3144214e29a5c91d05d,-0.44189453125
9f54618cadbe3b42a11b9399e665d0cd,-0.73876953125
f976e92e087cb63a36482b2d4cb06ac7,-0.6484375
2744dbde9ba8c3e69a8ce1cbeba48fcc,-0.67236328125
77cf671d2060d0ca4beb327f97b38fb0,-0.72119140625
be2714cff96151eafa8bf562d91555fe,-0.62353515625
ab278dd5e7232f1b33ad252eb9727303,-0.345703125
47b6b59fb78e24b9ec7fd9193a8bafdb,-0.414306640625
367f81e6caeee57d2b663f1f41b661cf,-0.4326171875
fd7519d8dc535f9e1d098b105d8d5d54,-0.376708984375
67a6af006a85a17cb668182f4b75058b,-0.81396484375
2c7bbbc087d7a65b7cc73c795c91286c,-0.60791015625
3797f39d1d0f1703d7837a8d0efc6232,-0.64111328125
e9c8e6f6a80f266d389ee96b38e2c5dc,-0.5009765625
6067380d339cbda9fba281558b9b0557,-0.404541015625
c15297f9d1b57b728a34b146d828648e,-0.2252197265625
6558f2f026185c9e5a675bc04e4249b5,-0.1749267578125
bafda61ff1956f2cdfae59c4787cefeb,-0.19287109375
14a2af0f695dfcf5cc74a5c1f41fd16a,-0.2227783203125
2abb515be1efc4b76b58190b1a97d6ce,-0.2174072265625
e7dc487942498e6fdfd08527b3e957a1,-0.2293701171875
65b659f469654c1817614bf91264981e,-0.53857421875
d96d3736734ffeadb5314c6e2c7afbde,-0.39794921875
fdadac93e515dd1e83f5b7f4c3440311,-0.441162109375
a2d4cc3d638ce6d9d6336c480aaf3fb1,-0.337646484375
568162d2fca0c7544d4ddcbc241ba358,-0.38525390625
95a0753f2cc10863e026e1f81be31a2f,-0.1585693359375
8e6c0d02f5705b29f410a67899934d82,-0.443603515625
f8247ecf63b463521808e9e6f0563f99,-0.310546875
72a17818cbadc24f05e5488b182287bc,-0.34619140625
897a899d029ad33a508c3ff6a76bbe6a,-0.83935546875
824de5db88c6e4f1ee437c09f93d4042,-0.399658203125
f008e54ca98cf54b1a95535fbca16b23,-0.25048828125
0a1a00c90e2de4a44ddbcf9ecd6852e5,-0.40234375
7ab774aa7faf3cbf4df79a804eeba32d,-0.238037109375
f7e9abb33b32e46b081d61f0c58eeaff,-0.318115234375
9003076468740fe825714f669312b907,-0.1998291015625
0a8e99b8583581a2ba263af4676ff162,-0.28076171875
2fda779491e85a3f9399c99e858ad97f,-0.317138671875
207b5762ddb8fbcadb40bf5b5d1d2355,-0.341064453125
aac9127b8ed0526c5e8a68dc06473990,-0.310791015625
a1cdc22b8028e7cc4855b69a6fe029db,-0.43017578125
97ba3d560e3de881f90cc285eae5b690,-0.314453125
91da0b7b111456d478819912980ba4f7,-0.334716796875
bafda61ff1956f2cdfae59c4787cefeb,-0.19287109375
69582a5372e83982d14cdb62df958113,-0.21923828125
aa4a759aa1837f79f3c28f9729b420a7,-0.2064208984375
4f9aefa16c26cf287daaaaec36a8b1f5,-0.29248046875
b3c2b99564a0d57c22563af7afb1f836,-0.290771484375
d47a7b929304b455cc356ecab86c3164,-0.302734375
52dcd5e0a10c1a463b75e89c5aaa1f25,-0.72216796875
1cd6d35faf46c8465ea4019497da4aa2,-0.31591796875
24fa84b540d9f788bc4d2f7fd6c33910,-0.1689453125
c234959ed3241502546645db1c3a4ead,-0.493408203125
9d37c99f1dcb462af8f38631935ca399,-0.217529296875
86dae1942e1847719d943f675a853238,-0.12646484375
41b7140bd2b4028e356d38ac3170ddee,-0.43408203125
4f927762a2420c2ed5727e8810000144,-0.1256103515625
dfa941f752f14464a80ff2fd1c314544,-0.51416015625
d3146cd9dc4d233dad21d3e3fb75f963,-0.484619140625
4107a40b8352ca9667fd334b6be44699,-0.56005859375
a4f09d394a65f99a6ff4637c32f0df22,-0.75537109375
d6b7b9cef10819669c65e8080ba9564e,-0.55078125
8b5059227fc6dd86ac2441e6c1eb2abf,-0.81396484375
b623a32f0e225976a3516bcbfd634ac9,-0.76708984375
69f0814a13e00862b1c69f23478a5795,-0.642578125
7b4f11565d0982c7382808fc7c1ea92b,-0.460693359375
e9a5b39b6a210faab105b6181a9688c4,-0.263671875
bafda61ff1956f2cdfae59c4787cefeb,-0.19287109375
2d59abe7c49fa1baa89159f00e9eec67,-0.31640625
336bd307ca3cfb8f82387a31a12fabf6,-0.70556640625
30afb35616efa1bf3436f836a04c8dc9,-0.59130859375
1600891496a0e8b0ca2ddb57f658d533,-0.55078125
dc7c7d907a3ff44dc5f4b981150a6781,-0.8623046875
cce7df0efef503d43c623faaa8f75aca,-0.54150390625
f96b10f10330fccbff154ac598039158,-0.46923828125
a1fa9762b32d40d5b5fa0d5598e131bc,-0.37548828125
7d5db89ca24d3656f590df7b2de5348b,-0.44775390625
e78dd9e7b2189e0e7d4dbec58803a0df,-0.3173828125
bafda61ff1956f2cdfae59c4787cefeb,-0.19287109375
436f033095eac485933a38ab0dc1c466,-0.36279296875
a39b338aa24af7b5fa854822d963bc20,-1.0810546875
ada40a6523894f3fdcf5c08786e73a54,-0.884765625
13f935a6f261020049a2d14e66bad0da,-0.982421875
97663bff39f604ee8267cb7265bd0df2,-1.0625
c01b746030240a74b9950bcf7bce5fbf,-0.9130859375
6eeea5918a8aabb34d3978a206afa222,-0.384765625
5ac28df3e2127f7a6ba6c76273bd7877,-0.78759765625
5b72676c43f95a5e6e1f28ecde5edd79,-0.5908203125
7357cc657bd69d459154fa8e8fd2af64,-0.7236328125
6374a42fde88497acb81e76c82b6a0d6,-1.0751953125
b42772e0061e970355f57211b6582dd7,-0.779296875
e118bca5de7046ba8cf07457f0ff211e,-0.91357421875
450dddd96314dbe66bab7bd4b7adb627,-0.357421875
56594abfd24e6bce9e4a4969aed999f7,-0.2265625
eb6bfbf2fca9bfee9825444a89e6c407,-0.28759765625
6694a70116000e84916d9819439a0e5f,-0.1329345703125
e530381edea735b8350828936f142824,-0.2164306640625
2db7c3d9fa65b2ae552b4dcbcad45bec,-0.22412109375
fd9030377ec980c51e83e0e539e917ea,-0.2137451171875
b90399c37e3542f32bf6fc2f0c1b38f3,-0.219970703125
b9080914d3e079b4cd5e99db62286bcf,-0.217041015625
40d4842a78a93daf66608b7d359ef8ff,-0.1689453125
bafda61ff1956f2cdfae59c4787cefeb,-0.19287109375
005d12b877235a6094d7c99f16135fef,-0.222412109375
4040c6353af8bb861575382d725c151d,-0.2264404296875
72e870eb1ccaa5b8500dab0f7be893e4,-0.1748046875
a07c1c79c7ae7a7e4e08a0aee8c73ab0,-0.270263671875
0ef81b379d0cf9534fd960b03b44523c,-0.260009765625
998f6a1361673e5c5061310a6812f0ec,-0.268310546875
ad047eeb1f6b8f43d3e41d2189581253,-0.78857421875
46c4607fd217de3174fa5f90bde59f0a,-0.29541015625
f37c937b25bc03b148d897c0e51dfb93,-0.234619140625
ab57d8b6b6a2a339a962230074b5529c,-0.615234375
d67e318fc39ed93b8113fa36476879aa,-0.496337890625
42c29fa34aa01f82125c5796690e7cde,-0.469482421875
985aaf7d448b6d0f672fde0d961fb220,-0.55615234375
43b9052212464981b82303f386cb6282,-0.42822265625
bafda61ff1956f2cdfae59c4787cefeb,-0.19287109375
7a564805a4aa879bc2355434f421a96c,-0.206298828125
791326c865be52c44f80df78365dd5e7,-0.2447509765625
311df0028bdbcc7fd4ab7407063b4ac9,-0.73681640625
d933cf97c24b990e405f4d4fbbd6e540,-0.646484375
054d53e9c9d7478f186af4cda4310442,-0.7724609375
8275b4800ecf42babcb73b09c4684dcd,-0.70751953125
c9cd5e815a76a42e7941d6c26c69a6b2,-0.71142578125
3f3091aa7e66cca2da4c35b93e64ea83,-0.57666015625
d19acac1d9f56d6cee2b0addb9a1fc31,-0.53076171875
20a7623d2a91bc26766cb3c416088adf,-0.515625
e157f992d19c685e11793d0ba41ef7f9,-0.51904296875
ec39379220596b7fb5a70168a173c7fd,-0.900390625
c2556e03ef9a2f8a4a76efb8c20797c3,-0.52734375
bedb685a88d454fd9ef64f099d439cdc,-0.59033203125
49c552743c1c13cb2eb25f542543e304,-0.95703125
f81c5545b98d90c47239ff2de734bfd5,-0.69873046875
8b547dd8bdb28aae47a9290162c9be4d,-0.396240234375
f8b281de75a1d3714b72c1580694de4d,-0.29736328125
bafda61ff1956f2cdfae59c4787cefeb,-0.19287109375
e8f79c33b302f2ac9f934276fefa47e0,-0.59814453125
ae92870103b283573262ec8b1e4e6a59,-0.78271484375
52a7e7171026e2a52c2f1c531755cf98,-0.8212890625
f09285f82dd507b74e892e177c562ef9,-1.171875
a1d88ba3e3a23ca584c07b0deba133e6,-0.91650390625
758cc2e8d16e0c8e21f1e23d6bff37dd,-1.2119140625
11d4185a76c756765ee07522494673d4,-1.1435546875
cb77e0b548e4a7213b2aba62b7f7f73c,-0.8720703125
c97b8542b8a3d7e4aae742515bc2c944,-0.433349609375
206c79952b43c08879d8b50a3f0fea9e,-0.85205078125
681b52931085f009edc14a9f894993e5,-0.6123046875
d6944156d7684214b6e55ce75cd2a67c,-0.72314453125
0d52841f43e1a0df9f8bcf931eccd89e,-1.2626953125
e5dfc22e89115dacccd99146c89221e7,-0.91552734375
8bea9310425b4907a8a09f39148e3fa7,-1.09765625
3bc837ae35cad5e0c87ceb6f1d4b214b,-0.4482421875
a929054cede624060bea7794941ca79f,-0.300048828125
54a29c0e2d69f28f7d1190b2afe88930,-0.1866455078125
7ba2200c773937ad416c290ea164267b,-0.1663818359375
9b358bc9975a4dfa611e146472a1c843,-0.1688232421875
af2c5d0821f280a04bbd0e2a3a9da910,-0.24365234375
110b5e942d0193a6b821e5635b8a0962,-0.230224609375
f701e37f74062239d0668a22aef05d17,-0.170166015625
7e53bffdf2611cddbf8bef1a73fb6d9c,-0.259521484375
f1a97a1d09d2c1b06ad4b80cddd2d54e,-0.1827392578125
9217328592419e975547d3ad3a637e39,-0.315673828125
bafda61ff1956f2cdfae59c4787cefeb,-0.19287109375
e01b1dfd47bde47b6a394757186a3dcd,-0.262451171875
2fa2346144762b9185383acbe36f81d3,-0.1053466796875
957ed99eb58ad8ec713502202cb19418,-0.281005859375
ab18215a72a1354c3462dfcbcc7364d4,-0.240966796875
efad8cf99dd45916e2c48add4e730ac9,-0.3193359375
a39718e6cd963e42bcea4837a9ba7937,-0.98388671875
b34c2c62d9d434fdb65d0ae1e85dc565,-0.254150390625
d8fd64378b8ece2f82e3e5ae248139e2,-0.24072265625
539fd26e3ade6635599bb15b49be6cfd,-0.27490234375
655c5be8ab306237ddeb24ff8bd89fc3,-0.171142578125
7135c26f793a7097ad43a1058bcac7de,-0.17529296875
345eff38b2aa3152682f773e591b3eda,-0.1485595703125
dc646e89f1cde7f17846beefab21666c,-0.1746826171875
985b8fcf592a4309eabed9d18b640e47,-0.2042236328125
ca9eae1ad859fae2c5d3cfd21a005199,-0.25439453125
c01788247ce0f0880f348dd484eabf43,-0.1988525390625
0dc9dcabc00a6c17414e669c603d9356,-0.1954345703125
4fc38052750317f380f247da749f5112,-0.122802734375
bafda61ff1956f2cdfae59c4787cefeb,-0.19287109375
cf00467b256a8134e5fb08f55ce22fa2,-0.11688232421875
bf1ccde020274265d54aeaa493702cee,-0.1611328125
bab1a8400783fc0090816d206b06c758,-0.154296875
9205fc9c92d773a107db306c4c7faa52,-0.1953125
75d97d17b10af2e73b6891edfc9a16c9,-0.16796875
115bab683816d037662b1f5d49d461ba,-0.2342529296875
ce33704e72cfd720e8725a27b79ef87c,-0.52294921875
940a74642015e0b607a7a86184ecbec9,-0.2088623046875
0cdf9478c43caf4834eecb526c8d57d7,-0.1265869140625
dd64405367302c9fd11530b1831770bf,-0.46826171875
aa6f174009755a1506a3297dcd1fb6fd,-0.38916015625
2d3940bc4078afeae6e1213f739913e9,-0.361328125
3ae8603070cb74dc80acfb2005fdc4dc,-0.422607421875
04e26dc3afe7b98a8d181e25bfcc1be1,-0.43359375
36449e0c8b8c5d45914ba1774f664799,-0.2403564453125
b210b676cd550946b8593b5292329aa7,-0.28076171875
5ad1be3b2951c749f050e7e595ca4128,-0.1800537109375
9dc116129986bdbf78dc8cd1e265467b,-0.60791015625
8dce21849bca262781a6e1098cd97aa7,-0.220458984375
8adff28f87ab369f73be008034e08b6d,-0.50439453125
de32b10e32f50551105a7337d7bd7a86,-0.3125
3a01d14541cfb766de858297414bf3b2,-0.38232421875
4e265eb5bf7c5d964869b83886167452,-0.36865234375
f3832833c02d16da489b61cd77a398bd,-0.37646484375
38cee9c6cc0d83b878def8c4e81f9b07,-0.338623046875
d83ecf83bb7e850c414aef5dbac6b452,-0.34375
20fd959b19b10ef09af9fda874d6e942,-0.85302734375
bafda61ff1956f2cdfae59c4787cefeb,-0.19287109375
f81f90f0bdb529aeb0af2b040a6e4641,-0.309326171875
10029506f8cec4b8bbac9f15194b5598,-0.58837890625
f5d340cdefa584d2b8735e04025d8c2d,-0.444091796875
9c1c17758d98d8f953418d8efa711859,-0.32421875
bafda61ff1956f2cdfae59c4787cefeb,-0.19287109375
75f46b7978b3115c2d9251e47b73155a,-0.262451171875
43d04aedc67eb0d867d80028876ba474,-0.36181640625
000e5bea0f163ad25f303c162de0286d,-0.60009765625
d6f28199a2789f6c153f66b9e120cf29,-0.58203125
841fe89b4042d8a2de8072eb5628640c,-0.87060546875
8ec976bd7fa6183610bfa392d0054e72,-0.7998046875
829fba287aaa908e57b569fcd1df2c5b,-0.8857421875
0199370f98f60804bbc762c61eb7135d,-0.8837890625
3369e8fc2b1ee3da90973fd0594ef1b9,-0.7294921875
886b3d0e4c022009b69c86fc3b04db6c,-0.24853515625
3fc43e90f9e3ec2d2c6e4c9054d94d51,-0.56298828125
b2a006ef24a450ac39936c7a0dcdbe19,-0.53955078125
350e709e901146d4a39f31c3349b8be1,-0.30322265625
61d5552146dfd541f2d95d8ed67e1c3b,-0.99609375
9233e4b2188effe85bf23db6bbcf66ec,-0.67529296875
14e55f66c05b12e0898d863c2f784230,-0.919921875
68d5e7b800b9b074b9e6388e447a4865,-0.56591796875
3d33d83cc8de7133d0307b57509d2f69,-0.427734375
bafda61ff1956f2cdfae59c4787cefeb,-0.19287109375
14dcb2daf9d41c0ce7cd4a6e247666e0,-0.236328125
a1a1b2b6d2db4cf2d77ac3bc0092bf02,-0.1485595703125
da085dd06171a7f3e89ff4a71ee43e51,-0.4619140625
6e6e86e4db6d774edeca2b036d5cc9dd,-0.485107421875
2ed19a5186334578d689fba3e2bc0cd5,-0.52783203125
43199bd49ba4ff6b6cfac51f3824a640,-0.5927734375
d79a2610e1263547949912cdd3dcd501,-0.66162109375
841b02c78148454f48e033bfc5b1e79c,-0.5927734375
ba19e8ffed811eb897d87e44d1fc2fd0,-0.6943359375
b777acc9023b12218ed96c27357a23e9,-0.54541015625
0a5456a19b06535f5319e06274ae8360,-0.344970703125
9715c83417bbf17caf4865d6e7a5e0d5,-0.556640625
a169dafd825d9fa9dca7da1ea9830f34,-0.39306640625
312bedb819ba7a833e299174817cfade,-0.4267578125
f34d9575c3af099b34ca5335e7675895,-0.6396484375
d499bb08a2ca5ee2f15fbd64acacf712,-0.59765625
6a01da313c2ef09a898784cc35a606b5,-0.5947265625
5cb1ac0a30fedc48919fd478822add00,-0.498779296875
6c381aa3fb6d487722790ee479236917,-0.3544921875
6d1f65bb86e4b6390fc2c8f5073d42d7,-0.45166015625
b389602955a4474dbf175138d6e5d9c5,-0.61181640625
3f2ba425d3ce655d78cc8b0fe71c3500,-0.59326171875
150f3736d5a4cf783fa35ef832a230a9,-0.5498046875
d896f62531cd7adf88d1570e1353f480,-0.5166015625
4b6e2faad0a7db7a2c1f3dc86f56de0a,-0.53515625
bafda61ff1956f2cdfae59c4787cefeb,-0.19287109375
61903094edd1bf726cfa029ec33c0214,-0.4482421875
c509c49c78ed97d30e2b684e6acc482f,-0.37939453125
26d1537d77dc19ef9cc519b47d2b264d,-0.6669921875
ba50a0cf6e699bc0c1fb67aff558c070,-0.475341796875
c3ce4d74d5c9b4d5311b4c4ccff71a44,-0.5712890625
b42871509cfe6442347936f3a863a362,-0.40771484375
d0055cde2a0014e15c0b8881672952c1,-0.496826171875
8a1937a59e03daf7c70eb54f4402c1b9,-0.482177734375
9c3c1a276aa913aff2c506123b15bb56,-0.66015625
06f2b855a10e38cc54aba0d83d081e69,-0.369140625
438a6d8facaf926d66c5af8f81a702e3,-0.64599609375
e82fad3170ec193fcc76d22032ede05c,-0.1951904296875
66947716586a2ab6b31908f659621600,-0.267578125
79c49d1746957538bc166b9e6cb821db,-0.22021484375
3cf27c6659858a01f0d50df04cb59181,-0.2359619140625
93597cf87b692919dd56e3761a22875f,-0.236572265625
8012061a30e8e54a45908ad509c02d73,-0.257568359375
01b98122e1a3ec92da2563cd70d0083b,-0.279296875
9713f127f55b42b5c45dbfdad26c3d5e,-0.2493896484375
153b2ef5e8441f3be1ecb792391d9ec0,-0.262451171875
a72d24633667d0a88f9399fcd450605c,-0.2083740234375
08fdd22f71a3def5642e7002ce4c14e4,-0.246826171875
01b836de9cb2b93037d32e26ba95624f,-0.1500244140625
77960bed89884505d5178653ecc88371,-0.2408447265625
be175027552ad19e17639e589cec5c43,-0.23388671875
6cb1257a50db1d1a902e6a6f2f725579,-0.1824951171875
22b8f3ff6257ad4d20933969a82c289b,-0.16162109375
d41c50a7fc6a2b57dc8bc96cc033d562,-0.258544921875
0eb310ba21e25c997ea8743fa03d1726,-0.368896484375
228a982f04408b8446624a037e717f4c,-0.241943359375
bafda61ff1956f2cdfae59c4787cefeb,-0.19287109375
3a9f8effd5118434d076a7c7f17c7015,-0.26611328125
219ccab7b0ba8eb2502064d91f9eac8e,-0.291259765625
96eaab160cf058c48fafcc6bc9fc369a,-0.308837890625
72be824002a053a394cc241a8b084da2,-0.2587890625
d151816ee05fe6e984919ccc8dc006f1,-0.35107421875
f4e7dfe2d5a194411979c5398794f5c8,-0.31298828125
3da0b274a905d556da4954bffc488d7b,-0.321044921875
a712a7e866ccb0cd10ff0d50408e707d,-0.29443359375
f401baccbfbd50c124af0444e758fb81,-0.20849609375
251b172e2796c038918b6b88be0daead,-0.222900390625
d78f6fd5429c95d04e86d8290beab7f2,-0.295654296875
044d2dd13e5f7cfda6e0ccdfb57faf3f,-0.282470703125
fcb589fa61325d1aa768e2a0c5b0d2ac,-0.2802734375
e74893c63e83825c0116048cef16e94a,-0.2978515625
67d73a8230b6e651f80af790ad256535,-0.269287109375
f082fdd10bd8cc5f7d6fabe45a5a4a38,-0.272705078125
1d342e334a5fd3c5ca500ce8cde9ccb9,-0.3251953125
8fecfed42b2758369982443285152f53,-0.369140625
21a9b5d6c484f91a99f4fae4e22df85a,-0.240478515625
bafda61ff1956f2cdfae59c4787cefeb,-0.19287109375
b6f4aa3d006d825c268125a424e426a2,-0.22314453125
e5ef87b4b4ff28c0096f5ef020eb2e20,-0.2125244140625
ab8e3456d84c59ec4e890fe52021575b,-0.2161865234375
9b821e2acc1ab2795c2b5ba5e29b1fa0,-0.2235107421875
d40bc73b091965e744d92458d4cdd893,-0.1982421875
83f90f4816b528d04422002aefcb9e45,-0.2188720703125
dd7fe21e3f89ee3b4852cfe584c147da,-0.2413330078125
a600884bec7211958e28d00324daee08,-0.2288818359375
3103a6e6b527bf3f72aaf36b2c0ec57f,-0.2159423828125
284f06eee44597fe16f676623d41dd2e,-0.1812744140625
c0f4f3fa6e5da524ad9016c11514586d,-0.206298828125
bafda61ff1956f2cdfae59c4787cefeb,-0.19287109375
7769ecda47d557996883c43bc34966e1,-0.2100830078125
5691bf59d30254795fd29d8e26dde8d3,-0.216552734375
a71ac5213bda4b11288e3cb96b13d8fb,-0.1988525390625
4bcd55ba892f4a93c81759eb5d556a45,-0.21142578125
4739bd8f89294eb7d9203964bdbfecec,-0.318115234375
b9c26b0294f8b3ee364fa6b593d5a9aa,-0.2034912109375
a65ad6b54db3bf37818605cda2ff3f5f,-0.2125244140625
467bafc013339f34af52bbaa56c5843c,-0.27392578125
6595a6aa54dbdf7034ce52560939fdb5,-0.216796875
e739900e98d57dc86be4e965606ade0a,-0.3447265625
679e530fe387da1be15567e3604a32a7,-0.40283203125
797b8aada2f5ab1bfc77e73a1f65937d,-0.35595703125
e5cb4c58c3925a9edceba432eb26a15f,-0.37060546875
ff553ca3e8d92285a3cc98957c977cac,-0.239501953125
975e5b83493ed1e5553dd46d8072ffb6,-0.2086181640625
27185f4e519372993f9dc7a47d2c452f,-0.27734375
810f968565cd8ed1ceaa34bcde6f3983,-0.29638671875
bafda61ff1956f2cdfae59c4787cefeb,-0.19287109375
3b64ab31811b680a140603e855431be1,-0.3359375
d90da537c166b118ff0ecec2e0c7b5c1,-0.50439453125
2e42be57229bcac8158de29247be5b74,-0.3583984375
119fb50e3eafc4910368d9c0fadb83cd,-0.405517578125
e38efbd972864b8c2ea0d843a5fed0d6,-0.31982421875
a136f861f915ec0db982ddfd52319c16,-0.33154296875
2ca2a7925c6b40d79f589743af18ee24,-0.366455078125
0569020d9f9c9dbaca0d1609e394fd31,-0.311279296875
40115ac03c7f60bdb11561881282e32e,-0.266845703125
f5de34440e83f0a36d5dc52846bee64e,-0.455322265625
9cdae2586895234bc9e3c01d3cd733c1,0.004940032958984375
2e16e43a8ba1c272ea4f0fec7d630616,-0.330810546875
469fc90d115cd449eca07871efe3539b,-0.33251953125
b68339dab9286444581a45f908e205a0,-0.345703125
ba81dd987736fef25a15f6b0615ba733,-0.28466796875
d5320e4fdc64e86b759a6070074d8acc,-0.3134765625
2da7e43035be25915353f2b31c092546,-0.364013671875
952eb996785caa51694d08b8ec56e121,-0.266357421875
f429ef5b78438fcd6db459bd3e6d9b5b,-0.265869140625
984627cb1ef4e896008ffa2424537ef4,-0.2340087890625
34d8a7d0c37c02731abae5ca588bd782,-0.360107421875
f55cb718487a4054cc3cc44a5675e85a,-0.427978515625
686592c02100eb2731b3f4751a8ff7d3,-0.3740234375
e425449fee40e7882ef88b4074789451,-0.346435546875
bafda61ff1956f2cdfae59c4787cefeb,-0.19287109375
75496da23f4ee82f56a253855fde337b,-0.359375
6012bf31d737616b6df9c25bfdfa3f41,-0.30029296875
0c66af8422d0a419f9f96954b368fbb8,-0.43798828125
1f63a54948a0c79aeba18feed483cb18,-0.3115234375
86b5269b0b0010fdef08295812755633,-0.327880859375
933ce5d1643b51fc1b3b4d053eff2e24,-0.0369873046875
ee52ebd98c8ebea328f290d9c59d1a9b,-0.140625
a57b85149f5da50767473c09932238cc,-0.1563720703125
f16a55d67ff34cc3c888ba9c64458896,-0.273681640625
e957ee5d1e7684a9412eee16c119c015,-0.267333984375
69f483776636d34b48f01af6615b8585,-0.315673828125
113cb65ab051d651660f5a3e23e8a415,-0.294189453125
ecd6f103c3c31760b470b837300a2522,-0.298095703125
6aae3d659c5081cedbbc590476e62022,-0.327880859375
375162c508ec3a2385602aea0c9ec65b,-0.3818359375
bafda61ff1956f2cdfae59c4787cefeb,-0.19287109375
4208e3e6678524f6ccd68ab2b0ac7668,-0.5498046875
78f5f569e7dc9817da365700f3f6bb03,-0.2083740234375
426e82054f8177287e172e07452cc288,-0.2236328125
2cb8704ffc19b887d8c894843f1c945d,-0.173095703125
f8a5439290ea50a5f36ff20bbe87a1b9,-0.14794921875
07a974c0d94b5bf78af5f2172da86c0c,-0.3046875
ac6b74463440b8da7d3b3ec5fcc8b840,-0.456787109375
9e138689a525580d1158708659249bdb,-0.24853515625
c804a9b7956f727d9b9341855e903ed1,-0.50439453125
f23f3d0f5ca58242594ce5843c806f96,-0.45361328125
ca050a4c17b48a53306b0758712eb20c,-0.6552734375
4de202506c3201260fd213fb89182746,-0.64306640625
89c0d5e14aceff8e02c713f4a321f41c,-0.736328125
12740db71338fe850b3b971612d625e8,-0.73486328125
7371d74864609d1eab5e7e19199b0c3a,-0.58447265625
bafda61ff1956f2cdfae59c4787cefeb,-0.19287109375
888231ae071a4cb5a7673d958ac4dd43,-0.57177734375
db2a52c20435c64dc97f3cfba4ab8787,-0.71923828125
64c7c53662231fbb2b600b8169517fa2,-0.84228515625
ac59a2976e52a9b5493c599475bae7dd,-0.71142578125
aea873291a7831c4b6d5d0c9b30629da,-0.82177734375
7718a84f1b3d3fafb121df9ee9420b1a,-0.74658203125
3c15b7fd9de433fc2aff9a07fa3ea839,-0.71875
df0e0f4bf91c492444745d3da068c608,-0.80615234375
04b7a3e1f850833dd57b8dddf6448c89,-0.72021484375
fdbbc819931a6f1ec590edd71dd7682b,-0.9208984375
a6f28e55f5eb1accdf6dae7d1d1e33ea,-0.8037109375
740ee3aeea75620a8e8a8d0754e93ff4,-0.73828125
36a5bf039046e4ea231c0300f0a2bd04,-0.8603515625
e4ecdc3659d36868bc382d853ca46d2c,-0.46142578125
638dfd5a9030a150c11e7f12d887e996,-0.2255859375
314a25820fe1fc76ac6892ddb84832bc,-0.267822265625
bafda61ff1956f2cdfae59c4787cefeb,-0.19287109375
05007d1299505a1d5c50bb0072a1617b,-0.250732421875
e41a46d28f5414c4cac687adc974040a,-0.1817626953125
7e2b0153de43033feb67e2d373deb5fd,-0.046478271484375
3ca3e1d66930c3db81608dad60874ce0,-0.1868896484375
167ca6d9fc6cfdc2c2f5bf6e2e465566,-0.479736328125
f33018d81e1d11251ebef43a8bebb69c,-0.47509765625
9d855b3fb0128f845dd6aa9cafe60968,-0.501953125
55e1ecbaeb239debf84ab62e317cbc36,-0.50244140625
7bc28558efe2c54310c5ed5c95dc624e,-0.486083984375
8898f4208962eabeb25c6c68b09ab1be,-0.337158203125
61f69724db048b60addc12c0e8ad8819,-0.424072265625
2faf5e56648b93b15c3fb15f7d848b64,-0.32177734375
77ad3ee9cee476b05fd41d6814deddda,-0.368896484375
31152434f95dbbb05895b6c95aa2330d,-0.607421875
9c819a411372c5df4608588c5de759c9,-0.40869140625
33cafd3bde5d835a8aafcedeceb50f8f,-0.45556640625
384290339713fdea3d9a72615992a820,-0.85205078125
cdbcc80c7171cdff36487a9dbede25bc,-0.73681640625
afd4c7abe936cfc4b97baa1ac609a5a8,-0.669921875
7947d895596b982dac4ccf6042557f7e,-0.7666015625
76b9ceada810d4e79dfd339155fabbec,-0.765625
9881e833119c2dc3244f4fc5652cf888,-0.4677734375
bafda61ff1956f2cdfae59c4787cefeb,-0.19287109375
0a941469c558cf186ed878164583a7fd,-0.39697265625
e7ed8dfa6dc54e7f8e853c46c63b5b2e,-0.8466796875
4601ead700dc094fbb2ffb783d052b6c,-0.93701171875
9cf3cd57477f3a1b4be6c6e493ad3902,-0.78125
e49393c9d81a54130ab6b61737b86b84,-0.94873046875
c85cf4023653a95bfa96dbfc77ed62d4,-0.77197265625
32f5c8ae9b2e8bed4b19cbefe0151378,-0.73095703125
fefbddc04fb6dd2543cdf497eb5429a0,-0.79833984375
2810d6f9abe55db0485edfdb916163c0,-0.72998046875
7b8cac1641505fea25af2bbd463e56e5,-0.76806640625
1e25a18ffd2c5edfc1dffe6f15226d88,-0.8017578125
786fbb8ca0964c9d81e6ea4fb5c6d955,-0.6767578125
855c54216fc0d095187b539c7e31a203,-0.8359375
221f86496ee2460fc0bc6352089bcb2d,-0.081787109375
28c1228ee5ba0714a10b451752fc84a4,-0.0188751220703125
ea785e32fecfc928e23ccc65c26e0490,-0.12646484375
69d49e181813238b75f5c0f3bc296de4,-0.1409912109375
ce5f0f50141442164cd3bd59dd79ed44,-0.16650390625
786d65bef686e4c0fe7064b49416a520,-0.1265869140625
c1777be5ee3b8ea62b26503900b3b58b,-0.08154296875
b00b00357ac74074f0648d60eb46fcf9,-0.193603515625
23357f9759fb79c1b8485cadc61916cb,-0.35595703125
4e37672a72dbbefdd770cfe3e98b48d3,-0.144775390625
135c0fb404e77e25f32640de065e5ccd,-0.361328125
bafda61ff1956f2cdfae59c4787cefeb,-0.19287109375
b76f615460df7fe4a36ee568789da16a,-0.1959228515625
d2ba8674e9d8e74060f7428ac8654f6b,-0.09228515625
fc15853a84963b2406e826a3e3ef1d5a,-0.0259246826171875
fbe85744575b1eed3c1ac10c4f560fbd,-0.11859130859375
d12c4595e1ba87b78a56cf67f574583f,-0.1143798828125
f54f4c82ccd1f7730477c1c73c1d557b,-0.5654296875
bf4cd5579da1a94d020e35455c2525ac,-0.1966552734375
21c62e95ceb19a8bf6d6f546fd6e8bde,-0.380615234375
25d57d0ba3c3f9d944e09149c45bb364,-0.595703125
5548a98a5791427c6439113650335067,-0.4677734375
bafda61ff1956f2cdfae59c4787cefeb,-0.19287109375
5793b09da5cc29c22e4b6c76347ee2a1,-0.37890625
21277ee45564c01b594e45c98858eed5,-0.1937255859375
a1edb98a3fa3a8ba4bcc5b0ad4dc1f79,-0.6005859375
16fd13b283671219da2b12e8f6f68866,-0.64013671875
1a4123b5c64c565dcc23161f3d4ee50a,-0.57861328125
e612d6096e043f6f0d10cc7f9b08e899,-0.6826171875
c459a207a7e66850b20d1d149491a4c8,-0.77392578125
c3002ac4ed62ec2a2cb98cfc8c6761be,-0.69384765625
6ee769ec07ac7436c846b8b650d3fe0b,-0.69873046875
3ee0d48ae393bf957dae24d194e7a136,-0.57373046875
344721cf61c3b6cbd8d00b3eb97260bb,-0.4873046875
ac93613fab46c26b3cd0976bff32f1e7,-0.630859375
90fa62c7a7cb258efb795d23ebd7d660,-0.39111328125
4c1b4cbb46bacd8678b5094f092fe233,-0.470703125
897822748bcfc59a137ff791e5602492,-0.69970703125
c979c85b5e6b7b23db0cf0fd386a9257,-0.63427734375
72ca6656de0748a2c24d8cf160e76b6b,-0.68798828125
2d876313c6d6966cc63e5254a9b2a9a1,-0.315185546875
58b3a17545cfc0a2e0c2f4fa29efabc9,-0.294677734375
16b4127ad40c90a8f3252e8400d3b499,-0.369873046875
147a53b5c4384227dd4ef862a7b64c0a,-0.42724609375
001b17ee786c3129d6905338e0030188,-0.339111328125
a87f25cb1702930880a041167fbbc606,-0.4873046875
d86465ec6ff5a7a7a26fa898f57fbbb0,-0.44677734375
6918d3dca6c3c92f9146b94e89ac7600,-0.454345703125
3d3899cdc0e41bfd5e8d3f7e999d8a1c,-0.24755859375
bafda61ff1956f2cdfae59c4787cefeb,-0.19287109375
2ceb52d575cc7e1fb069358f3e52bc94,-0.625
8b5371fd87ac6f3521bb57632b466b4a,-0.312744140625
bd37fb492ac090a2a718fecfefcd0850,-0.382080078125
36cb6a4c12728fd0f250767466b05178,-0.404052734375
fbaa29e43e9ca29fc92e22c12f09bbaa,-0.23388671875
2bff7458c95cc6a7b16aca6207f2d456,-0.287353515625
addf22a53777edc0f87ac1a9ea55d7b1,-0.3515625
0806de1a97a3b0100608ad2277d04e97,-0.490234375
ccf0d6e8385f616e70781df2ddbee3fd,-0.43994140625
f3158597d0abde6e6cb2ffe8b1464fc9,-0.26171875
3c7fa4738c3fd9b2f0b23801ff70bea7,-0.326904296875
ce5255467b5cd95153fd7a31df8e4c05,-0.26708984375
1cda9345fd345e6ce6a9e0a94de67b33,-0.322509765625
5b86f4e2940b28d060539d6e9d9baa57,-0.361572265625
17802b435d0cc487a57f51b7603b75fc,-0.33740234375
8919d928ccfdcc7a607ebd8801c2751a,-0.37158203125
518388cedff1cb9d482392fe74f30c86,-0.298583984375
eaf25e010740463ee7e7c54deef0efba,-0.330078125
7e0de62d92a58474520efce90923e6ea,-0.1767578125
ab65be4eb7898112afc4c2fbf098dd62,-0.23046875
bafda61ff1956f2cdfae59c4787cefeb,-0.19287109375
0788f302b75d74a89a9ed116824f0eb2,-0.2490234375
6c909e656074b6ac02fd98367074eaab,-0.2783203125
56fd0e1dff959f2f71a4b1a1e0485d5c,-0.324951171875
14cf1da3892aac65e0c0822864861d30,-0.241455078125
9fbcb7d299b6d80073f7cb96dc9c0903,-0.319580078125
bd4328c19db0b823e60c0867ccd5c26f,-0.282470703125
5efbe3fc92cf69796e99de5cc4b64598,-0.344482421875
948b8de03968e1e8b238317d6c95d314,-0.281494140625
1304f3104c7c47ae6dab0b8272970d0f,-0.35302734375
8e3ebdaef5a6cee42227361f8c2580db,-0.316162109375
7309d4096e2245024740de4bf2f003a9,-0.27490234375
78db9034a5a2610cc9bd779e465548fd,-0.322021484375
2047cd5fb60d1ac90500870cff127678,-0.232421875
a21dc768a95f00de827e8be3df7b80f5,-0.357666015625
3b582298de3b17eae90d9fd16ec92341,-0.201904296875
48f0f7b69ca316fd24ce5bdb3c6d148f,-0.2384033203125
3d9baa4ce71d1d1bb081df803aff6283,-0.1787109375
bafda61ff1956f2cdfae59c4787cefeb,-0.19287109375
17154a8f2326a09dd899bd30e027b710,-0.09033203125
81b6131abc6c56e9b4ecd5eb3d6af502,-0.2188720703125
3249884af758159cb39eada69a3928df,-0.09393310546875
cab57e975715b3ac63643af15e058839,-0.176025390625
d3c2d2796a5614b93bd45f0dc4b5c07f,-0.2408447265625
bd063b8a1ba6ae71d7529c2574132930,-0.2275390625
e32deb7c83108606ece3023f4d4dcc70,-0.2685546875
150dc473e87191d01daae49d6c8d8257,-0.29736328125
d62409eae9477e05086360cd66119a08,-0.552734375
1b96a91e625955a49e48da622a40c4fc,-0.1580810546875
a1cc586e6f02cb1719607f3fcf9fa0e3,-0.1766357421875
ad23625a9df0c548974f6c769c68a6d0,0.053619384765625
7b21ff35d714178df950fcdddc81e641,-0.206298828125
a3ac025d854084fbf54e705e341f3005,-0.287109375
bafda61ff1956f2cdfae59c4787cefeb,-0.19287109375
363b38787d26b1acdb4896c7ee5bcf79,-0.3212890625
50609293e1778f1fdc00b09fc6ab4613,-0.17919921875
ea7cebee07953f838cfd3c68e210daee,-0.13037109375
51b50a4464031ed416acd822e2044e6a,-0.2457275390625
4c8e3e77f0433633bbe606b3fb7b8b16,-0.2607421875
5034096d9dcc079cece66de764d5dac4,-0.257080078125
1f5e0ed518a9cd80398f4833eb33abe5,-0.347900390625
fdf23500d6278ca09f9b4bb116425546,-0.346435546875
a38ad96c5680181a411a9b1e373c46c4,-0.3349609375
d3f4a0a7a563952d083f287408ff7c31,-0.2100830078125
09cb707fa606ada2fed9f2a33187e611,-0.263916015625
82e6e1b7b23ed7920f80e743bca3568d,-0.2237548828125
5916378f91cd557f4afb2d6a8f2b4641,-0.2509765625
666608f05935fe449c48b22417a93e81,-0.292236328125
389136dd7095308097ac9bc46757ca2d,-0.271484375
6a7feb72a3e65ca8e3ec3396477cf222,-0.2296142578125
cd6aa4369862422a7e2801993b601d16,-0.34375
415ce2244488fcd04e08c9f3abf39ec9,-0.333251953125
67b36e2f86a0c3f3e1f63c25cbcb264e,-0.171142578125
57bbfc06c4de099e00a5bf21d0179f99,-0.2442626953125
b613094af36cea3247e7fa261ce99255,-0.1822509765625
18fbb975da159ea88e4f4cfa6ef56eb3,-0.304931640625
0475205c193e026059e9c7e4fee98071,-0.304931640625
f2909bdfb2f6d8d745385f3a31f1a180,-0.27978515625
f70a474685423ae80e419d44521261ad,-0.33544921875
417e911f2b0f5cd150488feb0d3193c9,-0.348388671875
bafda61ff1956f2cdfae59c4787cefeb,-0.19287109375
792527d09aab3195566e34dc2afaedf4,-0.1995849609375
a0d143878839cf2d2925331d8ca35606,-0.153076171875
881351f10354e34f95661022da6020b4,-0.2047119140625
f805d8b327d0e8fa5f0cfc1681470aa1,-0.203857421875
e0df866505dc76e028e909e254abbe40,-0.1717529296875
edbe1911300723655ca4e16b10d53a82,-0.277099609375
1e49c6f5aec5076fecb9a429af6b09ef,-0.5869140625
0fba0c6cbe4455e8c88453520bc2f0cf,-0.267578125
1b2c497afb91d9d636216d7fbf268e49,-0.2110595703125
692a4a420da9fc92fd4f3d04fd230e4f,-0.243408203125
bafda61ff1956f2cdfae59c4787cefeb,-0.19287109375
5da3c9b7d2a5608a6ab751ec3a58a5eb,-0.2364501953125
8db8824d8847b735e470159982a8ff8b,-0.447509765625
c8cc5475455e9bb2fa8f9da79257dffe,-0.207275390625
48131c36bde6878bb44746b7baff432f,-0.53857421875
bd7ecf0c841e329c21a7d90dbfdb0a0f,-0.343994140625
2fc8427b8e5afa560a895d8feb12536c,-0.50830078125
f80b391ec935c8017287399a82b3229b,-0.5361328125
f3747ab1648d1b0059e4de9078193ab5,-0.5546875
a7744f2f360ba3d431f8b46d9fc63bc2,-0.480224609375
265d27b87a05f0b3dd563d2441638e77,-0.48876953125
32a15c8793c9e91c14e4d5377580cf08,-0.489013671875
1c687be153a012840571307c5f4d0242,-0.447509765625
f07188df9f32b951fb1a89445a1fe1dd,-0.312744140625
68fc0a1a5cd9a4228aa53d8c000556dc,-0.27734375
931a7c06f3e7d18700fa3a922ba9ebf7,-0.464111328125
eee6aa672a55504d7731c81371c1a90d,-0.1373291015625
be4f1087a145ed1834cb5e27212ea305,-0.439697265625
5d294311a2d9bac23236f8ee3576e2f0,-0.51123046875
2b1eadd66554d685e8504198eb0c46d6,-0.364990234375
de4a9574b9446eb2f306234548014620,-0.306396484375
bafda61ff1956f2cdfae59c4787cefeb,-0.19287109375
7bd82feff4aa71c578c062bbf0eff7ff,-0.2327880859375
c8e6420c11852374b09ce5803bbeb566,-0.1656494140625
e4ca19c13f686bbbec5d361a6f6eef7d,-0.30078125
f8b9022c31d66ee531b596fb4e2d9d61,-0.297607421875
8800397df47eb6e28d074b2141b5b14c,-0.2237548828125
0295ed31c961532589c5644f08eb9934,-0.1859130859375
8da747de50147342d0038ee21c78b000,-0.45263671875
0ba22b650f5ca53ac24e4ea22b08e238,-0.2030029296875
e1eea74b802f3eace76476f7716edb9f,-0.483154296875
e75dd462242211c1f58e0146a2eec9f5,-0.287109375
0a1baa83f847c3f4ef5269cfa34635f6,-0.322998046875
23a8c6508c0de68fcea227c92c2f80a2,-0.386962890625
808dfe2cb972eb7c25f50ec3752bad2a,-0.264404296875
35186622705551407fe89e02995d8baa,-0.32080078125
6e5887f2bcef34cc18f6133a4860edbe,-0.473876953125
3b2790462a4274ac2bcc5736c8c7cbad,-0.271484375
a5739322f3c61028ca0a95c1316846e2,-0.473388671875
c89020cf08fc8452469d25d9c0af2810,-0.141845703125
cd43faacd7d5404814a5eeb1b448447d,-0.2493896484375
9c8c210d356cfeec8313f4ff721d4649,-0.223388671875
ce90c4307e58d2235116eeed685795be,-0.260498046875
039e89405eeac977ce6ca72d80f11e49,-0.2205810546875
2092d788e9df278ffb8e433507dbc0c4,-0.25927734375
f980ee8dd9016576f8e0e7d1245bf48c,-0.2373046875
9246ff4779b92a6fe790fb07e437e99a,-0.189697265625
6c181d4e12713b2e6601b5880267b4de,-0.10174560546875
bafda61ff1956f2cdfae59c4787cefeb,-0.19287109375
cb7d9e9ab593a5afba9d1634cc2f89a2,-0.112060546875
585e585b4bbed73206fc5449c4337e4d,-0.3076171875
959351df6f63b98fe23d1a7d2747ec64,-0.2142333984375
72d34028e8e8f12f98ec3fd421247ab2,-0.234130859375
344f4ff0fe0a9c0a00fc172d27d0cb57,-0.218505859375
f8301269ffb019cd794be22e9d4cfa34,-0.2491455078125
3f29d427e03a5df06cf7c105af570256,-0.322509765625
07b5133fe3e80a0fa39e6c9ac25e3b5f,-0.206298828125
41a91af4becfa1fd34bac363b6cdbd00,-0.2431640625
89bfce9536bd1ef1a809cd42b70dcffb,-0.3310546875
fb556cfd24ab79e3584cf1320c8c85b4,-0.218017578125
47007aff5a9cd7ab5e7818e8d3ad226e,-0.224853515625
744b482efbc1253968dfabe63c363bb5,-0.1314697265625
e195aef51ee70de8175edd4c8f5b251e,-0.19580078125
278414b619660dcb12aaab8df05794b2,-0.0821533203125
6a923ba1a2554aafe8ea8d7679036e86,-0.2371826171875
a33eee8bfa0acc2320f2266d6ff88746,-0.1712646484375
66c7f49725d843a884eff6e2e51ce54b,-0.1951904296875
3180e174219ec5348bc042d2e5e89aff,-0.12005615234375
242ea6ad1b84ea501b09b70fe2d9548f,-0.254150390625
8a12c802efa156cc0b5ee5dc61cfa31b,-0.1182861328125
78c5e429ff0b5e875c32a0130f64254e,-0.42236328125
74220b50378428c67c986208a1f679c2,-0.1890869140625
bafda61ff1956f2cdfae59c4787cefeb,-0.19287109375
f71b4200e6314a88f98bd4bbfc0d410b,-0.20654296875
91db73da36619055fe52d5f7f7468911,-0.17236328125
dee4d7e910b36e4dcc82a6be08137269,-0.30615234375
02880084b04be2287e0759156c0b27dc,-0.382568359375
662c9fc630971a242612d8d939f1eb8b,-0.24755859375
8b80924d0f32618164db3432b47441fc,-0.449462890625
0b451f46aff29b1fbb61e638547129b3,-0.31103515625
32a1c4ec3e4995756e8e99e1ba49ed2d,-0.244873046875
edf66e65497056d34d14fa98f6f27526,-0.348876953125
39d5dcc3cd22930aaed83e379eea0dc1,-0.364990234375
bd7d0a1b50ad569d844da24aa106fdf0,-0.349609375
d19c4152a334c15f9c723e4847c74f61,-0.36572265625
0e670fb16581c9f4dec24b15a654f68e,-0.29443359375
4eeaf51f861b2ddad2c5f9501740034e,-0.348876953125
8013ad4e96313cec1b3ff56379a6b2b0,-0.2744140625
ec89cd34b824bdaa5b0249d2779a052c,-0.317626953125
1e8bf5963d1d1443736d5d0c4d9af602,-0.332275390625
54b61f62eb52d04f69611e69c0a19708,-0.48974609375
0f2859875c26706e242b283ccaaac912,-0.345947265625
836d56595aa2d2d0e3ad42e15ac8d1e5,-0.38134765625
5b207b50ed59834e71bec43435cba076,-0.292236328125
338226e52bb38a027cee3ddca63baa7a,-0.348876953125
8ac445cbf596740283c27f5e2d8925ed,-0.341796875
bafda61ff1956f2cdfae59c4787cefeb,-0.19287109375
b83c0d056b62d9d1aeade334b2c1b8fb,-0.349365234375
e70a2fab767d547f4d2e639ac9a86467,-0.46044921875
e47d965d343a0c13ef64aaca2bf0d659,-0.291748046875
65ce4fccb9c92695255c5869d7f3a213,-0.23486328125
235ef2b334af5ce2ea297a902b9f97e4,-0.174072265625
cfc642ad6a4b317758aa15baf63b7c77,-0.22900390625
bafda61ff1956f2cdfae59c4787cefeb,-0.19287109375
745df7ddabb3bf18fb6858c2162d007a,-0.236328125
b11aac1591eef96b8b89d0346c54ad50,-0.2374267578125
aa8869a658dded39745cb9a0df4e8236,-0.242919921875
d076cbd3e2bfdfed5d57905d8c5b5e0e,-0.263916015625
f891742f23b4732086b8629ccb7885a0,-0.295654296875
0659da5252760d9878d81cc26dbeef2c,-0.19384765625
7b75d08e9e2edbaf28cfbd5c09ebfb09,-0.3623046875
15f79ceba8bfa6bbe727bda82a300905,-0.28759765625
ca067d529dccd27e4a7f4a28417405d5,-0.2281494140625
5d012def73dd8a5cd09061999127b79e,-0.301025390625
37088aab1f39a2ce7f582ce68df06b38,-0.2489013671875
efe1f1a1e5f043dee41795b3e28fff88,-0.373046875
98f1763e6814b0672d1ea7464f664078,-0.3564453125
c48c2a8153e0658d1c8ed4e6ccc9a761,-0.35888671875
0b693c03538783b3802b905cfd72ab37,-0.281982421875
c5e973abe4342c25ca2e18ef83d2a20c,-0.26953125
86259688d73105fe391c21a16a843b3d,-0.272216796875
bafda61ff1956f2cdfae59c4787cefeb,-0.19287109375
5aceab27eced407762c7b412085299b5,-0.275390625
64b458e20da3fc9419917773fe89e2a1,-0.19287109375
79923993719263afbf5e9c9e549892c1,-0.26904296875
5c5785a4cfcd3a86dca96b95ef64020d,-0.1822509765625
afaf89092d7025e069bc35184e53eabe,-0.2177734375
b1d158a83dd63a785a96ecf2640cb6a8,-0.2459716796875
6f0cf7cc5b744db63fc04dd00c629319,-0.279296875
a4766f088cebd537c0ea71242f66d34f,-0.206787109375
a2bc38e3ca7d659a4af245e3f2b3fca7,-0.3955078125
e7435a1640908363c44cd4e46549f045,-0.2646484375
21c99ac23bf94d8b1dcf6dc500d91f33,-0.2437744140625
16c0e1b9a3b2b7fc1ad43203903fbd60,-0.27685546875
7efcf3a9e179227d5265f9fdf7a2262e,-0.21630859375
49740affd9190dcc9e1e167bec155326,-0.33251953125
a61d5ea940d52e535d8610630e7631ec,-0.313720703125
6c90ef1ebf3875caea8f3dce008bafef,-0.22265625
04e1ca2922bd0e78ca3d81aa32b4b145,-0.332275390625
fb675e204d395dec92caab1e22c82784,-0.1761474609375
a3e8542150bba3c014cf0958e78a2519,-0.2476806640625
87e2dcb52e26ddcd42a0686cc8613959,-0.2259521484375
2207cd17354c7af13965f33f7365f4b5,-0.208740234375
2bc24bfb9587f6c879e4c150caa09e84,-0.2388916015625
0d10573f2155974717d10d4f49e5f8ef,-0.1395263671875
acb27f5d9245be939bcc10944588272a,-0.107666015625
45f165e6875eaf13cdce410f995134a8,-0.1590576171875
9560eae2ec0dc2f548573e9ffc0d0740,-0.1502685546875
92fb295ea7e8826b29fdc094f28080a0,-0.2406005859375
bafda61ff1956f2cdfae59c4787cefeb,-0.19287109375
910cf0405da5651c005b402068eb7965,-0.354248046875
339216a1b8e538385b0aa20293e493e4,-0.21044921875
3b540978de9dfec53d6197aa11f5e4d8,-0.1917724609375
05f22046fa4fedd8c0a1f5fd493b34a1,-0.204345703125
98248bb248d38091e53c5d6979eeff69,-0.2264404296875
d9ea7e5f7daa4b659fd8bd430233b83f,-0.27734375
5fb4f3ad27233c06664d69b877a0fea5,-0.2054443359375
12df188d6f539f85f38796e57f1634b9,-0.2142333984375
bb1258a357cfe795abc7eab84408859b,-0.345703125
1c7b3eed61215a97e3b916528a0c6e8a,-0.1253662109375
07f19d7508b6e4d12d6352e572b58d65,-0.1990966796875
312bfa763ad23c92c30e59515a90ada0,-0.1895751953125
7877ea25129f2a31b19103435e803b49,-0.1893310546875
4d5228b323c4ced6280025e9efd3784d,-0.1932373046875
01793d743429f1a8f3edef71f60ea5eb,-0.236572265625
656c155b4f825145fe952594647fd98d,-0.2042236328125
d4057a34ee96eb05b8c61ce2c5ff8f3b,-0.23046875
cc07b48ad365947b3e0ffa8c001623a2,-0.1324462890625
c3b48edcde0ef59e91e2d866ee405282,-0.123291015625
78cdc4fb862769b13a2b3b8556f27b9a,-0.1522216796875
fa0f184de9571a577388ea71c18a0f81,-0.1795654296875
bafda61ff1956f2cdfae59c4787cefeb,-0.19287109375
20f095e93861437ba74eccb49ebb728c,-0.18359375
4dd38fa0e22a34498e7ce232ec84e3b4,-0.221435546875
f9a9dbba912893fe548fef8b41f163a4,-0.2093505859375
de56e88a0290a7c7d50e37d65d8d077e,-0.288330078125
9f4e590757b3ac72122038ef53937ac5,-0.05902099609375
a1720adbd462c666492f95f193863efc,-0.2110595703125
7d9d4c052573abb1fc84453cddce48df,-0.22509765625
e1baa343d2957dfec38d6b622fb5d136,-0.51708984375
31e2fd4fc6f5b23a48d76214f1f32263,-0.51220703125
fb5d5335324d4468f45e7b25e365bd59,-0.47119140625
70dc7fe083bcad5ae9295a879c14f92f,-0.482421875
5f5194aca9255f5384c306a1d2afc8a8,-0.5087890625
311c87358340ad7098d8f7ab698642b1,-0.353271484375
bafda61ff1956f2cdfae59c4787cefeb,-0.19287109375
183c283fb268c7d8d2e0d5f61fc46714,-0.326171875
738429a95e117e0284a42718772a7a58,-0.55224609375
3efd41816b01f4d0aad8df0aaf8c312d,-0.53857421875
91c20ea145fb3f1b03dc167cdcc7a215,-0.5126953125
4d772cd53ed6859f399620f52e3fb124,-0.6015625
d72be1154529c83477718e4c7753691b,-0.51904296875
2ec086805b21cdf8156fcfad1850cd5e,-0.478271484375
d60ddd542485bd71e7ee6f9bcca5c0a2,-0.50634765625
17a33a012e87992ba0508b48d09bf4a4,-0.52490234375
404587c86ed8158391215c3d6f2858fb,-0.5009765625
a05f504c2fdfa66544d1ec751cb19881,-0.61962890625
be37f6532aa949c84c8a389a2028dd6e,-0.4482421875
00e1dc5b0fe4a91bf74918bbd822d3eb,-0.482177734375
08e3e8e51598737a57fac222520870fb,-0.173095703125
1262e84584592ba44a7fcb1cf4eb9f7f,-0.1248779296875
297bcb3fccfcd10505e4d5cda60799af,-0.0111236572265625
6a0b591662ccbd0dc0c52a5a82f9689f,-0.032562255859375
3183088d5e8e6cadc6b554fcfaec31c0,0.035736083984375
3f6210e5c248084d163ca6d3d52b935f,-0.08575439453125
96c62cd1d91dd3f6111339f4401a2aa5,-0.119873046875
f5e2202a41adc090225de94cf5ac248e,-0.1402587890625
5f7c92f4159e178f61c61efef95b5b3f,-0.328125
f203d3be9bee96e728f6599108ab0123,-0.262451171875
7fe01f021715767ff28ffe4e79be3c24,-0.2880859375
bafda61ff1956f2cdfae59c4787cefeb,-0.19287109375
47bc49bc7b1f68febc5f8cdcf2392bd9,-0.2099609375
cf050598e6ef9c7327d2519b9d1a6cba,-0.08355712890625
51ce958e4f9e3ac93e53a4257af3d629,-0.192626953125
20fc8924064e78893a9a20648817d40e,-0.005519866943359375
2c688035fae764db5fad13efd8053d72,-0.190673828125
f099426d17d9d01ae4e7fe818244dec5,0.056640625
a1f3ab0467807b9830d8c37e6aa18d92,-0.1868896484375
bf6e00d6fcfb7e32921f1a15ab0dcdf9,-0.16162109375
2f6781f46b7ecd4de0fede870a7de696,-0.373046875
04ab70f70a228dc70babb8aa105a135d,-0.353759765625
955f4905a4597609b4ce2d0697fab6c6,-0.35693359375
edb2f6871f036166019be09d7f3b1963,-0.515625
03ff4cca74838a525cb2541497761529,-0.43701171875
3735a544bc0192cd7da4b27008033043,-0.47998046875
013fbfb5013fb3e671306f7d561edc40,-0.4150390625
a7d9baf9e3e34d8ec8c2a54964c2acf5,-0.484375
f6689999c9c3eeeaf284947bd82886d0,-0.4375
07c5501bc7fc7e63705aba66b32b1e67,-0.4345703125
71def4d1dd4ea61cc540e156ecf0baf3,-0.48681640625
79b2222cf90145c1c5a9335665cd71a5,-0.76220703125
699151c16d209fab9dd6db004450fa28,-0.5908203125
5681d3a8baddcdc843df782c55744ecc,-0.41552734375
69fc7315f99ca81f4bfeb465edf5e4cb,-0.259765625
c0e74cd05fedcad9466efa528e908c00,-0.320556640625
bafda61ff1956f2cdfae59c4787cefeb,-0.19287109375
cadb6e7798292625cd1a36edb279bb0e,-0.62890625
f88b0771e90c22aff0755bab022cbb4b,-0.53564453125
cbf52515292f0f4d13ab6d60806e6adc,-0.68603515625
dfd3336753b6ecc944010406f84e56c3,-0.455078125
ee07e50ea313ccfc6cd61bd424250da5,-0.29638671875
bd9ed66bd60fb03192f3685832299b78,-0.41455078125
61ea090960041f2e4d0e79ceda89785d,-0.4208984375
f0d21989194fe1ae2ff6e2a2f9a3b566,-0.404541015625
0071d937cfce76dfafbef91085e5da48,-0.54345703125
68c503c635e31304fc2f7d73a4714fb4,-0.463623046875
b2ab9b60f79068b67802ed325b7327de,-0.58447265625
e05fab06d2ee6acc50577e173485a627,-0.65234375
6d2cc01521682b3e6b4000f0b304a2bb,-0.59521484375
1cdf3da2d962346f8012db968545ba92,-0.77001953125
ceff9aa991feee4133dc822df63e65a9,-0.6767578125
01fc3e4ecbd699f131912d72f71f30dc,-0.67236328125
9c05992a8f77506a6ecf70e1d19fdd75,-0.491943359375
eb703c17d21893a560a66dfac27ad056,-0.43701171875
036e6d782e9127c6ff0dd16ded53a70e,-0.44140625
5043a146d3a8918a452eac2351d29a59,-0.50927734375
bafda61ff1956f2cdfae59c4787cefeb,-0.19287109375
ccbef4e4769531e6e0770a6a4de49a3c,-0.64404296875
9766958669616be226f64af5d8d8ce66,-0.67431640625
e2493101fb528b7c6c9da5e0ad856ef5,-0.51220703125
bbc5a4bb2865ff9f20f8c633d2072085,-0.482666015625
40c397b1ec28a395e7a7f8c02895502f,-0.439208984375
c7718f30fb78b0e14c44c980803656d7,-0.48583984375
cc0c96f928494d9d90e61d7fbc0a7dc1,-0.481689453125
7c5d3758c54623c3e16982ddc5b9f043,-0.2359619140625
f8d61a6502fc64d5c2018b4bf2686061,-0.1640625
bafda61ff1956f2cdfae59c4787cefeb,-0.19287109375
bd7f32b1f6137af13cf7713fd61438ca,-0.5517578125
555ca2a4c248e1d3c64aeaf37cfdbab5,-0.54541015625
d49b4d5e5c0c371fbca159c7211346a9,-0.55859375
abb40a12829b5607c48c4916413a5d00,-0.65380859375
74f0420c5040b82d73064c8800325c3e,-0.53173828125
0fd153f4f3476ac14fc9db56f63b9881,-0.53369140625
51adabcd46cb3a128dd10b7f0178c0a4,-0.56787109375
a8a7f8b413ddaa1dc26c87197da3e3cf,-0.5087890625
64d5eb062b52b69dd196d31c5c679f58,-0.58837890625
e7d355cc5056110644654f88682c1222,-0.57373046875
42786c60607226125a3cec9cfce32f01,-0.435546875
5f44adf07da545f8e99915768ee446e9,-0.59765625
74751153eda42999df1f154fee1e6362,-0.48974609375
23604608e8e37ecbb26b0125e5214810,-0.494873046875
8ad6d7e21afda88a8cd65e3753087fb8,-0.5166015625
e3c829bd6c56e60bcf975e63e13dc84a,-0.5966796875
c5af50617f04f91dca60a0ac72d1223e,-0.521484375
288636241b5728138613f012e7fc0ec5,-0.51123046875
5ed0bd2f7fc51d5db98847235ded6d28,-0.358154296875
5e4ff3098af1c64f119fff84b7942bb6,-0.4892578125
a9bf7a70416ecbdb07bac81f7a0dfa29,-0.6591796875
d2521f5d6f90637fb0c24a2eefa0182a,-0.6005859375
6611c39d5c6185490722ae4d790b4a56,-0.666015625
26773221c3e6d3d2b9c9cef0b05eaaee,-0.8173828125
b18b8002ce070091f7f2841c2eac50ec,-0.58642578125
a2e480786920388afd618ae4fa08ee78,-0.44384765625
755370b9b6db6dbd722435348b4add25,-0.52734375
ffe4b5b1b36ba6a9d91b581083db68e2,-0.55810546875
097a5e0047209ec5967fc4fcc0545f51,-0.5986328125
ce1e442c03ee007e52de523ae293f92c,-0.6083984375
bafda61ff1956f2cdfae59c4787cefeb,-0.19287109375
54ed6e34224f905ab968a7c49aff2f93,-0.7314453125
bdcbf4797ab5e70a6ede774fc5297177,-0.1805419921875
f889ae03690d677ae3b38f6195eb3995,-0.0531005859375
033aa4e614977f5a0e7bb0e9bd79f1a8,-0.203857421875
7b363c492c2c02c417957014e5dd919e,-0.290283203125
edcc5c9b768f63e36420f5b9d22aa1e1,-0.27392578125
761df0d03d83aeda3865e8f672ef2d63,-0.3330078125
0e7d9de2380ea97a1cf046282e8a5c96,-0.318115234375
fccf58163b9d4e2f3795e7a7dcaff5ec,-0.454345703125
97a2c11eb37a9d7ed1af89aee41afe20,-0.48828125
bafda61ff1956f2cdfae59c4787cefeb,-0.19287109375
fefe1a5f21050b78509c8bbec20634d9,-0.59326171875
b167165e89f2e581ece225e8f6eae5c5,-0.76953125
c0a6ed4889f0b9b412e9c6aa0d14f263,-0.470703125
0138a88a400592664a3d81f72530fd2d,-0.33251953125
f5c09761324204530bf97742141a0779,-0.321533203125
81fb24ff182b708ee217f41f6598af6a,-0.376953125
befb7ee3f0c4e7be3032cf3c587be5ef,-0.412841796875
5fa5600032171af20fb0593f072378a3,-0.435302734375
f601b3d6cfe367cc2e313e840adbb543,-0.471923828125
b426e1b7d986e70a367894a6f86788eb,-0.705078125
bafda61ff1956f2cdfae59c4787cefeb,-0.19287109375
2a4ee7198772b217d6d8e4b1c716a287,-0.1259765625
8a8b7f6367478817fbf01cf1e64c86ee,-0.393798828125
5702fd2a5e60f04dd2c76fbc25d0639d,-0.320556640625
0d8ae874982269a6a7700b42ead988f2,-0.3017578125
d98a7292ad72c4dd1d6dfbc4a6f5cebf,-0.384765625
c4f7a772c750456e54d8c9d68d342e95,-0.339111328125
6f204124a73c19638524b85ca8fe366e,-0.4248046875
0d72bacc0dd9d818b8d9ed09a50bd269,-0.61572265625
a540b76c66322cd480e1b7d0ca0774a2,-0.54638671875
c0bc8aa788ef7c5ecf140283f3ba35c1,-0.56640625
f151a8f233525e6a331cbfd331e14070,-0.642578125
a61fc183ec840cb643077a000e5a4cb5,-0.541015625
9f9a9f9c29dd76bff86a2254b0233e8c,-0.370361328125
1249eaadd13d8d6295f281eca620e267,-0.2802734375
d2345bcd108ab4a825b618425b6ffbd7,-0.3134765625
2a1bcf39ef64854bfeca1a9028fa24d4,-0.452880859375
722be5f45091601e098d59d0d5d5b8a6,-0.480224609375
8aa5929f384b1f8585136659c2cf09b5,-0.51708984375
5ffc04732a80f68112f5a92ff7a3b344,-0.56494140625
c43bf3025eeb2d29b779e25c9390391d,-0.57421875
600b05033ea6b479d0c8d59d95c5c373,-0.436767578125
af82f72b6215821042a30d47153ebc89,-0.375244140625
376b024fe764034ef15bb25bf452874b,-0.360595703125
6c90b44e8a454f4927581f23320d284a,-0.390625
413ade7ff5f6ad57686ad9bbd26ba347,-0.367431640625
f7fda5a140bb434176c8262e84d27ec4,-0.1593017578125
e0ef7ac65df556e2b3bc257a4f10f858,-0.316162109375
1fa3f3d0fb3527297ba50ef8ab109afd,-0.6826171875
5b50f0461c05c05e7595fcc7e0d94c87,-0.56591796875
57d5bd75d051242f9cfe1a5b0e73ebe9,-0.65966796875
52431c3d883bf2684e8b66736621c00d,-0.284912109375
d181c21db2849c523aa6a6e9dfcdacdf,-0.39794921875
152eb0f01eec0c315b34223384e9dec9,-0.378173828125
d5c1e6c687d8e70fd502ee5e99938a23,-0.494140625
3ea99e7340faab40f5517b12d5778184,-0.41015625
972ade70d4d92ec9891b205fd8474d23,-0.52978515625
160e602b49ac00d4b76e20bec4f5bafd,-0.70263671875
1cbdef04ba6c6960df67454fc31a552d,-0.481201171875
bafda61ff1956f2cdfae59c4787cefeb,-0.19287109375
84decce59d18afe5205f76eeba06818c,-0.55615234375
db873361a383325198079335f1f8e3ba,-0.2415771484375
197fbbe1ab79a073e1c18d1c7b804a6d,-0.293212890625
eec4421fc3a418c669acfbbc85b18194,-0.285400390625
26bfba45283f4d2bdbed25914b8d2dd8,-0.2396240234375
645826f135eafeee8ba06bfcd1199ecf,-0.218505859375
55301e890c8bb4050c1aa509545797a1,-0.33740234375
244745a3e0d321bab8bf65cbf4d9a0a9,-0.513671875
b15f9b027d7caf07040e34ae568357df,-0.69677734375
0b61c17c2b43bd27583759727f6c1a55,-0.671875
464c2273e691d2c7f4530a846334ca99,-0.6640625
0dbcf4f86ebaf37b78e61d04b5b8e882,-0.7099609375
4605ccfb1fad86ba0a0a22a2eadb11b5,-0.55078125
bafda61ff1956f2cdfae59c4787cefeb,-0.19287109375
31452db636d2cfe4a26cacfd05bab9ea,-0.5556640625
34edec82ae7a41c812ef2cfe3ae6e077,-0.45556640625
044fe150a0dbb8c479cd15b49e8f39dc,-0.51318359375
151308890dc4918e768092ef5a831fc4,-0.677734375
3b7cb2cad1810bc6b8923caf452f9c6b,-0.61328125
9c9bd96cb5fd4cb6c57a70646bcf4fea,-0.6318359375
5acd6091a685f9a9653b272eaa068464,-0.375244140625
15e1ca4cb1bed664e3d796e77b79baec,-0.1279296875
f757af578c85799c9c2a53a4d0dec3ae,-0.10894775390625
16bba5b0837fdbd421da0260f5b47b56,-0.1630859375
3998587dfdf68512fabcc7b52a35c3c3,-0.120849609375
245b06175d7e491bb167a5a89aba06ba,-0.416015625
955236b276d7ef64d7b9ccd91e8181ea,-0.24755859375
6d9c006015e6027fab2f8430276f51f9,-0.39990234375
d85b110ae642aacd3156ce0753dae907,-0.66162109375
d749cb12f85dadfa2953f39e7bc0084e,-0.509765625
e0baf3458b8281c615e5229b0abfc808,-0.68505859375
9f98ef6c4692cdc4fa0c7181335795c2,-0.81494140625
63bab11b8d9ba1b64cf7b6ebd15e51a2,-0.572265625
626a3d0f166602dcc53c2799b4f63bb0,-0.217041015625
b30812613371fa6c283eccdc1deb9829,-0.2457275390625
770cb8c4ca94f99686b48bcd0cd0c98d,-0.248046875
bafda61ff1956f2cdfae59c4787cefeb,-0.19287109375
5e73f6c0602c380d2eaafa4b9c240225,-0.50830078125
8000a23db130fc6bb5450cd56c37a9b3,-0.54296875
642aa0bf4412fe72bb6a512d55fedfdf,-0.6533203125
bd49989a04aa36d9b30107c142eae9cf,-0.37939453125
afed324fbf363f5bac1638f639b55178,-0.1650390625
a915925bd07ae0ce9400debc35712a83,-0.1326904296875
bafda61ff1956f2cdfae59c4787cefeb,-0.19287109375
2644be63c10107d9f43a2ad608f39cf0,-0.121337890625
d94eb0488f982f71c9617611ae5e42ba,-0.1861572265625
c623b1b53040b282e417fabfda27e55a,-0.05889892578125
a6c2234a19ee3914cabb72fc99e297d0,-0.103271484375
da804618a5f399ab5515cb3b6159579e,-0.457763671875
c5ebd242e8d0e91e0c905ff91ecd2bca,-0.388916015625
72c53ccbb28d6261416e713e1f96f8c8,-0.32958984375
6fff582bfa0187d1ebc6f67671655164,-0.40673828125
360afb14629a2bb2f3884ce6a0cbb028,-0.35302734375
03ca69caf5ea58686d16c6a5d3629b9b,-0.1922607421875
417a1a294ceb9045235e5e89ff4b3ea6,-0.3427734375
3fb4460f180538ba3ba80a466fe7402e,-0.315185546875
2fe92d000a912abf661a16e9452a7f26,-0.33203125
319858033b27602a5f3df40dc536be07,-0.71875
6506892eed5a6b6d7e4f2936b4ecf262,-0.32470703125
3c15f21694735739fef9d96f33f5b5d4,-0.288818359375
1c070848b697fd6a09325012dd3e48b0,-0.52490234375
7829527012478829f52eb55ba913990b,-0.307373046875
243872b5f99dba145267021a571e6efc,-0.445068359375
c1ebf0a0f2114c744fcf74f5fda208a1,-0.404052734375
25e5645340ae73606a1beceb915d4866,-0.44970703125
c3d546b618a1d0a17b14bcfeb030019f,-0.349609375
ba2dd90d76f7f013b98117a9e8b563ec,-0.2413330078125
ad581a54632d692c936abbd4ad4f44d2,-0.3203125
3a19be2944d2d5a0105843a496f488bb,-0.412353515625
9001e9c5efce7941f383f359151fc79e,-0.46142578125
bafda61ff1956f2cdfae59c4787cefeb,-0.19287109375
5dd6c4b8845f08a5867b4991ff3134b3,-0.580078125
d63c3542fdf8bf88e7c685490ae190fb,-0.314453125
f7b20f50c470cbb83a9715ce617e2143,-0.345703125
0c977412bb16d82e89c3fd80f586cd06,-0.431396484375
844e4e6db40518695551ddbe5231561a,-0.45654296875
265a2d5af7672646909ccce59fdc4145,-0.49072265625
0dc87ad31190c9812047a04facc7493c,-0.68701171875
6793b3241c02cc242a7dda171233753d,-0.3740234375
f7cc4b5b034ffcf116c6b2d2746ef653,-0.54443359375
42dd22a515365dff4a87d19bf75199bb,-0.66015625
d3491a475507e65e6956ff13090f489c,-0.5498046875
5f85b8433abfd3774e8ecca2d6c1802a,-0.323486328125
21f9b63f0bfb5f9f59492c85e3fb066c,-0.14794921875
bafda61ff1956f2cdfae59c4787cefeb,-0.19287109375
e8d56860256664777711967462681d16,-0.369873046875
cbe4ca4df532828d437bf87b6bf24b28,-0.3857421875
d92fc064ff85c61c700c6a313edfd17c,-0.474609375
b212f0718270f812687dd7ff4129fa45,-0.73974609375
d64865136f4f8188d1c1338829536a28,-0.66748046875
70be7c0e0d4aefa31d73ee4ff2c2e5fa,-0.80517578125
d26a89cea1e34abdf9a02bd4028f4788,-0.81689453125
6fb479c1a0ef5ff66c33b18fbc449f09,-0.69970703125
461a5c7a0fe5edbf1d70193b47fb35c0,-0.307861328125
e57c1fe82c5a24dc91976a8d592d12e5,-0.6611328125
71a2c9d7039051dfec1d366c6879bad9,-0.5048828125
8f526f4ce667d593d830646bf0cb771c,-0.60546875
3b8deec44e83bcdeff443c1e986728bf,-0.8076171875
2a87b5b5031bea281feecc6b8ede2eea,-0.56982421875
3e59d42ef1fb16c70992600603e12e9b,-0.68115234375
259011d5d1809cce35bb698c59a03122,-0.5244140625
693f8d306b8ab4d96992ed81c6534422,-0.38330078125
61bcad96490300b7681c235bfe24b425,-0.267578125
04a7761e7e206b4a9777d5a7e4f8f887,-0.17236328125
bafda61ff1956f2cdfae59c4787cefeb,-0.19287109375
d822ab7f12a7607a77174311d61cf628,-0.35107421875
642f896509179809ec98c2281ae122b5,-0.362548828125
e3f98484b0a6f1ddbd59b4eca44aa02a,-0.424560546875
ee7834c87325f82b2d410ccb0e1fda34,-0.62841796875
af63bdcdbe04176fb24267fc1847da3e,-0.5595703125
c6ae81b5b8d61027dd25c94552067704,-0.57373046875
629b092d406925517e16dcd19930e590,-0.50634765625
35e614e17670fd3cad63081068f48a97,-0.4814453125
ee3924e70ca037014e114a97da8b4e14,-0.17431640625
e508e7e84dda318aafaed260afe91e8a,-0.453857421875
312f284a23a9a081d2399161e35155a5,-0.4150390625
fb156cd5d3df6d3f6198ebeb926a5674,-0.491943359375
4582969ba5a2ef3088e2acb3b36929a0,-0.693359375
28e27c979e4ab104ceef45476ff6475a,-0.5341796875
178b993efcd073b4d2cb2dc6c0a07251,-0.44677734375
ed25d312a946f4ef035fa9e6835a6674,-0.310302734375
4b0b743aa5206ba71a098fdf2a281865,-0.213134765625
20f53a402dfbc7c55da2086cf7fcb827,-0.28125
c6ac971f90ffbc32c3a908d2221490ce,-0.1929931640625
db031f39f0808e1bc268885754b42a2b,-0.260498046875
11978372b783e55365a7ba73f30fde9c,-0.253662109375
c98d2a6995a3b8c6a673afe9057a9622,-0.266357421875
813678777c7c96e34e1c5491396f27bf,-0.2164306640625
a89ab8789dc6effbf48cbd2cafd079de,-0.30126953125
ca0e497f1c010bae2828c4d84bc044b6,-0.1982421875
bf96ccb27b132fa03c02fe16104c95b1,-0.2471923828125
bafda61ff1956f2cdfae59c4787cefeb,-0.19287109375
46652cea0c992d6e2f95bba93335780e,-0.2005615234375
8029f08cfb9635edc71043ad49e1d489,-0.2032470703125
6e7e94f0de6f32946be996ec52d2482f,-0.2342529296875
285b1675e235348e962b60ac6581ca31,-0.2490234375
aaa9015d522617736e33796b2ae73d51,-0.357177734375
0913f15011cc7a33c41e868e1a4260b2,-0.66162109375
9602ac86971b0c4294475a84f5d54a16,-0.2249755859375
5d19d8f857c26bbcb6d0cc959d76252b,-0.1107177734375
4901c23246c3d45feba843f0b041c980,-0.260009765625
292544fd244dfaf57e2ddbb9e38fc66c,-0.2027587890625
03811a2d9593fd4b2c850ff464f58788,-0.2086181640625
8279b0457b2b1b524112d2463584a80e,-0.10516357421875
9935fff708287c7851470f40fff57bbf,-0.1588134765625
dcaa7d389e3e3b15fa35d073a0325957,-0.1531982421875
72a6dda22879d16da9691a29cfede701,-0.1297607421875
d1e577ab0a8c0de43469cd19b64f627b,-0.1417236328125
e51f75ee2868dd484d7f6cc03fe0478b,-0.429443359375
5ff1fc9f28e3951a10e55127e5791558,-0.2489013671875
c50ae175417f6ee1f2905e98baaf7ba0,-0.346435546875
0762cd1b5337b42cdfc658b0d9fb947c,-0.2266845703125
7a715c16a4748cb093709da8ee7d7412,-0.26025390625
a5301a5210b89a476f06de79e0561e31,-0.1229248046875
075dc040cfa13a9510ec0d059e50a1bc,-0.26171875
28e3b70c350fa81c722afd9815cbf3e3,-0.22412109375
077fe5ab4a1fd09f4ddb5ffa7d0bc815,-0.276123046875
a2f45a797675028b289dce6e11bc0f42,-0.5224609375
8fd12551b7d4f5a955f5e1963536cc38,-0.2098388671875
bafda61ff1956f2cdfae59c4787cefeb,-0.19287109375
5db37589cba22aef6fb6f6475042107f,-0.306884765625
8f1981f59046ede52022b7717fbefaac,-0.2149658203125
bafda61ff1956f2cdfae59c4787cefeb,-0.19287109375
7ceec01819d5fbdcad2c681040de3528,-0.1202392578125
c7b614bc784e5280868aecdbd3b7c2a1,-0.10723876953125
289723ea0f504be6e3e77b112271a7dc,-0.1527099609375
1e55fc00ddc8a4e65c2f12f0977fd7d0,-0.189208984375
7ad1c049a0af1b5bc392c2e0c3afcc0e,-0.1824951171875
18b642dfb9abbe2d1864139ce6678185,-0.37939453125
25ae3de4ec0b40f14bb143d9c691756b,-0.310791015625
fb6e46a9ec8a1737764393c2ee95f549,-0.391357421875
269ef29ae16988151368b4ef200579a5,-0.384765625
3fd2815e250b03c782713e9ed24d4b95,-0.33154296875
64b08a2079468bbacfc7c4769cd717cc,-0.155517578125
bd7b216408027f7f0e2b0bc010805566,-0.29345703125
125a553d43eafd1b58efd554dbd0980a,-0.2548828125
89035638ec14e7d06d1c126090f6716d,-0.275634765625
92fd23bf787dcf0249b0cee0a3f9c636,-0.46435546875
f96229fc5ae07bb206481cf28fa4b440,-0.273681640625
4d4168d4ba334c08bcf3626c9135b38d,-0.318115234375
4518b2fec538fddc891b55a6b9c1fb85,-0.1702880859375
8130529c75c73bf3fc49445afb387474,-0.145751953125
c96236b29e9a9cb116c95b3af81a062d,-0.13916015625
a3975c5d40be0f27468eb1bd1ec2cecb,-0.137939453125
0c2d7dc16c775b90e8dc0031d8b5d5eb,-0.1441650390625
14605e3caa9f00dc2b8497717750709c,-0.1488037109375
d35cc4da3368d7db71628e2007e8542d,-0.2027587890625
aa1d7f30ea07991509eb964fa8dbf361,-0.17236328125
bafda61ff1956f2cdfae59c4787cefeb,-0.19287109375
29cd6c96fb8cb8e4d7a6930e20ae8500,-0.1416015625
b49392071c867f73ba75a42f65c1c458,-0.1402587890625
c00f178b795ee9ed2fe17a521a1a8db2,-0.1923828125
dc57670c408bd46c5e44002d04bccf90,-0.13720703125
d1148a6de2211552884024ca00f14258,-0.1356201171875
91f1dc5495187f4aa2882b7064929f77,-0.1544189453125
964bdd4b36e05763f790f9a7e4449c45,-0.12939453125
6d59b401f1c48f362e550fee0839ef7b,-0.23779296875
326f58d66a4c41ac7435d1b571f70ad9,-0.2276611328125
8a299141e2f87ce962dad93be703f5f7,-0.1685791015625
084fd3c6cc75942e276157e5fc87e97a,-0.1666259765625
